sep=,
ID,Text,Translation,VoiceActor,Context
150305559142,500 Патронов 7.62х54 ЛПС,,,ModItemBanterDef Stall_762x54LPS_500 Text
625711628464,50 патронов 9х18,,,ModItemBanterDef Stall_9x18 Text
851058546860,Горсть патронов 7.62х39,,,ModItemBanterDef Stall_Random_762WPrandom_Parts Text
328039583231,Горсть патронов 12 калибра,,,ModItemBanterDef Stall_Random_12Gauge Text
803201721899,Type 56 со штыком,,,ModItemBanterDef Stall_Type56_2k Text
886718945352,Автоматический Пистолет Стечкина,,,ModItemBanterDef Stall_APS_Tiny_Diamond Text
968254389377,Патроны 7.62х25мм,,,ModItemBanterDef Stall_Barter_762x25_Knife Text
619128627841,Патроны 7.62x39 ПС (Армейские),,,ModItemBanterDef Stall_Barter_762x39PS Text
620219516865,Ландсбах,,,
442516764606,Шахта «Драхенберг»,,,
323466597390,«Дизельклиника»,,,
854571918784,Станция метро А,,,
308950187945,Лагерь на холме,,,
425893484624,Военный аванпост - Горный,,,
351600997529,Горы,,,
851646053486,Горы,,,
495513640483,Даймонд-Ред,,,
111536912824,Орлиное гнездо,,,
263718848685,Нигде,,,
468290459033,Пещера в саванне,,,
535901703196,Пустоши,,,
982737667772,Горы,,,
826339210077,Вершина скалы,,,
620660665480,Перекресток Дохлых Зверей,,,
760941588357,Пустоши,,,
641955441671,Пустоши,,,
468361198430,Старая бензоколонка,,,
849469414167,Горы,,,
278429472343,Пит-стоп,,,
105841267978,Побережье саванны,,,
776271330418,Чаячий остров,,,
743091327405,Остров Штурмвассер,,,
685901275490,Разлом,,,
861144476559,Штурмвассерский каньон,,,
367207549789,Пещера Халявщика,,,
299254523561,Каменные ступени,,,
282257107633,Оазис,,,
929083374712,Кам-Гран-При,,,
722143668182,Горы,,,
510202168289,Горы,,,
870033354295,Горы,,,
816330931329,Фосс-Нуар,,,
394862111109,Саванна,,,
563315434102,Лагерь браконьеров,,,
547505775524,Саванна,,,
851181592647,Саванна,,,
722597607076,Гдегдегде,,,
160548808448,Хижина в лесу,,,
362300472642,Берег реки в саванне,,,
797984509022,Центр Пантагрюэля,,,
580447225647,Трущобы Пантагрюэля,,,
149503142162,Окраины Пантагрюэля,,,
958129071008,Саванна,,,
535826827958,Саванна,,,
561867464607,Кам-Саван,,,
869149352694,Саванна,,,
179638259190,Кладбище Брокенхилл,,,
588901431087,Иль-Мора,,,
663273681789,Топи,,,
542953130301,Берег реки в джунглях,,,
256134986000,Проклятый лес,,,
464798113837,Укрытие Гиен,,,
514212765118,Проклятый лес,,,
421444477169,Берег в джунглях,,,
697092134355,Берег реки в джунглях,,,
954736904055,Лагерь беженцев,,,
750412214505,Саванна,,,
755793762628,Саванна,,,
746831907861,Побережье саванны,,,
544596907986,Болота,,,
251099843489,Эль Мора,,,
794687208333,Шале-де-ла-Пе,,,
433703198777,Проклятый лес,,,
612776379237,Кам-Шьен-Саваж,,,
278065061283,Берег реки в джунглях,,,
493913960829,Великий лес,,,
884980086575,Саванна,,,
300355091122,Саванна,,,
541857328963,Саванна,,,
242442320813,Ла-Палисад,,,
191576416065,Кот д'Азур,,,
260390996640,Мрачная деревня,,,
402575772484,Вассерграбское месторождение,,,
441551571400,Остров Бьян-Шьен,,,
297761234111,Болота,,,
130230429232,Берег реки в джунглях,,,
651098705600,Великий лес,,,
272495633070,Станция метро В,,,
932397913085,Старые укрепления,,,
798900424828,Бункер,,,
614227246678,Берег реки,,,
647441593762,Флитаунский блошиный рынок,,,
473242751429,Флитаунский район Ла-Буэ,,,
584766347441,Захоронения,,,
404334134277,Джунгли,,,
182607269744,Шахта Мфуму,,,
705677396519,Саванна,,,
741191269749,Перекресток,,,
221818809422,Саванна,,,
504394602813,Побережье саванны,,,
299323377959,Археологические раскопки,,,
788677023307,Грязноводный мост,,,
317461696416,Великий лес,,,
458949895555,Великий лес,,,
460717026135,Подземная лаборатория,,,
280630965085,Великий лес,,,
665104084642,Секретный туннель,,,
626691460597,Болотистый берег,,,
303504379957,Великий лес,,,
524504567636,Дорожный мост,,,
761775516206,Заброшенный особняк,,,
978845165648,Подвал особняка,,,
234271709521,Джунгли,,,
642649418249,Саванна,,,
812039020425,Побережье саванны,,,
844521108189,Форт Ло-Блё,,,
386088113625,Армейский Бункер,,,
549697085851,Бункер FB45-68,,,
141041612699,Жестянка,,,
173542934345,Деревня Эрни,,,
608872900457,Дорога на маяк,,,
701345923840,Дорога к маяку,,,
909162954508,Лечебница в маяке,,,
293068634640,Лагерь надежды,,,
613098814399,Болота,,,
816855262914,Станция метро С,,,
798506381727,Берег реки в джунглях,,,
641120547141,Минное поле,,,
425685949746,Болота,,,
958825928490,Болотные топи,,,
240546278957,Земли мертвых,,,
904326907181,Берег реки в джунглях,,,
737138748415,Великий лес,,,
697926662034,Берег реки в саванне,,,
279103202332,Подземная лаборатория,,,
683335127705,Римвилль,,,
997744145858,Поселение кладоискателей,,,
504402203656,Побережье саванны,,,
149201225676,Изумрудный берег,,,
679436731928,Аванпост контрабандистов,,,
336479618775,Фермы Эрни,,,
348743958741,Дорога в Эрни,,,
555133792190,Дикое место,,,
463695279475,Усадьбы-близнецы,,,
575031690071,Филер,,,
954201546673,Подвал санатория,,,
254047887407,Санаторий,,,
933477819234,Time to leave the perimeter,,,
316148597610,Берег реки,,,
234932279754,Остров Бьян-Шьен,,,
549994988586,Остров Бьян-Шьен,,,
837364987352,Кам-Бьян-Шьен,,,
881042435123,Развалины фабрики,,,
801967378182,Берег джунглей,,,
124799308713,Заброшенный скалистый берег,,,
484479696515,Запасной лагерь Контрабандистов,,,
828240037474,Походный лагерь Легиона,,,
185948484340,Флаговый холм,,,
839602336017,Походный лагерь Легиона,,,
849503984001,Фермы,,,
368904407254,Нет локации,,,
210475281605,Разбойничий форт,,,
995951843740,Underground Tunnel,,,
739270215925,Великий лес,,,
721531935723,Станция метро D,,,
209909493905,Кам-Ла-Барьер,,,
308732960633,Безликий,,,
896730749332,"Укреп ""Центровой""",,,
672915928785,Рыбацкая деревня,,,
767934028449,Заброшенный вход в бункер,,,
362916261613,Бункер партизан,,,
760738486642,Походный Лагерь Легиона,,,
193876396815,Походный лагерь Легиона,,,
890190423953,Походный лагерь Легиона,,,
733530482848,Непроходимая местность,,,
380204237490,База партизан на острове Эрни,,,
540072216084,Фермы,,,
283125335704,Фермы,,,
553366291840,Великий лес,,,
913920875470,Великий лес,,,
649552238374,Старый порт,,,
912355717873,Береговая линия,,,
444373326278,Смотровая площадка,,,
962183556645,Водопад,,,
691002711206,Скалистый берег,,,
671411170358,Зона высадки,,,
733323401700,Фермы,,,
522760622153,Фермы,,,
164902617534,Гдетотам,,,
693132416723,Ферма,,,
108512072925,Фермы,,,
564176759847,Фермы,,,
204825610373,Старое кладбище,,,
603757752539,Wetlands,,,
451163287007,Доки Порт-Какао,,,
708524428129,Порт-Какао,,,
549508021001,Укреп район Какао,,,
465814356471,Филер,,,
429313128588,Филер,,,
218370018046,Великий лес,,,
704031123646,Филер,,,
816624650190,Олд-Даймонд,,,
890849254213,Сектор О15 видел? тоже самое,,,
147018837237,Помойка,,,
308781253074,Пригород Какао,,,
685863743391,Военная база ЮГ,,,
294371204656,Заброшенный Аэродром,,,
250419918305,Камп Де Крокодиль,,,
940784784728,ГдеГдеВезде,,,
357935931244,Лес,,,
813545991003,Подземная лаборатория,,,
305225889431,Великий лес,,,
788666771457,Берег реки в джунглях,,,
958946630257,«Хорошее место»,,,
100373069792,«Хорошее место» (подземелье),,,
888882045986,Exit the Area,,,
845823474288,<DisplayName>,,,ModItemXTemplate SatelliteConflictSquadsAndEnemies RolloverText
229449529062,<color 61 122 153>,,,ModItemXTemplate SatelliteConflictSquadsAndMercs Text
900985004543,<DisplayName>,,,ModItemXTemplate SatelliteConflictSquadsAndMercs RolloverText
214056593531,Боевой дух,,,ModItemXTemplate SquadsAndMercs_old RolloverTitle
405072605817,Боевой дух,,,ModItemXTemplate SquadsAndMercs_old RolloverTitle
965623560296,затычка,,,ModItemXTemplate SquadsAndMercs_old RolloverText
299219879155,Идёт перевязка.,,,ModItemXTemplate SquadsAndMercs_old RolloverText
304252861693,<Description>,,,
733545694003,<DisplayName>,,,
346949314253,Развёртывание не завершено,,,ModItemXTemplate SquadsAndMercs_old RolloverText
224986453949,УПРАВЛЕНИЕ ОТРЯДАМИ,,,ModItemXTemplate PDASquadManagement Text
952760179338,<placeholder>,,,
122343863763,НОВЫЙ ОТРЯД,,,ModItemXTemplate PDASquadManagement Text
259468933010, ,,,ModItemXTemplate PDASquadManagement Text
178664289716,ПЕРЕТАЩ. НАЁМНИКА,,,ModItemXTemplate PDASquadManagement Text
483378573996,<style AimCopyrightTextC>©</style> A.I.M. 2001,,,ModItemXTemplate PDASquadManagement Text
454997674460,Смотреть,,,ModItemXTemplate PDASquadManagement ActionName
544583683405,Закрыть,,,ModItemXTemplate PDASquadManagement ActionName
540628623881,"<em>Мой отец</em> был дураком, но он был моим отцом. Он умер из-за вас, чужеземцы, и теперь я ненавижу вас еще больше. Вы несете с собой боль и разрушение, куда бы ни пришли! Хватит. <em>Легион</em> раздавит вас как гнид - вас и всех, кто с вами сотрудничает!",,Pierre,ModItemConversation Pierre_1 Text  section:Pierre_1 keyword:Greeting3
244461347527,"Я не вижу нашего флага на <em>Флаговом холме</em>. С другой стороны, вы же и не думали его там поднимать, верно? Вы просто хотели сделать из меня дурака. Считаете, что я дурак, да?",,Pierre,ModItemConversation Pierre_1 Text  section:Pierre_1 keyword:Greeting4
655186393434,"Вижу, наш флаг поднят на <em>Флаговом холме</em>. Я почти что хочу впустить вас внутрь - просто чтобы глянуть, что вы станете делать. Но я знаю, что вы не рекруты Легиона. Хотели надуть меня! Считаете, что я дурак, да?",,Pierre,ModItemConversation Pierre_1 Text  section:Pierre_1 keyword:Greeting7
742235156980,RedirectFlag,,,ModItemConversation Pierre_1 KeywordT
556648424716,Yes,,,ModItemConversation Pierre_1 KeywordT
839081096190,"Единственный дурак здесь тот, кто лжет себе о том, какая у него благостная и величественная душа. Случайно не знаешь, кто бы это мог быть?",,Thor,ModItemConversation Pierre_1 Text  section:Pierre_1 keyword:Yes
307998988209,Не знаю. Это ты терроризируешь родную деревню и убиваешь соседей... ты и скажи.,,Raven,ModItemConversation Pierre_1 Text  section:Pierre_1 keyword:Yes
875451970681,"Чую, что вопрос с подвохом, но рискну ответить «да».",,Barry,ModItemConversation Pierre_1 Text  section:Pierre_1 keyword:Yes
662560113846,"Так вот, я не дурак. Иностранным наемникам путь в Легион закрыт. Не пущу. Готовьтесь к смерти!",,Pierre,ModItemConversation Pierre_1 Text  section:Pierre_1 keyword:Yes
144212800631,"Конечно же, нет. Просто исследуем поле возможностей.",,Buns,ModItemConversation Pierre_1 Text  section:Pierre_1 keyword:No
628460176862,"Успокойтесь, мистер. Мы сейчас просто зондируем почву.",,Raider,ModItemConversation Pierre_1 Text  section:Pierre_1 keyword:No
310688238588,"Боже упаси, молодой человек!",,Sidney,ModItemConversation Pierre_1 Text  section:Pierre_1 keyword:No
650531923318,"Да неужели? Будете мне тут врать, что просто гуляли и наслаждались видами?",,Pierre,ModItemConversation Pierre_1 Text  section:Pierre_1 keyword:No
430002284053,No,,,ModItemConversation Pierre_1 KeywordT
927795438681,Пьер начинает вас чуть меньше уважать,,,ModItemConversation Pierre_1 PhraseConditionRolloverText
487871387258,"Не могу сказать, что ты дурак, но вот что ты на взводе - это точно.",,Grunty,ModItemConversation Pierre_1 Text  section:Pierre_1 keyword:No
257615784595,"Babusya всегда говорила: о людях либо хорошо, либо ничего. Так что... э-э... вот...",,Kalyna,ModItemConversation Pierre_1 Text  section:Pierre_1 keyword:No
855718746402,Что такое? Чувство юмора отбило?,,Grizzly,ModItemConversation Pierre_1 Text  section:Pierre_1 keyword:No
104759547084,"Выходит, это ВЫ дураки! И сами такие! А я - солдат Легиона, и для меня это всё вовсе не игрушки.",,Pierre,ModItemConversation Pierre_1 Text  section:Pierre_1 keyword:No
326258162507,We had to try,,,ModItemConversation Pierre_1 KeywordT
115433413866,Пьер начинает вас чуть больше уважать,,,ModItemConversation Pierre_1 PhraseConditionRolloverText
398301950977,"Мне показалось, что афера может выгореть, но, пожалуй, нужно было врать больше.",,Livewire,ModItemConversation Pierre_1 Text  section:Pierre_1 keyword:We had to try
921366285292,"Ну, девчоночка хоть попыталась.",,Fox,ModItemConversation Pierre_1 Text  section:Pierre_1 keyword:We had to try
457690966404,"Оно того стоило. Попытка, как говорится, не пытка.",,Magic,ModItemConversation Pierre_1 Text  section:Pierre_1 keyword:We had to try
426702400312,"Значит, <em>президентских денег</em> хватило только на вас? Ха! И у вас достаточно наглости, чтобы прийти ко мне, в мою крепость? Что ж, яйца у вас есть, этого не отнять.",,Pierre,ModItemConversation Pierre_1 Text  section:Pierre_1 keyword:Greeting10
740040046583,"Это что ли твоя крепость, man? По мне, так она на свалку больше похожа.",,Vicki,ModItemConversation Pierre_1 Text  section:Pierre_1 keyword:Greeting10
409010208973,"Яйца, пушки, патроны, взрывчатка... у нас много чего есть.",,Wolf,ModItemConversation Pierre_1 Text  section:Pierre_1 keyword:Greeting10
505682863026,Исчо у меня есть мускулы. Много мускулов!,,Steroid,ModItemConversation Pierre_1 Text  section:Pierre_1 keyword:Greeting10
755168160891,RedirectMajor,,,ModItemConversation Pierre_1 KeywordT
250462096604,"Мне хочется убить вас прямо здесь, но на первый раз пощажу. Почему - не вашего ума дело. Бегите отсюда, пока ноги целы, и никогда не возвращайтесь.",,Pierre,ModItemConversation Pierre_1 Text  section:Pierre_1 keyword:RedirectMajor
960399101663,"Значит, вы и есть те наемники, о которых так кричал <em>Бастьен</em>. Вы выглядите совсем не так круто, как он описывал. С другой стороны, мы все тут знаем, что он трус и дурак. А вот я - нет.",,Pierre,ModItemConversation Pierre_1 Text  section:Pierre_1 keyword:Greeting8
249046682190,"Выглядеть круто необязательно. Надо выглядеть хорошо и тебе бы, конечно, малёк заняться собой.",,Fox,ModItemConversation Pierre_1 Text  section:Pierre_1 keyword:Greeting8
722714431739,"Ты уж прости, если мы не станем верить тебе на слово.",,Raven,ModItemConversation Pierre_1 Text  section:Pierre_1 keyword:Greeting8
256312461888,Слишком быстро ты вердикты выносишь. Ты еще не видел нас в деле.,,Grizzly,ModItemConversation Pierre_1 Text  section:Pierre_1 keyword:Greeting8
383984896904,"Значит, вы и есть те наемники, о которых говорил <em>Бастьен</em>. Я не впечатлен. И он тоже, хоть он и трус! Но ладно, давайте сделаем вид, что в вас действительно что-то есть.",,Pierre,ModItemConversation Pierre_1 Text  section:Pierre_1 keyword:Greeting9
395385273175,"По правде говоря, ничего там нет.",,MD,ModItemConversation Pierre_1 Text  section:Pierre_1 keyword:Greeting9
512836316734,"О, я люблю, как ты говоришь, делать вид! Подожди, я только достану волшебную палочку и башмачки.",,Kalyna,ModItemConversation Pierre_1 Text  section:Pierre_1 keyword:Greeting9
141034429526,"Часто это слышу, но нет. Прости. Я просто серая мышь.",,Mouse,ModItemConversation Pierre_1 Text  section:Pierre_1 keyword:Greeting9
296924389629,"Так, значит, это из-за вас отряд <em>Бастьена</em> не вернулся с Флагового холма. Мы почтим их память потом. Сейчас нужно разобраться с главным.",,Pierre,ModItemConversation Pierre_1 Text  section:Pierre_1 keyword:Greeting11
782389216479,Не было уже никакого отряда. Мы добили его остатки.,,Grizzly,ModItemConversation Pierre_1 Text  section:Pierre_1 keyword:Greeting11
603334130262,Бастьен не заслуживает медали. В отличие от Долвичей!,,Igor,ModItemConversation Pierre_1 Text  section:Pierre_1 keyword:Greeting11
166147681163,"Нечего там «почитать», уж поверь. Я таких красавчиков много повидал.",,Wolf,ModItemConversation Pierre_1 Text  section:Pierre_1 keyword:Greeting11
182525001377,RedirectDefault,,,ModItemConversation Pierre_1 KeywordT
731171771382,"<em>Le Major</em> учит нас: нужно знать своего врага. Поэтому, прежде чем мы начнем друг в друга палить, у меня к вам один вопрос: зачем вы прибыли в <em>Гран-Шьен</em>?",,Pierre,ModItemConversation Pierre_1 Text  section:Pierre_1 keyword:RedirectDefault
160784594836,Where is the President?,,,ModItemConversation Pierre_1 KeywordT
145367702026,"Если вы ищете его, то вы ошиблись местом. <em>Le Major</em> держит его в своем лагере - почему бы вам не наведаться туда и спросить?",,Pierre,ModItemConversation Pierre_1 Text  section:Pierre_1 keyword:Where is the President?
726224228762,"В России не ты похищаешь президента, а президент - тебя!",,Igor,ModItemConversation Pierre_1 Text  section:Pierre_1 keyword:Where is the President?
819958441690,"Не волнуйся, это у нас следующее по списку.",,Raider,ModItemConversation Pierre_1 Text  section:Pierre_1 keyword:Where is the President?
316923892545,Слишком много работы. Спросить тебя всяко проще.,,Omryn,ModItemConversation Pierre_1 Text  section:Pierre_1 keyword:Where is the President?
612208610322,So this is the Legion?,,,ModItemConversation Pierre_1 KeywordT
881120290314,"Да! Мы - Легион патриотов Гран-Шьен, мы новые защитники этой страны против иноземцев вроде вас.",,Pierre,ModItemConversation Pierre_1 Text  section:Pierre_1 keyword:So this is the Legion?
302347888608,"Крутое имечко у вашей банды, чо.",,Ice,ModItemConversation Pierre_1 Text  section:Pierre_1 keyword:So this is the Legion?
514911998297,А форма у вас есть? Я бы рекомендовал держаться подальше от коричневых рубах и красных нарукавных повязок.,,Grunty,ModItemConversation Pierre_1 Text  section:Pierre_1 keyword:So this is the Legion?
498157476249,"Идея хорошая, но, боюсь, некоторые из ваших соседей крайне против таких методов «защиты».",,Blood,ModItemConversation Pierre_1 Text  section:Pierre_1 keyword:So this is the Legion?
256399752415,Your father is concerned about you,,,ModItemConversation Pierre_1 KeywordT
922199398125,Пьер начинает вас чуть больше уважать,,,ModItemConversation Pierre_1 PhraseConditionRolloverText
308298242231,Заботы моего отца не вашего ума дело!.. Он... с ним все в порядке?,,Pierre,ModItemConversation Pierre_1 Text  section:Pierre_1 keyword:Your father is concerned about you
600525276387,"Он просто очень о тебе беспокоится. Бывают, знаешь, на свете такие отцы.",,Livewire,ModItemConversation Pierre_1 Text  section:Pierre_1 keyword:Your father is concerned about you
467191978974,"С ним все в порядке, но он волнуется о сыне. Ты бы ему позвенел хоть.",,Barry,ModItemConversation Pierre_1 Text  section:Pierre_1 keyword:Your father is concerned about you
333166141128,"Всё хорошо. Но постарайся быть ему сыном получше. Можно, например, не убивать его друзей.",,Buns,ModItemConversation Pierre_1 Text  section:Pierre_1 keyword:Your father is concerned about you
476162344074,"С ним все в порядке, но он уже старый, и время не на его стороне. Бывай с ним почаще.",,DrQ,ModItemConversation Pierre_1 Text  section:Pierre_1 keyword:Your father is concerned about you
129659756011,"Полагаю, с ним гораздо более все в порядке, чем с тобой.",,Gus,ModItemConversation Pierre_1 Text  section:Pierre_1 keyword:Your father is concerned about you
396095040471,"Ну, его показатели в целом в норме. Давление немного повышено... А! Но да, так с ним все в порядке.",,MD,ModItemConversation Pierre_1 Text  section:Pierre_1 keyword:Your father is concerned about you
644784902435,В порядке - насколько это вообще возможно. Наведывался бы ты к нему почаще. Ты ж его единственный сын!,,Scully,ModItemConversation Pierre_1 Text  section:Pierre_1 keyword:Your father is concerned about you
321196383231,"Он в порядке, но душа его жаждет исцеления. Мне кажется, ты мог бы ему в этом помочь.",,Thor,ModItemConversation Pierre_1 Text  section:Pierre_1 keyword:Your father is concerned about you
251150765605,"Да он в поряде, правда. И вообще ему будет лучше, если ты бросишь эту пушку и поможешь ему чинить Эрни.",,Vicki,ModItemConversation Pierre_1 Text  section:Pierre_1 keyword:Your father is concerned about you
352716076155,Your father asked us to spare you,,,ModItemConversation Pierre_1 KeywordT
733836516293,Пьер начинает вас чуть меньше уважать,,,ModItemConversation Pierre_1 PhraseConditionRolloverText
628214674331,Серьезно? Так благородно с вашей стороны! Мне бы стоило избавить вас от хлопот.,,Pierre,ModItemConversation Pierre_1 Text  section:Pierre_1 keyword:Your father asked us to spare you
747092917456,Это не хлопоты. Поколотить тебя - просто разминка перед настоящей тренировкой.,,Steroid,ModItemConversation Pierre_1 Text  section:Pierre_1 keyword:Your father asked us to spare you
391009890359,"Не кипиши, мелочь. Твой старик не просил тебе коленки сохранить.",,Meltdown,ModItemConversation Pierre_1 Text  section:Pierre_1 keyword:Your father asked us to spare you
870476474836,Спасибо. Не люблю хлопоты. Я от них устаю.,,Omryn,ModItemConversation Pierre_1 Text  section:Pierre_1 keyword:Your father asked us to spare you
334425014198,Легион! Внимание! К бою готовьсь!,,Pierre,ModItemConversation Pierre_1 Text  section:Pierre_1 keyword:Your father asked us to spare you
483930736806,Пьер начинает вас больше уважать,,,ModItemConversation Pierre_1 PhraseConditionRolloverText
109484208245,"Неужели? Гм, я вижу, что вы верите в то, что говорите. И это кое-что для меня значит.",,Pierre,ModItemConversation Pierre_1 Text  section:Pierre_1 keyword:We are here to set things right
891483169319,"Мы здесь лишь для того, чтобы навести порядок и помочь одной юной леди найти своего отца.",,Raider,ModItemConversation Pierre_1 Text  section:Pierre_1 keyword:We are here to set things right
962839695195,"Мы здесь, чтобы вернуть одну даму родному отцу.",,Buns,ModItemConversation Pierre_1 Text  section:Pierre_1 keyword:We are here to set things right
653496487522,Рад это слышать! Мы не доставим вам неудобств. Просто хотим найти потерявшегося отца одной милой молодой леди.,,Sidney,ModItemConversation Pierre_1 Text  section:Pierre_1 keyword:We are here to set things right
335625125781,"Ваши стремления, может быть, и благородны, но это мой остров. И вас я сюда не приглашал. Даю вам последний шанс убраться подобру-поздорову.",,Pierre,ModItemConversation Pierre_1 Text  section:Pierre_1 keyword:We are here to set things right
887826897144,We are here to set things right,,,ModItemConversation Pierre_1 KeywordT
313931959615,Пьер начинает вас чуть меньше уважать,,,ModItemConversation Pierre_1 PhraseConditionRolloverText
115395963374,"Да неужели? Только моей стране не хватало банды незваных наемников, которая пытается решить наши проблемы. Убирайтесь отсюда. Пока я не решил ВАШИ проблемы - в самой ультимативной форме из возможных.",,Pierre,ModItemConversation Pierre_1 Text  section:Pierre_1 keyword:We are here to set things right
629539762589,"Крутые слова ты выучил. Давай посмотрим, сможешь ли ты подкрепить их делом.",,Grizzly,ModItemConversation Pierre_1 Text  section:Pierre_1 keyword:We are here to set things right
803620173547,Для протокола: вообще-то мне плевать на «восстановление справедливости».,,Wolf,ModItemConversation Pierre_1 Text  section:Pierre_1 keyword:We are here to set things right
921498755537,"Складно говоришь, однако. Я аж вздремнул на середине.",,Omryn,ModItemConversation Pierre_1 Text  section:Pierre_1 keyword:We are here to set things right
258963698238,We are here to kick your ass,,,ModItemConversation Pierre_1 KeywordT
208081198112,Пьер начинает вас чуть больше уважать,,,ModItemConversation Pierre_1 PhraseConditionRolloverText
591072391496,"Что ж, приступим! Заодно помотрим, на что вы, псы, способны.",,Pierre,ModItemConversation Pierre_1 Text  section:Pierre_1 keyword:We are here to kick your ass
925081064899,"Мне нравится твой положительный настрой, но, мне кажется, тебе следует сосредоточиться на КОНструктивных мыслях вместо ДЕСтруктивных?",,Thor,ModItemConversation Pierre_1 Text  section:Pierre_1 keyword:We are here to kick your ass
565486457373,"Что, прости?! Я тебе не пёс!",,Fox,ModItemConversation Pierre_1 Text  section:Pierre_1 keyword:We are here to kick your ass
300914905417,"Ну вот, чуть что - и сразу обзываться. Ну и молодость пошла, никакого уважения к старшим.",,Barry,ModItemConversation Pierre_1 Text  section:Pierre_1 keyword:We are here to kick your ass
898257817748,We are here to join the Legion,,,ModItemConversation Pierre_1 KeywordT
945615564921,Неправда,,,ModItemConversation Pierre_1 PhraseRolloverText
679158968797,"Вы? Вы хотите стать... легионерами? Ха. Что ж, похоже, вы чуете, откуда ветер дует.",,Pierre,ModItemConversation Pierre_1 Text  section:Pierre_1 keyword:We are here to join the Legion
772317832426,"Именно так! Ты не проиграла, если успела сменить сторону, верно?",,Livewire,ModItemConversation Pierre_1 Text  section:Pierre_1 keyword:We are here to join the Legion
173040026698,Так. Фидель не понял. Теперь мы убиваем Эмму или… или что?,,Fidel,ModItemConversation Pierre_1 Text  section:Pierre_1 keyword:We are here to join the Legion
526034776799,"Ну, я бы предпочла сначала посмотреть соцпакет, но по части выплат я гибкая женщина. Очень гибкая.",,Fox,ModItemConversation Pierre_1 Text  section:Pierre_1 keyword:We are here to join the Legion
157953865870,"Хорошо. Хотите показать, что достойны? Выполните то, что не смогли сделать мои солдаты. Поднимите <em>флаг</em> Легиона на <em>Флаговом холме</em>, и я впущу вас в крепость.",,Pierre,ModItemConversation Pierre_1 Text  section:Pierre_1 keyword:We are here to join the Legion
532557680534,"Как дела, парень? Нравится тебе в лагере?",,Spike,ModItemConversation Pierre_2 Text  section:Pierre_2 keyword:Greeting5
687840174146,Майор! Вы... наемники все это время работали на вас?!,,Pierre,ModItemConversation Pierre_2 Text  section:Pierre_2 keyword:Greeting5
919552159436,Не-а. Мы пришли к соглашению. Скажем так: мы помогаем друг другу подчистить оставшиеся хвосты.,,Spike,ModItemConversation Pierre_2 Text  section:Pierre_2 keyword:Greeting5
729390699599,"Я... я не понимаю. Вы пришли сюда, чтобы издеваться надо мной?",,Pierre,ModItemConversation Pierre_2 Text  section:Pierre_2 keyword:Greeting5
212706256484,"Что вы здесь делаете? Пришли сюда, чтобы издеваться надо мной из-за того, что я ошибался насчет <em>Легиона</em>? Тогда издевайтесь сколько влезет. Но вы ничем не лучше, чем они.",,Pierre,ModItemConversation Pierre_2 Text  section:Pierre_2 keyword:Greeting1
204661593180,"Что вы здесь делаете? Пришли сюда, чтобы издеваться надо мной из-за того, что я ошибся в <em>Легионе</em>?",,Pierre,ModItemConversation Pierre_2 Text  section:Pierre_2 keyword:Greeting2
551938073766,"Вы... и здесь? Я наслышан о ваших поступках, но не ожидал, что вы прибудете в эту богом забытую дыру. Я... вынужден признать, что вы были правы, а я ошибался насчет <em>Легиона</em>.",,Pierre,ModItemConversation Pierre_2 Text  section:Pierre_2 keyword:Greeting3
556880007853,Пьер начинает вас больше уважать,,,ModItemConversation Pierre_2 PhraseConditionRolloverText
935542863031,"Ты помнишь, что я тебе говорил о чести, доблести и благородстве?",,Spike,ModItemConversation Pierre_2 Text  section:Pierre_2 keyword:Actually not
483345115217,"Да, я помню. Слишком хорошо.",,Pierre,ModItemConversation Pierre_2 Text  section:Pierre_2 keyword:Actually not
584135058994,"Спайк, подумай хорошенько, что ты хочешь сейчас сказать.",,Raider,ModItemConversation Pierre_2 Text  section:Pierre_2 keyword:Actually not
910007453979,"Майор Скэллион, сейчас не время для ваших фирменных «шуточек».",,Buns,ModItemConversation Pierre_2 Text  section:Pierre_2 keyword:Actually not
209444188142,"Майор Скэллион, если позволите: я бы предложил следующую вашу фразу дать в примирительном ключе.",,Sidney,ModItemConversation Pierre_2 Text  section:Pierre_2 keyword:Actually not
489933714043,"Что могу сказать... Я вам лапшу на уши вешал. Использовал тебя и остальных парней из Легиона в своих личных целях. Большинство народу в Легионе в любом случае были ворами и убийцами, так что их мне не особо и жалко. Но ты... ты - исключение. Ты заслуживаешь лучшей жизни.",,Spike,ModItemConversation Pierre_2 Text  section:Pierre_2 keyword:Actually not
328051068689,Тогда почему вы отправили меня на прииски? Почему отправили сюда?,,Pierre,ModItemConversation Pierre_2 Text  section:Pierre_2 keyword:Actually not
559653792460,"Потому что я не смог заставить себя убить тебя, но тебя нужно было наказать так, чтоб остальным неповадно было. И я знал, что ты достаточно силен, чтобы выжить. Вот так все просто. Слушай, я не жду, что ты меня простишь, но... Извини. Мне очень жаль.",,Spike,ModItemConversation Pierre_2 Text  section:Pierre_2 keyword:Actually not
922392073809,"Не уверен, что я вам верю, но... я подумаю о том, что вы сказали.",,Pierre,ModItemConversation Pierre_2 Text  section:Pierre_2 keyword:Actually not
368917462272,Actually not,,,ModItemConversation Pierre_2 KeywordT
844073640067,"А сейчас меня хотите использовать вы. Да я лучше сгнию в этой дыре, чем снова позволю кому-то кататься на моей шее «во имя великой цели». Оставьте меня в покое.",,Pierre,ModItemConversation Pierre_2 Text  section:Pierre_2 keyword:They just used you
228510617600,"Будь по-твоему, дубина ты стоеросовая!",,Red,ModItemConversation Pierre_2 Text  section:Pierre_2 keyword:They just used you
289264459421,Ну сиди и загнивай. Мне то что.,,Mouse,ModItemConversation Pierre_2 Text  section:Pierre_2 keyword:They just used you
623408036196,"Не знаю насчет «великих целей», но вот большую веселуху ты точно пропускаешь!",,Wolf,ModItemConversation Pierre_2 Text  section:Pierre_2 keyword:They just used you
576212148587,They just used you,,,ModItemConversation Pierre_2 KeywordT
366785024531,Пьер начинает вас чуть больше уважать,,,ModItemConversation Pierre_2 PhraseConditionRolloverText
370925631429,"Да, именно так. Как я раньше не замечал правды за всеми этими пустыми словами и обещаниями великого будущего? Я был таким дурнем.",,Pierre,ModItemConversation Pierre_2 Text  section:Pierre_2 keyword:They just used you
704795156285,"Это правда, ты очень наивный. Но небезнадежный.",,Livewire,ModItemConversation Pierre_2 Text  section:Pierre_2 keyword:They just used you
382427878561,"Ну, не расстраивайся. Ты юный и очень милый, людям очень просто тобой воспользоваться. Поверь, уж я в этом разбираюсь.",,Fox,ModItemConversation Pierre_2 Text  section:Pierre_2 keyword:They just used you
424980254154,"Да не парься. Лохом каждый может оказаться, даже я. Сечешь?",,Magic,ModItemConversation Pierre_2 Text  section:Pierre_2 keyword:They just used you
738430546132,Karma is a bitch!,,,ModItemConversation Pierre_2 KeywordT
884386300243,Пьер начинает вас меньше уважать,,,ModItemConversation Pierre_2 PhraseConditionRolloverText
725076407162,"Ты помнишь, что я тебе говорил о чести, доблести и благородстве?",,Spike,ModItemConversation Pierre_2 Text  section:Pierre_2 keyword:Karma is a bitch!
444904794822,"Да, я помню. Слишком хорошо.",,Pierre,ModItemConversation Pierre_2 Text  section:Pierre_2 keyword:Karma is a bitch!
576786024509,"И все, что я говорил о священном долге перед родиной?",,Spike,ModItemConversation Pierre_2 Text  section:Pierre_2 keyword:Karma is a bitch!
254526675594,Да?,,Pierre,ModItemConversation Pierre_2 Text  section:Pierre_2 keyword:Karma is a bitch!
745173921514,И о добродетелях Легиона?,,Spike,ModItemConversation Pierre_2 Text  section:Pierre_2 keyword:Karma is a bitch!
687287190028,"Да, помню!",,Pierre,ModItemConversation Pierre_2 Text  section:Pierre_2 keyword:Karma is a bitch!
690879477618,"Так вот, парень, всё это была чушь собачья.",,Spike,ModItemConversation Pierre_2 Text  section:Pierre_2 keyword:Karma is a bitch!
673944996024,...,,Pierre,ModItemConversation Pierre_2 Text  section:Pierre_2 keyword:Karma is a bitch!
574518737993,"Хотите, чтобы я расписался в том, что был дураком? Да, был. Давайте, смейтесь, сколько влезет.",,Pierre,ModItemConversation Pierre_2 Text  section:Pierre_2 keyword:Karma is a bitch!
777897245896,Дубина.,,Meltdown,ModItemConversation Pierre_2 Text  section:Pierre_2 keyword:Karma is a bitch!
878988524489,"Судьба - это водяное колесо под водопадом, но человек может выбирать, кем ему быть - колесом или водой.",,DrQ,ModItemConversation Pierre_2 Text  section:Pierre_2 keyword:Karma is a bitch!
560633958361,"Чтобы воспринимать уроки кармы, ты должен умиротворить свою душу и выровнять чакры.",,Thor,ModItemConversation Pierre_2 Text  section:Pierre_2 keyword:Karma is a bitch!
506157627423,Что вы от меня хотите?,,Pierre,ModItemConversation Pierre_2 Text  section:Pierre_2 keyword:Greeting
159196371816,Да?,,Pierre,ModItemConversation Pierre_2 Text  section:Pierre_2 keyword:Greeting4
670913960132,"ВЫ со мной случились. Le Major не терпит ошибок, и я принял положенное мне наказание. Я его заслужил...",,Pierre,ModItemConversation Pierre_2 Text  section:Pierre_2 keyword:What happened to you?
998829496570,"Хрена с два, Дровишкин. Хороший командир не бросает своих солдат в тюрьму за поражение. Только коммунисты так поступают.",,Gus,ModItemConversation Pierre_2 Text  section:Pierre_2 keyword:What happened to you?
242932209142,Я так не думаю. Только диктаторы бросают своих солдат в тюрьму за поражение.,,Len,ModItemConversation Pierre_2 Text  section:Pierre_2 keyword:What happened to you?
174265082140,"Всегда пожалуйста, дубина.",,Meltdown,ModItemConversation Pierre_2 Text  section:Pierre_2 keyword:What happened to you?
157415276217,"Обращайся, чувак. В любое время.",,Ice,ModItemConversation Pierre_2 Text  section:Pierre_2 keyword:What happened to you?
381470023913,"Но в <em>«Даймонд-Ред»</em> я видел... я видел, как они обращаются с нашими людьми во имя <em>Легиона</em>. Я узнал о рабстве и насилии, я слышал истории и видел, каким людям благоволит Le Major. Людям вроде <em>надсмотрщика Граафа</em>.",,Pierre,ModItemConversation Pierre_2 Text  section:Pierre_2 keyword:What happened to you?
647698836002,What happened to you?,,,ModItemConversation Pierre_2 KeywordT
223774274822,Пьер начинает вас чуть меньше уважать,,,ModItemConversation Pierre_2 PhraseConditionRolloverText
526603521696,"ВЫ со мной случились. И вы же, <em>Майор</em>, наказали меня за то, что я не смог победить тех, к кому вы теперь переметнулись. Какая ирония, не находите? Я-то принял свое наказание. А вы?",,Pierre,ModItemConversation Pierre_2 Text  section:Pierre_2 keyword:What happened to you?
733431113016,"Обо мне, парень, не волнуйся. Когда придет время, я свое огребу по полной. И сомневаюсь, что я отделаюсь такой малостью, как ссылка в <em>«Даймонд-Ред»</em>.",,Spike,ModItemConversation Pierre_2 Text  section:Pierre_2 keyword:What happened to you?
983505512925,"Но в «Даймонд-Ред» я видел... я видел, как вы обращались с нашими людьми во имя <em>Легиона</em>. Я узнал о рабстве и насилии, я слышал истории и видел, каким людям вы благоволите. Людям вроде <em>надсмотрщика Граафа</em>.",,Pierre,ModItemConversation Pierre_2 Text  section:Pierre_2 keyword:What happened to you?
138287654015,"Он свою роль выполнил. Я не мог позволить, чтобы ты сбежал и пришел меня убивать. Ты, я думаю, единственный во всем Легионе, кто смог бы это сделать.",,Spike,ModItemConversation Pierre_2 Text  section:Pierre_2 keyword:What happened to you?
305140808694,"Я... как вы это делаете? От ваших слов я одновременно испытываю и гнев, и гордость.",,Pierre,ModItemConversation Pierre_2 Text  section:Pierre_2 keyword:What happened to you?
621126904860,Что тут сказать? У меня талант.,,Spike,ModItemConversation Pierre_2 Text  section:Pierre_2 keyword:What happened to you?
480173606773,"Скорее уж проклятье, дружище.",,Len,ModItemConversation Pierre_2 Text  section:Pierre_2 keyword:What happened to you?
571053977097,"О да, талант у тебя есть. Талант попадать в неприятности.",,Gus,ModItemConversation Pierre_2 Text  section:Pierre_2 keyword:What happened to you?
308239521331,"Это называется «демагогия», и такой талант не нужен никому.",,Grunty,ModItemConversation Pierre_2 Text  section:Pierre_2 keyword:What happened to you?
828660889164,"Это называется манипуляция. Как камуфляж, только для слов.",,Shadow,ModItemConversation Pierre_2 Text  section:Pierre_2 keyword:What happened to you?
268770720051,So the Legion isn't what you expected?,,,ModItemConversation Pierre_2 KeywordT
667694528109,"Нам было нужно общее дело, возможность послужить своей стране во имя лучшего будущего... По крайней мере, части из нас. А остальным нужен был только повод.",,Pierre,ModItemConversation Pierre_2 Text  section:Pierre_2 keyword:So the Legion isn't what you expected?
421787582824,"Именно так! Всегда знал, что ты умен, парень.",,Spike,ModItemConversation Pierre_2 Text  section:Pierre_2 keyword:So the Legion isn't what you expected?
351035044624,"Оно всегда так. На войну такие люди слетаются, как мухи на говно.",,Len,ModItemConversation Pierre_2 Text  section:Pierre_2 keyword:So the Legion isn't what you expected?
780198116497,"Кому война, а кому мать родна.",,Fauda,ModItemConversation Pierre_2 Text  section:Pierre_2 keyword:So the Legion isn't what you expected?
478525738078,"Всегда проще преумножать зло, нежели добро.",,DrQ,ModItemConversation Pierre_2 Text  section:Pierre_2 keyword:So the Legion isn't what you expected?
355192996073,В конце концов <em>Легион</em> стал просто прикрытием для алчности и жестокости. И для безумия <em>Le Major</em>.,,Pierre,ModItemConversation Pierre_2 Text  section:Pierre_2 keyword:So the Legion isn't what you expected?
185786517265,Я не безумец. Я альтернативно разумен.,,Spike,ModItemConversation Pierre_2 Text  section:Pierre_2 keyword:So the Legion isn't what you expected?
906224439372,We killed Graaf,,,ModItemConversation Pierre_2 KeywordT
638847357261,"Да, я слышал об этом и рад. Жаль, что некоторых людей нельзя убить дважды.",,Pierre,ModItemConversation Pierre_2 Text  section:Pierre_2 keyword:We killed Graaf
829455518738,Это ты прав!,,Meltdown,ModItemConversation Pierre_2 Text  section:Pierre_2 keyword:We killed Graaf
857561951511,Некоторых? Почему только некоторых?,,Fidel,ModItemConversation Pierre_2 Text  section:Pierre_2 keyword:We killed Graaf
826635085918,Да. Фашист должен умереть.,,Ivan,ModItemConversation Pierre_2 Text  section:Pierre_2 keyword:We killed Graaf
191634186969,"На меня не смотри! Я, по слухам, умирал как минимум трижды.",,Spike,ModItemConversation Pierre_2 Text  section:Pierre_2 keyword:We killed Graaf
306271458975,"Единственное, о чем я жалею - что не смог убить его сам. Я пытался. Серьезно... и почти преуспел. Из-за того меня сюда и перевели.",,Pierre,ModItemConversation Pierre_2 Text  section:Pierre_2 keyword:We killed Graaf
403833907579,"Чушь собачья. Я тебя сюда отправил, чтобы не пришлось тебя казнить, когда ты наконец его убьешь. Меня бы не поняли. Сказать по правде, я даже надеялся, что ты сбежишь отсюда и придешь по мою душу.",,Spike,ModItemConversation Pierre_2 Text  section:Pierre_2 keyword:We killed Graaf
217628264504,Но это вам зачем?!,,Pierre,ModItemConversation Pierre_2 Text  section:Pierre_2 keyword:We killed Graaf
200014328549,"Нет-нет, мне жить не надоело. Наоборот, это был бы для меня отличный выход. Мы с тобой инсценировали бы мою смерть, ты бы стал во главе Легиона и делал бы с ним, что хотел. А я бы просто исчез. Только вот эти бравые молодцы из A.I.M. добрались до меня первыми. А какой был план, а.",,Spike,ModItemConversation Pierre_2 Text  section:Pierre_2 keyword:We killed Graaf
431005492312,We hired Graaf to keep him in check,,,ModItemConversation Pierre_2 KeywordT
927395308953,Неправда,,,ModItemConversation Pierre_2 PhraseRolloverText
275301358227,Пьер начинает вас больше уважать,,,ModItemConversation Pierre_2 PhraseConditionRolloverText
700606619707,"О, мы нашли оригинальное решение проблемы с этим мерзавцем Граафом. Мы его наняли! Так мы сможем постоянно за ним приглядывать. Гениально, правда?",,Livewire,ModItemConversation Pierre_2 Text  section:Pierre_2 keyword:We hired Graaf to keep him in check
343731086561,Мы тоже Граафу не верили! Поэтому и наняли - чтобы смотреть за ним. Нельзя же позволять ему шалить?,,Fox,ModItemConversation Pierre_2 Text  section:Pierre_2 keyword:We hired Graaf to keep him in check
507529579794,Грааф теперь работает на нас. Мы заключили сделку. Он не выкидывает никаких фокусов - мы сохраняем ему жизнь.,,Magic,ModItemConversation Pierre_2 Text  section:Pierre_2 keyword:We hired Graaf to keep him in check
392401217872,Ага. Со мной точно так же. Наши друзья - просто таки ловцы заблудших душ. Когда ты станешь одним из нас?,,Spike,ModItemConversation Pierre_2 Text  section:Pierre_2 keyword:We hired Graaf to keep him in check
272983003543,Даже не думайте об этом!,,Pierre,ModItemConversation Pierre_2 Text  section:Pierre_2 keyword:We hired Graaf to keep him in check
925067743087,Вы могли спокойно убить Граафа!,,Pierre,ModItemConversation Pierre_2 Text  section:Pierre_2 keyword:We hired Graaf to keep him in check
750799056907,"И уподобиться ему? Нет уж, спасибо.",,Fox,ModItemConversation Pierre_2 Text  section:Pierre_2 keyword:We hired Graaf to keep him in check
796826177202,"Верно, но тогда нам пришлось бы нанимать кого-то другого, а это значит - череда долгих, утомительных интервью... Тьфу! Кому это нужно?",,Livewire,ModItemConversation Pierre_2 Text  section:Pierre_2 keyword:We hired Graaf to keep him in check
954260307510,"Все еще можем. Посмотрим, как он будет себя вести.",,Magic,ModItemConversation Pierre_2 Text  section:Pierre_2 keyword:We hired Graaf to keep him in check
100102020065,"В любом случае, надеюсь, вы заставите его искупить свои грехи.",,Pierre,ModItemConversation Pierre_2 Text  section:Pierre_2 keyword:We hired Graaf to keep him in check
958476395550,We killed the Major,,,ModItemConversation Pierre_2 KeywordT
809763418118,Это к лучшему. Видели бы вы его раньше... Он был отличным лидером и порядочным человеком.,,Pierre,ModItemConversation Pierre_2 Text  section:Pierre_2 keyword:We killed the Major
911941841332,"Некоторые из нас его давно знали, Деревяшкин. Ты прав, он был хорошим человеком.",,Gus,ModItemConversation Pierre_2 Text  section:Pierre_2 keyword:We killed the Major
346287104546,Я имел честь знать его... до всего этого. Он был хорошим солдатом и другом.,,Len,ModItemConversation Pierre_2 Text  section:Pierre_2 keyword:We killed the Major
642689657672,"Но, судя по всему, он начал гнить изнутри, и эта гниль постепенно превратила его в безумца. Да, мне кажется, в какой-то момент он и сам понял, что его нужно остановить.",,Pierre,ModItemConversation Pierre_2 Text  section:Pierre_2 keyword:We killed the Major
499133323428,Вы это серьезно?,,Pierre,ModItemConversation Pierre_2 Text (angry)  section:Pierre_2 keyword:You can help us make things right
154956675907,"Ты и я, как в старые добрые деньки. Разве может что-то пойти не так?",,Spike,ModItemConversation Pierre_2 Text  section:Pierre_2 keyword:You can help us make things right
927450701284,"Вы позволили им повесить <em>моего отца</em>, а теперь заявляете, что все исправите?",,Pierre,ModItemConversation Pierre_2 Text  section:Pierre_2 keyword:You can help us make things right
892834283965,"Вы наняли <em>Le Major</em>, мерзавца, что забил мне голову ложью...",,Pierre,ModItemConversation Pierre_2 Text  section:Pierre_2 keyword:You can help us make things right
151208596759,"Вы наняли кровопийцу <em>Граафа</em> и позволили ему издеваться над рабочими, лишь бы только выжать из трубки еще немного алмазов...",,Pierre,ModItemConversation Pierre_2 Text  section:Pierre_2 keyword:You can help us make things right
134367460530,...Вы захватили богатства моей страны и отдали их <em>алчным иноземцам</em>...,,Pierre,ModItemConversation Pierre_2 Text  section:Pierre_2 keyword:You can help us make things right
986227696858,"...И теперь хотите, чтобы я поверил, что вы все исправите? Нет, я вам не верю. Лучше я сгнию в этой дыре, чем стану вам помогать.",,Pierre,ModItemConversation Pierre_2 Text  section:Pierre_2 keyword:You can help us make things right
171126126307,"Ты смотри-ка, судья нам нашелся. Ну и черт с тобой!",,Red,ModItemConversation Pierre_2 Text  section:Pierre_2 keyword:You can help us make things right
856860570415,"Правосудие на фронтире сурово, кемосабе.",,Tex,ModItemConversation Pierre_2 Text  section:Pierre_2 keyword:You can help us make things right
209777807778,"Ну, мы никогда и не говорили, что идеальны.",,Shadow,ModItemConversation Pierre_2 Text  section:Pierre_2 keyword:You can help us make things right
507500331619,You can help us make things right,,,ModItemConversation Pierre_2 KeywordT
751467055605,Вы прошли проверку на <em>уважение</em>,,,ModItemConversation Pierre_2 PhraseConditionRolloverText
387607330222,Еще не поздно возместить нанесенный Легионом урон.,,Buns,ModItemConversation Pierre_2 Text  section:Pierre_2 keyword:You can help us make things right
462598276375,"Не хочу казаться излише оптимистичным, но, полагаю, у нас еще есть шанс возместить урон, нанесенный Легионом.",,Sidney,ModItemConversation Pierre_2 Text  section:Pierre_2 keyword:You can help us make things right
452536334743,У нас еще есть шанс восстановить закон и порядок в этой стране.,,Raider,ModItemConversation Pierre_2 Text  section:Pierre_2 keyword:You can help us make things right
125142740845,"Это странно, но... судя по тому, что я о вас слышал, я чувствую, что могу вам доверять.",,Pierre,ModItemConversation Pierre_2 Text  section:Pierre_2 keyword:You can help us make things right
891774866972,"Даже несмотря на то, что вы пощадили этого безумца...",,Pierre,ModItemConversation Pierre_2 Text  section:Pierre_2 keyword:You can help us make things right
348946284732,"Они дали мне второй шанс. Ты только посмотри на меня: полон раскаяния, перерожденный и весь в белом, словно агнец божий!",,Spike,ModItemConversation Pierre_2 Text  section:Pierre_2 keyword:You can help us make things right
129782519903,"Замолчите. Я говорю с les mercenaires. Как я уже сказал, несмотря на то, что вы его не убили, вы совершили и хорошие поступки тоже.",,Pierre,ModItemConversation Pierre_2 Text  section:Pierre_2 keyword:You can help us make things right
179409844417,Вы свергли кровавый режим <em>Le Major</em>...,,Pierre,ModItemConversation Pierre_2 Text  section:Pierre_2 keyword:You can help us make things right
519412989064,Вы убили рабовладельца и убийцу <em>Граафа</em>...,,Pierre,ModItemConversation Pierre_2 Text  section:Pierre_2 keyword:You can help us make things right
455149236934,"Вы убедились, что этот стукач <em>Герман</em> понес заслуженное наказание...",,Pierre,ModItemConversation Pierre_2 Text  section:Pierre_2 keyword:You can help us make things right
744484459850,Вы позаботились о друзьях моего отца в <em>Эрни</em>...,,Pierre,ModItemConversation Pierre_2 Text  section:Pierre_2 keyword:You can help us make things right
318083800791,"Вы добились неслыханного - заставили эту змею <em>Бастьена</em> помогать людям вместо того, чтобы использовать их...",,Pierre,ModItemConversation Pierre_2 Text  section:Pierre_2 keyword:You can help us make things right
243554787031,"...И, самое главное, вас, кажется, действительно волнует судьба нашей страны. В общем... что вы хотите, чтобы я для вас сделал?",,Pierre,ModItemConversation Pierre_2 Text  section:Pierre_2 keyword:You can help us make things right
258733750188,Join us,,,ModItemConversation Pierre_2 KeywordT
340229163981,"И вы хотите... взять меня с собой? Позволить мне стать одним из вас? Это большая честь для меня. Надеюсь, я вас не разочарую.",,Pierre,ModItemConversation Pierre_2 Text  section:Pierre_2 keyword:Join us
381797875732,Уж не знаю насчет чести... Но вот веселья с нами будет много.,,Spike,ModItemConversation Pierre_2 Text  section:Pierre_2 keyword:Join us
753356430598,"Я за тобой слежу, бандит.",,Nails,ModItemConversation Pierre_2 Text  section:Pierre_2 keyword:Join us
983603319960,Поживем - увидим. Вставай в строй.,,Len,ModItemConversation Pierre_2 Text  section:Pierre_2 keyword:Join us
752786285986,"Уверен, что не разочаруешь, пока ты искренне хочешь измениться.",,Raider,ModItemConversation Pierre_2 Text  section:Pierre_2 keyword:Join us
817742945459,"Ага, поглядим. А теперь давай-ка найдем тебе снарягу, Деревяха.",,Gus,ModItemConversation Pierre_2 Text  section:Pierre_2 keyword:Join us
229564125495,"Великолепно! Уверена, все с тобой будет в порядке. Ты только, если вдруг захочешь убивать гражданских, сначала у нас спроси, ага?",,Scope,ModItemConversation Pierre_2 Text  section:Pierre_2 keyword:Join us
842029966234,"Сражайся с честью, и мы тебя примем как родного.",,Fauda,ModItemConversation Pierre_2 Text  section:Pierre_2 keyword:Join us
805940946938,"Уверен, что не разочаруешь. У меня правило только одно: не трогай мою присыпку для ног.",,Grunty,ModItemConversation Pierre_2 Text  section:Pierre_2 keyword:Join us
955896518299,"Я буду за тобой наблюдать. Ты меня видеть не будешь, а я тебя - буду.",,Shadow,ModItemConversation Pierre_2 Text  section:Pierre_2 keyword:Join us
503295640395,"И у меня к вам тоже будет одна просьба: пожалуйста, вы тоже меня не разочаруйте. Будьте благородны до конца.",,Pierre,ModItemConversation Pierre_2 Text  section:Pierre_2 keyword:Join us
314516261496,"Постараюсь не разочаровать тебя, парень. Полагаю, это самое меньшее, чем я могу тебе отплатить. А все эти разговоры про «благородство» я лучше оставлю тебе.",,Spike,ModItemConversation Pierre_2 Text  section:Pierre_2 keyword:Join us
717548727795,Go home,,,ModItemConversation Pierre_2 KeywordT
258536304207,"Да... Это я могу. Я вернусь в <em>Эрни</em> и приложу все силы, чтобы компенсировать нанесенный мною ущерб. Я буду защищать свой народ от таких же дураков, каким я когда-то был.",,Pierre,ModItemConversation Pierre_2 Text  section:Pierre_2 keyword:Go home
551703472366,Он опять смотрит на меня!,,Spike,ModItemConversation Pierre_2 Text  section:Pierre_2 keyword:Go home
800484809741,"Пожалуй, это лучшие новости за долгое время.",,Blood,ModItemConversation Pierre_2 Text  section:Pierre_2 keyword:Go home
623470915074,Передавай привет своему милашке-папе!,,Fox,ModItemConversation Pierre_2 Text  section:Pierre_2 keyword:Go home
327362892653,У меня одухотворение.,,Barry,ModItemConversation Pierre_2 Text  section:Pierre_2 keyword:Go home
496308930670,Веди себя хорошо! И не убивай больше друзей отца!,,Raven,ModItemConversation Pierre_2 Text  section:Pierre_2 keyword:Go home
209539095292,"Твой путь не станет легче, но он принесет тебе богатства, о которых ты не мог даже помышлять.",,DrQ,ModItemConversation Pierre_2 Text  section:Pierre_2 keyword:Go home
877107765188,"Живи четко, бро. Не заставляй нас тебя искать.",,Ice,ModItemConversation Pierre_2 Text  section:Pierre_2 keyword:Go home
170949785343,отправили <em>Пьера</em> защищать Эрни,,,ModItemConversation Pierre_2 SpecialConversationMessage
441695769517,Оставьте меня в покое.,,Pierre,ModItemConversation Pierre_2 Text  section:Pierre_2 keyword:Goodbye
663715701872,Прощайте.,,Pierre,ModItemConversation Pierre_2 Text  section:Pierre_2 keyword:Goodbye
870357128665,"Что ж, наемники, вы это сделали. Вы победили, а я... я потерял все... прости меня, отец...",,Pierre,ModItemConversation Pierre_Defeated Text  section:Pierre_Defeated keyword:Greeting
365175135291,Прекратите огонь! Вы победили. Проиграть сильным воинам не стыдно. Моя жизнь - в ваших руках.,,Pierre,ModItemConversation Pierre_Defeated Text  section:Pierre_Defeated keyword:Greeting4
155315053597,Прекратите огонь! Вы победили. Проиграть благородным противникам не стыдно. Моя жизнь - в ваших руках.,,Pierre,ModItemConversation Pierre_Defeated Text  section:Pierre_Defeated keyword:Greeting2
986014151108,Where is the President being kept?,,,ModItemConversation Pierre_Defeated KeywordT
161189169106,<em>Le Major</em> держит его в своем лагере. Даже не помышляйте его спасать: на материке нет другой силы кроме Легиона и нет Бога кроме Майора.,,Pierre,ModItemConversation Pierre_Defeated Text  section:Pierre_Defeated keyword:Where is the President being kept?
854991139197,"Свет Господень сияет везде, даже в той пахучей дыре, в которой прячется Майор.",,Barry,ModItemConversation Pierre_Defeated Text  section:Pierre_Defeated keyword:Where is the President being kept?
162814770959,"О, звучит как проклятые земли! Когда выступаем?",,Kalyna,ModItemConversation Pierre_Defeated Text  section:Pierre_Defeated keyword:Where is the President being kept?
887860763831,Тогда я возьму ружье на медведя.,,Grizzly,ModItemConversation Pierre_Defeated Text  section:Pierre_Defeated keyword:Where is the President being kept?
683298590649,"Я покину этот проклятый остров. Я должен доложиться <em>Майору</em>, а что будет потом... я не знаю. Моя жизнь принадлежит <em>Легиону</em>.",,Pierre,ModItemConversation Pierre_Defeated Text  section:Pierre_Defeated keyword:What will you do if we let you go?
473032573507,"Нет, твоя жизнь принадлежит тебе. Раскрой свой потенциал! Не бойся успеха!",,Thor,ModItemConversation Pierre_Defeated Text  section:Pierre_Defeated keyword:What will you do if we let you go?
882728187539,"Честно? Считаю, ты способный. Так и вижу — создаёшь тур-агентство, экскурсии там водишь.",,Mouse,ModItemConversation Pierre_Defeated Text  section:Pierre_Defeated keyword:What will you do if we let you go?
655018451953,"Если честно, я считаю, что этот ваш Легион себя изжил. Пора про него забыть и двигаться дальше.",,Livewire,ModItemConversation Pierre_Defeated Text  section:Pierre_Defeated keyword:What will you do if we let you go?
622656618097,What will you do if we let you go?,,,ModItemConversation Pierre_Defeated KeywordT
602965250217,"Хоть вы меня и победили, но моя жизнь принадлежит <em>Легиону</em>. Не стану лгать: я доложу о вас <em>Майору</em>, и он, скорее всего, прикажет мне выследить вас и уничтожить. Если вы этого не хотите... вы знаете, что делать.",,Pierre,ModItemConversation Pierre_Defeated Text  section:Pierre_Defeated keyword:What will you do if we let you go?
190817616609,"Чтобы еще какой-то молокосос поучал, как мне мою работу делать! Я могу убить тебя, когда захочу.",,Meltdown,ModItemConversation Pierre_Defeated Text  section:Pierre_Defeated keyword:What will you do if we let you go?
498520092366,"Не ты охотишься на Волка, парень. А Волк на тебя. Когда волк на тебя смотрит — это значит, что он тебя видит. Ну ты понял, думаю.",,Wolf,ModItemConversation Pierre_Defeated Text  section:Pierre_Defeated keyword:What will you do if we let you go?
836554835931,"Лучше на зайца или олешка, однако. Похлебка из них вкуснее.",,Omryn,ModItemConversation Pierre_Defeated Text  section:Pierre_Defeated keyword:What will you do if we let you go?
184964133779,"Это не то чтобы большая тайна, но от меня вы ее не узнаете. Убивайте меня, если хотите... Но я не предатель, как <em>Герман</em>.",,Pierre,ModItemConversation Pierre_Defeated Text  section:Pierre_Defeated keyword:Where do we find the Major?
512207376993,"Не хочу показаться занудой, но... вообще-то вы сдали свою родную деревню Легиону, так что вы вполне себе как он.",,MD,ModItemConversation Pierre_Defeated Text  section:Pierre_Defeated keyword:Where do we find the Major?
433066313053,Ага. Ты просто привел к себе домой банду вооруженных боевиков. Совершенно другое дело.,,Raven,ModItemConversation Pierre_Defeated Text  section:Pierre_Defeated keyword:Where do we find the Major?
650786714079,"Не, чувак, ты не как Герман. Ты пришел на свой район с пушками и бандитами. Ты ГОРАЗДО хуже Германа.",,Ice,ModItemConversation Pierre_Defeated Text  section:Pierre_Defeated keyword:Where do we find the Major?
611312162675,"Это не то чтобы большая тайна, но от меня вы ее не узнаете. Убивайте меня, если хотите... Но я не предатель.",,Pierre,ModItemConversation Pierre_Defeated Text  section:Pierre_Defeated keyword:Where do we find the Major?
271750334678,А если я пну тебя в грызло? Пару раз? Ну или пару десятков раз.,,Meltdown,ModItemConversation Pierre_Defeated Text  section:Pierre_Defeated keyword:Where do we find the Major?
438497055015,"Фиделю нравится. Фидель может убивать его, да? М?",,Fidel,ModItemConversation Pierre_Defeated Text  section:Pierre_Defeated keyword:Where do we find the Major?
440134473128,Никаких проблем.,,Igor,ModItemConversation Pierre_Defeated Text  section:Pierre_Defeated keyword:Where do we find the Major?
993367435241,Where do we find the Major?,,,ModItemConversation Pierre_Defeated KeywordT
925624949011,Вы прошли проверку на <em>уважение</em>,,,ModItemConversation Pierre_Defeated PhraseConditionRolloverText
116550078766,"Это не особая тайна, к тому же вы достойные противники. Le Major будет рад встретить вас в битве. Его форт - в <em>Орлином гнезде</em>, в горах.",,Pierre,ModItemConversation Pierre_Defeated Text  section:Pierre_Defeated keyword:Where do we find the Major?
703590059364,Его рожа будет рада встретить мой кулак. Прям как твоя.,,Meltdown,ModItemConversation Pierre_Defeated Text  section:Pierre_Defeated keyword:Where do we find the Major?
453710864793,"Ууу, это далеко. Надо побольше жратвы с собой взять.",,Omryn,ModItemConversation Pierre_Defeated Text  section:Pierre_Defeated keyword:Where do we find the Major?
410425596923,Отлично! Так я и провел молодость - взрывая форты в горах.,,Red,ModItemConversation Pierre_Defeated Text  section:Pierre_Defeated keyword:Where do we find the Major?
968781949182,Это может иметь крупные последствия!,,,ModItemConversation Pierre_Defeated PhraseRolloverText
553424692545,"Да. Я отправлюсь к своим родителям. А вы? Надеюсь, вы убьете всех гнилых, лживых, никчемных обитателей этой богом забытой страны.",,Pierre,ModItemConversation Pierre_Defeated Text  section:Pierre_Defeated keyword:Time to die
181019949298,Спасибо! Фидель постарается!,,Fidel,ModItemConversation Pierre_Defeated Text  section:Pierre_Defeated keyword:Time to die
856797015118,"Это разумеется. Жаль только, ты этого не увидишь, дубина.",,Meltdown,ModItemConversation Pierre_Defeated Text  section:Pierre_Defeated keyword:Time to die
664431506531,"Ты - позор своего народа, шайтан тебя побери!",,Fauda,ModItemConversation Pierre_Defeated Text  section:Pierre_Defeated keyword:Time to die
149721213565,Time to die,,,ModItemConversation Pierre_Defeated KeywordT
445294838707,"Понимаю. <em>Le Major</em> учит, что нельзя давать пощады поверженному врагу. Давайте. Я готов!",,Pierre,ModItemConversation Pierre_Defeated Text  section:Pierre_Defeated keyword:Time to die
591434759042,Фидель еще больше готов!,,Fidel,ModItemConversation Pierre_Defeated Text  section:Pierre_Defeated keyword:Time to die
236155514048,Сколько драмы. Просто умри.,,Meltdown,ModItemConversation Pierre_Defeated Text  section:Pierre_Defeated keyword:Time to die
443219304486,Да смилуется Господь над твоей душой.,,Barry,ModItemConversation Pierre_Defeated Text  section:Pierre_Defeated keyword:Time to die
871788700271,казнили <em>Пьера</em>,,,ModItemConversation Pierre_Defeated SpecialConversationMessage
972303600884,Это может иметь крупные последствия!,,,ModItemConversation Pierre_Defeated PhraseRolloverText
710759065186,Что? Пощада? Поверженному врагу?.. Я... спасибо вам... наверное.,,Pierre,ModItemConversation Pierre_Defeated Text  section:Pierre_Defeated keyword:You may go
608283380098,Кто такой «пощада»? Зачем отпускать? Он сказал можно забрать его жизнь!,,Fidel,ModItemConversation Pierre_Defeated Text  section:Pierre_Defeated keyword:You may go
732243758274,Запомни: мы - не ваш идиотский Легион.,,Raven,ModItemConversation Pierre_Defeated Text  section:Pierre_Defeated keyword:You may go
968013272003,"Давай, беги отседа, иначе еще получишь.",,Steroid,ModItemConversation Pierre_Defeated Text  section:Pierre_Defeated keyword:You may go
918566160071,Все заслуживают второй шанс. Иди. И пусть сегодня станет первым днем твоей новой жизни!,,Thor,ModItemConversation Pierre_Defeated Text  section:Pierre_Defeated keyword:You may go
170287929525,"Возможно, мы еще встретимся. Но не могу обещать не сражаться с вами, когда это время наступит.",,Pierre,ModItemConversation Pierre_Defeated Text  section:Pierre_Defeated keyword:You may go
238564867788,"В любое время, дубина.",,Meltdown,ModItemConversation Pierre_Defeated Text  section:Pierre_Defeated keyword:You may go
395878046670,"Мы превзошли тебя, и превзойдём снова.",,Buns,ModItemConversation Pierre_Defeated Text  section:Pierre_Defeated keyword:You may go
186400032612,"В следующий раз старайся чуть лучше, ага? Я почти не вспотел. Хочешь жить — умей жить.",,Wolf,ModItemConversation Pierre_Defeated Text  section:Pierre_Defeated keyword:You may go
177981455531,"Oh la la! Не стреляйте! Я просто невинный прохожий, гражданский! Услышал выстрелы на холме, пошел посмотреть и увидел, как <em>Легиону</em> надрали задницы.",,LegionRaider_Jose,ModItemConversation Jose_1 Text  section:Jose_1 keyword:Greeting
934603064041,"Ага, ведь невинный гражданский как раз так бы и поступил.",,Raven,ModItemConversation Jose_1 Text  section:Jose_1 keyword:Greeting
981381740319,"Что ж, дело ясное. На драку лучше смотреть, чем в ней участвовать.",,Omryn,ModItemConversation Jose_1 Text  section:Jose_1 keyword:Greeting
564648221278,"Хочу тебе сказать, что я тебе на сто процентов верю, но, если честно, вряд ли поверит кто-то еще.",,Livewire,ModItemConversation Jose_1 Text  section:Jose_1 keyword:Greeting
214036121306,"Но я не с ними! Я просто... эм-м... искал потерянные ценности на пляже. Да, вот так я обеспечиваю свою <em>семью</em>!",,LegionRaider_Jose,ModItemConversation Jose_1 Text  section:Jose_1 keyword:Greeting
148546070726,Don't worry,,,ModItemConversation Jose_1 KeywordT
635727490710,"Спокойно, мистер. Мы не стреляем в гражданских... как правило.",,Raven,ModItemConversation Jose_1 Text  section:Jose_1 keyword:Don't worry
126318722694,Все в порядке. Мы не стреляем в гражданских... как правило.,,Buns,ModItemConversation Jose_1 Text  section:Jose_1 keyword:Don't worry
774211252033,"О, ну, в гражданских мы не стреляем! То есть, иногда стреляем. Я стреляю. Но только случайно. Специально - никогда!",,MD,ModItemConversation Jose_1 Text  section:Jose_1 keyword:Don't worry
720507828662,"Спасибо большое! Может... тогда я просто пойду своей дорогой, а?",,LegionRaider_Jose,ModItemConversation Jose_1 Text  section:Jose_1 keyword:Don't worry
240336019316,Civilian? Oh really?,,,ModItemConversation Jose_1 KeywordT
227943237719,"Ага, а я тогда сраная зубная фея.",,Meltdown,ModItemConversation Jose_1 Text  section:Jose_1 keyword:Civilian? Oh really?
294244076370,"Весьма неплохо вооруженный гражданский, я вижу.",,Raider,ModItemConversation Jose_1 Text  section:Jose_1 keyword:Civilian? Oh really?
588034929881,"А пушка у тебя, значит, белок стрелять?",,Grizzly,ModItemConversation Jose_1 Text  section:Jose_1 keyword:Civilian? Oh really?
755919150765,"А, вы про мое оружие, да? Это просто... хе-хе-хе... это просто для самозащиты, босс. На острове наступили опасные времена.",,LegionRaider_Jose,ModItemConversation Jose_1 Text  section:Jose_1 keyword:Civilian? Oh really?
534366002207,Why not just shoot you,,,ModItemConversation Jose_1 KeywordT
594818594730,"Вот, как Фидель всегда говорит: не бывает случайный прохожих. Когда стреляют, ты либо проходишь — прячешься, либо тут стреляешь. Ай-йа!",,Fidel,ModItemConversation Jose_1 Text  section:Jose_1 keyword:Why not just shoot you
112995705878,"Не дури мне голову, парень. Последнему кретину, который пытался это сделать, я коленки прострелила.",,Meltdown,ModItemConversation Jose_1 Text  section:Jose_1 keyword:Why not just shoot you
631597366042,"Невинные прохожие — всего лишь те, кто не успел в меня шмальнуть пока.",,Nails,ModItemConversation Jose_1 Text  section:Jose_1 keyword:Why not just shoot you
837926788822,"Пожалуйста, босс, я... я не хочу проблем! У меня <em>семья</em>. Вы же не станете убивать семейного человека?",,LegionRaider_Jose,ModItemConversation Jose_1 Text  section:Jose_1 keyword:Why not just shoot you
301882344056,"Кстати, это точно! Надо позвать семью — пусть посмотрят, а.",,Fidel,ModItemConversation Jose_1 Text  section:Jose_1 keyword:Why not just shoot you
717490531891,"Зависит от того, насколько я раздражена. И, чтоб ты знал, меня с утра запор мучает.",,Meltdown,ModItemConversation Jose_1 Text  section:Jose_1 keyword:Why not just shoot you
197496099895,"Чёрт, да у всех есть семья. Мне вообще какое дело.",,Nails,ModItemConversation Jose_1 Text  section:Jose_1 keyword:Why not just shoot you
428534945433,"Tell us about that ""Legion""",,,ModItemConversation Jose_1 KeywordT
964208183887,"Ну, это Легион патриотов Гран-Шьена! Настоящие бандиты. Думаю, кто-то из них решил похитить эту <em>Эмму</em>, президентскую дочку, но, похоже, ничего не вышло.",,LegionRaider_Jose,"ModItemConversation Jose_1 Text  section:Jose_1 keyword:Tell us about that ""Legion"""
323700809045,What do you know about Emma?,,,ModItemConversation Jose_1 KeywordT
140695646710,"Я ничего не знаю, босс! Просто слышал, что девчонка <em>Майору</em> понадобилась. Наверное, в комплект к <em>папаше</em>, хе-хе-хе.",,LegionRaider_Jose,ModItemConversation Jose_1 Text  section:Jose_1 keyword:What do you know about Emma?
206424046193,"Чувака похитили, а ты про его дочку говоришь. Прояви побольше уважения.",,Ice,ModItemConversation Jose_1 Text  section:Jose_1 keyword:What do you know about Emma?
865713424221,"По тебе прямо видно, как ты из-за этого расстраиваешься.",,Raven,ModItemConversation Jose_1 Text  section:Jose_1 keyword:What do you know about Emma?
628310807167,Да что с тобой в общем?! Где сострадание?,,Barry,ModItemConversation Jose_1 Text  section:Jose_1 keyword:What do you know about Emma?
861880871058,"Прости, босс. Кажись, выронил где-то.",,LegionRaider_Jose,ModItemConversation Jose_1 Text  section:Jose_1 keyword:What do you know about Emma?
107928525214,"Ну, это командир <em>Легиона</em>, конечно. Похоже, никто его толком не знает. Говорят, он командует из секретной базы где-то в <em>горах</em>...",,LegionRaider_Jose,ModItemConversation Jose_1 Text  section:Jose_1 keyword:Who's the Major?
803956718064,"Да, похоже, забрарся он со своей бандой так, что не выкуришь. Как же мы туда попадем?",,Tex,ModItemConversation Jose_1 Text  section:Jose_1 keyword:Who's the Major?
397572941722,"Ты можешь подробнее объяснить? Я сам горец, так что знаю, что горы разные бывают.",,Red,ModItemConversation Jose_1 Text  section:Jose_1 keyword:Who's the Major?
935266069317,Ух! Обожаю секреты! Расскажешь мне? Я — мим. Сам понимаешь — я ни звука.,,Mouse,ModItemConversation Jose_1 Text  section:Jose_1 keyword:Who's the Major?
961613359310,"Я точно не знаю, где это место... Если бы я знал, то это бы не было секретом, верно?",,LegionRaider_Jose,ModItemConversation Jose_1 Text  section:Jose_1 keyword:Who's the Major?
134661127794,Who's the Major?,,,ModItemConversation Jose_1 KeywordT
374686359258,"Ну, это командир <em>Легиона</em>, конечно. Похоже, никто его толком не знает. Очень загадочный человек. И очень опасный. Можно, я пойду? Пожалуйста.",,LegionRaider_Jose,ModItemConversation Jose_1 Text  section:Jose_1 keyword:Who's the Major?
786851655348,Emma's father - you mean the President?,,,ModItemConversation Jose_1 KeywordT
252734673052,"А ведь похоже на то. Кажется, я что-то об этом слышал. Но я ничего не знаю! Я во все это лезть не хочу, ага? Можно, я просто вернусь к своей <em>семье?</em>",,LegionRaider_Jose,ModItemConversation Jose_1 Text  section:Jose_1 keyword:Emma's father - you mean the President?
974953304222,"Ты многовато знаешь для того, кто не хочет в это лезть, тебе не кажется?",,Raider,ModItemConversation Jose_1 Text  section:Jose_1 keyword:Emma's father - you mean the President?
343605753409,"Не понимаю, о чем ты, босс.",,LegionRaider_Jose,ModItemConversation Jose_1 Text  section:Jose_1 keyword:Emma's father - you mean the President?
627309243002,"Да ты, мужик, скользкий, как палец в жопе.",,Meltdown,ModItemConversation Jose_1 Text  section:Jose_1 keyword:Emma's father - you mean the President?
335222742303,"Что-то здесь воняет, и я не о своих подмышках.",,Grizzly,ModItemConversation Jose_1 Text  section:Jose_1 keyword:Emma's father - you mean the President?
713820738802,So you have a family?,,,ModItemConversation Jose_1 KeywordT
294739172012,"Да-да, босс. Большая семья в <em>Жестянке</em>! Мы так называем район к востоку от деревни. Не самое хорошее место. Мои ребятки даже в <em>футбол</em> поиграть не могут, не наткнувшись на старое военное снаряжение, хе-хе.",,LegionRaider_Jose,ModItemConversation Jose_1 Text  section:Jose_1 keyword:So you have a family?
809212341827,Семья важнее всего. Долвичи это понимают.,,Igor,ModItemConversation Jose_1 Text  section:Jose_1 keyword:So you have a family?
428450856055,Старое военное снаряжение? Стоит проверить.,,Wolf,ModItemConversation Jose_1 Text  section:Jose_1 keyword:So you have a family?
375929023599,"Они зависят от меня, понимаете? Если я не принесу еды, им есть будет нечего! Бедная моя семья...",,LegionRaider_Jose,ModItemConversation Jose_1 Text  section:Jose_1 keyword:So you have a family?
699951652390,Is this a soccer shirt?,,,ModItemConversation Jose_1 KeywordT
350524679233,"Oui! «Шьенские дикари» - лучшая команда в Гран-Шьене! А вот сувенирка у них отстой. Я попросил с номером 13, а мне напечатали 31...",,LegionRaider_Jose,ModItemConversation Jose_1 Text  section:Jose_1 keyword:Is this a soccer shirt?
560655426421,You're with the Legion!,,,ModItemConversation Jose_1 KeywordT
539590466353,"Нет-нет-нет! Это неправда! Не стреляй, босс! То есть... может быть, в прошлом у меня и были какие-то дела с Легионом, но у кого их не было? Это маленький остров.",,LegionRaider_Jose,ModItemConversation Jose_1 Text  section:Jose_1 keyword:You’re with the Legion!
621057787057,"Тем не менее, я почему-то уверена, что ты с Легионом… э… «в семье».",,Buns,ModItemConversation Jose_1 Text  section:Jose_1 keyword:You’re with the Legion!
505683499593,На таком маленьком острове трудно скрыть свою истинную личность.,,DrQ,ModItemConversation Jose_1 Text  section:Jose_1 keyword:You’re with the Legion!
565765933356,"Ты прячешься от себя самого, мой друг. Позволь правде тебя освободить.",,Thor,ModItemConversation Jose_1 Text  section:Jose_1 keyword:You’re with the Legion!
268494219542,"Слушайте, просто отпустите меня к семье, и я... я вам отдам <em>алмазы</em> из секретного тайника, клянусь!",,LegionRaider_Jose,ModItemConversation Jose_1 Text  section:Jose_1 keyword:You’re with the Legion!
421463678968,Ух! Давно я никого не убивал! Рука чешется.,,Fidel,ModItemConversation Jose_1 Text  section:Jose_1 keyword:Hands up!
737188717279,У меня курок на взводе и палец ужасно чешется. Сечешь?,,Meltdown,ModItemConversation Jose_1 Text  section:Jose_1 keyword:Hands up!
163893585175,"Мне ужасно интересно, как ты будешь выглядеть мертвым.",,Nails,ModItemConversation Jose_1 Text  section:Jose_1 keyword:Hands up!
126193699971,"Нет, босс! Не стреляй, пожалуйста! Слушайте, просто отпустите меня к семье, и я... я вам отдам <em>алмазы</em> из секретного тайника, клянусь!",,LegionRaider_Jose,ModItemConversation Jose_1 Text  section:Jose_1 keyword:Hands up!
904309806327,"Нет-нет, не нужно насилия, босс! Я не сделал ничего плохого! Смотрите, я сотрудничаю!",,LegionRaider_Jose,ModItemConversation Jose_1 Text  section:Jose_1 keyword:Hands up!
967728070126,Hand over the diamonds,,,ModItemConversation Jose_1 KeywordT
773771104694,Это может иметь крупные последствия!,,,ModItemConversation Jose_1 PhraseRolloverText
938617713641,"Bien sur! Вот, возьмите, пожалуйста. Я их нашел на пляже, клянусь... Забирайте, они ваши. Я... я ведь могу идти? Вы ведь не станете стрелять в спину?",,LegionRaider_Jose,ModItemConversation Jose_1 Text  section:Jose_1 keyword:Hand over the diamonds
507624499391,Нет. Фидель любит целиться в живот. Так больше крика. М?,,Fidel,ModItemConversation Jose_1 Text  section:Jose_1 keyword:Hand over the diamonds
617019210759,Я стреляю в людей только за деньги... и за еду.,,Omryn,ModItemConversation Jose_1 Text  section:Jose_1 keyword:Hand over the diamonds
364026078742,"Сдавай свои карманные деньги и беги, малявка!",,Steroid,ModItemConversation Jose_1 Text  section:Jose_1 keyword:Hand over the diamonds
358543447833,"Жизнь полна загадок, чел. Только одним путем можно узнать.",,Vicki,ModItemConversation Jose_1 Text  section:Jose_1 keyword:Hand over the diamonds
230534807131,Это может иметь крупные последствия!,,,ModItemConversation Jose_1 PhraseRolloverText
462195193817,Merde!,,LegionRaider_Jose,ModItemConversation Jose_1 Text  section:Jose_1 keyword:Die!
219498159041,Хе-хе-хе... Плохие новости для тебя. Хорошие для Фиделя!,,Fidel,ModItemConversation Jose_1 Text Laughing as if he just figured it's a great idea  section:Jose_1 keyword:Die!
257855744152,"Ну, сейчас шерсть полетит клочьями!",,Meltdown,ModItemConversation Jose_1 Text  section:Jose_1 keyword:Die!
725537503858,You may go,,,ModItemConversation Pierre_Defeated KeywordT
945969342573,Это может иметь крупные последствия!,,,ModItemConversation Jose_1 PhraseRolloverText
696618160649,"Спасибо, босс! Я знал, что вы добрые и вежливые люди! Я ухожу. Пожалуйста... пожалуйста, не стреляйте мне в спину.",,LegionRaider_Jose,ModItemConversation Jose_1 Text  section:Jose_1 keyword:You may go
233577286338,Нет. Фидель любит целиться в живот. Так больше крика.,,Fidel,ModItemConversation Jose_1 Text  section:Jose_1 keyword:You may go
867384693378,Я подумаю над этим.,,Meltdown,ModItemConversation Jose_1 Text  section:Jose_1 keyword:You may go
325030565636,Это может иметь крупные последствия!,,,ModItemConversation Jose_1 PhraseRolloverText
430373932141,"Благодарю за любезное разрешение продолжить путь. Спасибо! Если в своих походах вы вдруг окажетесь в <em>Жестянке</em>, приглашаю в гости к нашей семье. Мы вам окажем прием, которого вы заслуживаете. Вы его навсегда запомните, обещаю!",,LegionRaider_Jose,ModItemConversation Jose_1 Text  section:Jose_1 keyword:Goodbye
735500021250,"Эм… Показалось или, хи-хикс, звучит, как угроза?",,Mouse,ModItemConversation Jose_1 Text  section:Jose_1 keyword:Goodbye
714964496630,Сформулировать можно было бы и получше.,,Wolf,ModItemConversation Jose_1 Text  section:Jose_1 keyword:Goodbye
641272850679,"Давали бы мне по монетке за такие обещания, я бы купила остров.",,Fox,ModItemConversation Jose_1 Text  section:Jose_1 keyword:Goodbye
226307279156,Это может иметь крупные последствия!,,,ModItemConversation Jose_1 PhraseRolloverText
408447178916,"Спасибо, что пощадил меня, босс! Да хранят вас небеса! Я немедленно убираюсь с ваших глаз долой! Спасибо! Хорошего дня! Au revoir!",,LegionRaider_Jose,ModItemConversation Jose_1 Text  section:Jose_1 keyword:Goodbye
581934187146,"Но зачем отпускать? Фидель не понимает. А! Может, потом его пристрелим? М?",,Fidel,ModItemConversation Jose_1 Text  section:Jose_1 keyword:Goodbye
844497991077,"Eh bien! Это же мои друзья с пляжа! А я как раз только что о вас рассказывал, правда?",,LegionRaider_Jose,ModItemConversation Jose_2 Text  section:Jose_2 keyword:Greeting
423976624352,C'est vrai.,,LegionRaider,ModItemConversation Jose_2 Text  section:Jose_2 keyword:Greeting
604231757423,"Вы ведь пришли познакомиться с моей большой семьей, да?",,LegionRaider_Jose,ModItemConversation Jose_2 Text  section:Jose_2 keyword:Greeting
924695461017,"Да, большая семья. Много ртов.",,LegionRaider,ModItemConversation Jose_2 Text  section:Jose_2 keyword:Greeting
254578467078,"Верно, верно! Но я не сомневаюсь, что наши друзья готовы заплатить за наше <em>гостеприимство</em>. В конце концов, они встречались с маленькой мисс <em>Эммой</em> и ее богатой подругой. Вам ведь наверняка дали денег, да? Нельзя думать только о себе и позволять моей бедной семье голодать!",,LegionRaider_Jose,ModItemConversation Jose_2 Text  section:Jose_2 keyword:Greeting
933419927959,Гостеприимством желудок не набьешь. Выкладывайте деньги... живо.,,LegionRaider,ModItemConversation Jose_2 Text  section:Jose_2 keyword:Greeting
730470133077,"Eh bien! Это же мои друзья с пляжа! А я как раз только что о вас рассказывал, правда?",,LegionRaider_Jose,ModItemConversation Jose_2 Text  section:Jose_2 keyword:Greeting2
956157833880,"А как насчет меня, мой дорогой Бастьен? Разве ты не считаешь меня другом?",,PierreMerc,ModItemConversation Jose_2 Text  section:Jose_2 keyword:Greeting2
988150449200,"Конечно, считаю, Пьер. Просто не ожидал вас здесь увидеть... И я не знал, что эти люди входят в семью, босс.",,LegionRaider_Jose,ModItemConversation Jose_2 Text  section:Jose_2 keyword:Greeting2
885027266847,"Теперь входят. А что ты тут делаешь, Бастьен?",,PierreMerc,ModItemConversation Jose_2 Text  section:Jose_2 keyword:Greeting2
409634180385,"Ну, мы с frérots случайно заполучили груз <em>алмазов</em> от Майора. Я пытался вам позвонить и доложить, босс, клянусь!",,LegionRaider_Jose,ModItemConversation Jose_2 Text  section:Jose_2 keyword:Greeting2
436932644934,Give up the diamonds,,,ModItemConversation Jose_2 KeywordT
385186154482,"Конечно, Пьер, я как раз собирался предложить вам их забрать! На самом деле, я вас даже искал, но нигде не мог найти. Вот, это все, что у меня есть. Теперь можно идти, босс?",,LegionRaider_Jose,ModItemConversation Jose_2 Text  section:Jose_2 keyword:Give up the diamonds
960933764269,"Ага, проваливай. И ты, и твои ребята. Видеть вас больше не хочу.",,PierreMerc,ModItemConversation Jose_2 Text  section:Jose_2 keyword:Give up the diamonds
202792123293,"Слушаюсь, Пьер! Мы как раз уходим, босс!",,LegionRaider_Jose,ModItemConversation Jose_2 Text  section:Jose_2 keyword:Give up the diamonds
830122511545,"Разве ты не меня искал, чтобы отдать алмазы? Нет-нет, не отвечай. Убирайся, пока я не передумал.",,PierreMerc,ModItemConversation Jose_2 Text  section:Jose_2 keyword:Give up the diamonds
983732751190,"Теперь можно убить, да? А?! Почему нет?! Алмазы-то у нас, нет?",,Fidel,ModItemConversation Jose_2 Text  section:Jose_2 keyword:Give up the diamonds
344822767756,What hospitality?,,,ModItemConversation Jose_2 KeywordT
737227830741,"Я проявил гостеприимство, разрешив посетить свою <em>хижину</em>, и теперь вы должны заплатить за проживание, плюс проценты.",,LegionRaider_Jose,ModItemConversation Jose_2 Text  section:Jose_2 keyword:What hospitality?
413431673678,"Подожди, какую еще хижину?",,LegionRaider,ModItemConversation Jose_2 Text  section:Jose_2 keyword:What hospitality?
954888742007,А... да это просто навес от непогоды... не то чтобы там был тайник с вещами или что-то в этом роде...,,LegionRaider_Jose,ModItemConversation Jose_2 Text  section:Jose_2 keyword:What hospitality?
522090388259,Тайник? Эй! Ты что от нас скрываешь?,,LegionRaider,ModItemConversation Jose_2 Text  section:Jose_2 keyword:What hospitality?
903045187059,Ничего! Я бы ни за что!,,LegionRaider_Jose,ModItemConversation Jose_2 Text  section:Jose_2 keyword:What hospitality?
632751436499,He's been holding out on you,,,ModItemConversation Jose_2 KeywordT
270815176056,"О, так ты, наверное, уже забыл про алмазы, что нам показывал?",,Livewire,ModItemConversation Jose_2 Text  section:Jose_2 keyword:He's been holding out on you
623898582202,"Должна заметить, что врёшь ты плоховато.",,Buns,ModItemConversation Jose_2 Text  section:Jose_2 keyword:He's been holding out on you
414835194755,В свое время в полиции Лос-Анджелеса я имел дело с прожженными мошенниками. Ты до их уровня и близко не дотягиваешь. Совершенно неубедительно.,,Raider,ModItemConversation Jose_2 Text  section:Jose_2 keyword:He's been holding out on you
248930850511,"Послушай, Бастьен, ты ведь с такой гордостью рассказывал, как долго воровал у друзей, а они ничего не замечали! Чего сейчас-то стесняться?",,Fox,ModItemConversation Jose_2 Text  section:Jose_2 keyword:He's been holding out on you
646125386624,"Я так и думал! Я знал, что он нас обворовывает! Бей его, парни!",,LegionRaider,ModItemConversation Jose_2 Text  section:Jose_2 keyword:He's been holding out on you
261668027576,Merde!,,LegionRaider_Jose,ModItemConversation Jose_2 Text  section:Jose_2 keyword:He's been holding out on you
199712024037,Here is $1000,,,ModItemConversation Jose_2 KeywordT
509697230087,"Хе-хе! Давайте, парни, по стакану за мой счет!",,LegionRaider_Jose,ModItemConversation Jose_2 Text  section:Jose_2 keyword:Here is $1000
603532482869,"Что ж, оплата кажется разумной.",,MD,ModItemConversation Jose_2 Text  section:Jose_2 keyword:Here is $1000
937548764029,"Хорошо, что с нашими проблемами можно разобраться не только насилием.",,Thor,ModItemConversation Jose_2 Text  section:Jose_2 keyword:Here is $1000
766317663709,Чтоб ты подавился!,,Red,ModItemConversation Jose_2 Text  section:Jose_2 keyword:Here is $1000
352888218095,Here is $500,,,ModItemConversation Jose_2 KeywordT
509697230087,"Хе-хе! Давайте, парни, по стакану за мой счет!",,LegionRaider_Jose,ModItemConversation Jose_2 Text  section:Jose_2 keyword:Here is $500
759926423881,Or rather not,,,ModItemConversation Jose_2 KeywordT
875545780450,"Putain merde, вы думаете, я шучу?!",,LegionRaider_Jose,ModItemConversation Jose_2 Text  section:Jose_2 keyword:Or rather not
719725459934,We'll pay,,,ModItemConversation Jose_2 KeywordT
174128475882,Задействована черта «<color EmStyle>психопат</color>»,,,ModItemConversation Jose_2 PhraseConditionRolloverText
163470043973,"С тобой приятно иметь дело, босс. А теперь давай деньги.",,LegionRaider_Jose,ModItemConversation Jose_2 Text  section:Jose_2 keyword:We'll pay
232941943774,"Хер тебе, а не деньги. Получай, дерьма кусок!",,Meltdown,ModItemConversation Jose_2 Text  section:Jose_2 keyword:We'll pay
859087181358,А давай зубов отсыплю? Только выбью их тебе сначала.,,Nails,ModItemConversation Jose_2 Text  section:Jose_2 keyword:We'll pay
364369096812,Фидель не платит деньгами. Фидель платит пулями!,,Fidel,ModItemConversation Jose_2 Text  section:Jose_2 keyword:We'll pay
485237875644,"Думаю, что можно договориться о скидке. Представь только — устроим перестрелку! Как будет гадко и негигиенично истечь кровью в этой грязи…",,Buns,ModItemConversation Jose_2 Text  section:Jose_2 keyword:We don't have much
348063442348,Мы дадим тебе половину. И ни центом больше.,,Raider,ModItemConversation Jose_2 Text  section:Jose_2 keyword:We don't have much
189040698738,"Ага, босс, конечно, я сделаю тебе скидку! В конце концов, ты наш первый клиент за день! Для тебя - половина цены, идет?",,LegionRaider_Jose,ModItemConversation Jose_2 Text  section:Jose_2 keyword:We don't have much
751216382007,Для грабежа на широкой дороге условия вполне разумные.,,Barry,ModItemConversation Jose_2 Text  section:Jose_2 keyword:We don't have much
103835508067,Это чушь какая-то.,,Ice,ModItemConversation Jose_2 Text  section:Jose_2 keyword:We don't have much
861727817158,We don't have much,,,ModItemConversation Jose_2 KeywordT
155914863205,"Не пойдет, босс. Сейчас трудные времена, и каждый должен внести свой вклад. Деньги давай. Живо.",,LegionRaider_Jose,ModItemConversation Jose_2 Text  section:Jose_2 keyword:We don't have much
678250846572,"Может, Фидель поможет вам набить желудки? Набить желудки свинцом!",,Fidel,ModItemConversation Jose_2 Text  section:Jose_2 keyword:Hands up!
731536328898,"У меня встречное предложение. Как насчет того, чтобы мы вас всех нахер перебили, скоты?",,Meltdown,ModItemConversation Jose_2 Text  section:Jose_2 keyword:Hands up!
268657785629,"Э-э-э... хе-хе... мы же просто пошутили, дружище! Мои коллеги, они... пересмотрели гангстерских фильмов, oui?",,LegionRaider_Jose,ModItemConversation Jose_2 Text  section:Jose_2 keyword:Hands up!
148558765537,"Хе-хе... слышали, парни? Мне послышалось, или щеночек пытается лаять?",,LegionRaider_Jose,ModItemConversation Jose_2 Text  section:Jose_2 keyword:Hands up!
203178249916,You pay us,,,ModItemConversation Jose_2 KeywordT
152388376227,"Ладно, ладно, будем благоразумными. Мы же просто бедные падальщики, правда, парни? У нас ничего нету! Вот, гляди: мой бумажник. Бери всё, что хочешь. Нет необходимости в насилии, да?",,LegionRaider_Jose,ModItemConversation Jose_2 Text  section:Jose_2 keyword:You pay us
287413394920,"У тебя что, бумажник есть? Откуда такая роскошь?! Бастьен, нам надо серьезно поговорить...",,LegionRaider,ModItemConversation Jose_2 Text  section:Jose_2 keyword:You pay us
287429964815,What about the diamonds?,,,ModItemConversation Jose_2 KeywordT
569709897454,"А, эм-м... Ну...",,LegionRaider_Jose,ModItemConversation Jose_2 Text  section:Jose_2 keyword:What about the diamonds?
938211639716,"Ты, кретин тупой, ты зачем об этом проболтался?!",,LegionButcher,ModItemConversation Jose_2 Text  section:Jose_2 keyword:What about the diamonds?
904289681021,"Заткнись! Я собирался их обхитрить... а, проехали. Послушай, босс, у нас есть алмазы. Они спрятаны тут, неподалеку. Можешь их забрать, только нас отпусти, ладно?",,LegionRaider_Jose,ModItemConversation Jose_2 Text  section:Jose_2 keyword:What about the diamonds?
609379303340,Give us the diamonds and get out,,,ModItemConversation Jose_2 KeywordT
319788739857,"Спасибо, босс, мы твоей доброты не забудем, босс. Вот, бери. Наступит день, и мы снова встретимся, обещаю.",,LegionRaider_Jose,ModItemConversation Jose_2 Text  section:Jose_2 keyword:Give us the diamonds and get out
749004257439,"Я надеяться, что нет, man, ради твоего же блага.",,Vicki,ModItemConversation Jose_2 Text  section:Jose_2 keyword:Give us the diamonds and get out
859532544657,"Тебе с твоими бандитами пора сваривать. Давай, живо!",,Tex,ModItemConversation Jose_2 Text  section:Jose_2 keyword:Give us the diamonds and get out
223009992803,"Allez, парни. Давайте убираться отсюда, пока можем...",,LegionRaider_Jose,ModItemConversation Jose_2 Text  section:Jose_2 keyword:Give us the diamonds and get out
104328241789,Drop your guns!,,,ModItemConversation Jose_2 KeywordT
386137005362,"Эх... Не знаю, так ли уж это для нас выгодно. Это опасный остров. Много людей, много планов, много неприятностей. А ты оставляешь нас на милость бандитов и грабителей!",,LegionRaider_Jose,ModItemConversation Jose_2 Text  section:Jose_2 keyword:Drop your guns!
856827326713,"Так вы же сами такие. Так что я уверен, что чувствовать вы себя будете как дома.",,Wolf,ModItemConversation Jose_2 Text  section:Jose_2 keyword:Drop your guns!
792820008159,По какой-то причине мне на это наплевать.,,Raven,ModItemConversation Jose_2 Text  section:Jose_2 keyword:Drop your guns!
886371729783,"Ага, поэтому вам надо качать железо.",,Steroid,ModItemConversation Jose_2 Text  section:Jose_2 keyword:Drop your guns!
501179800326,Your guns! Now!,,,ModItemConversation Jose_2 KeywordT
981588171822,"Полегче! Спокойно. Все в порядке. Без проблем. Берите наше оружие. А мы с парнями, наверное, перейдем на рыбалку.",,LegionRaider_Jose,ModItemConversation Jose_2 Text  section:Jose_2 keyword:Your guns! Now!
506164274816,унизили <em>банду Бастьена</em>,,,ModItemConversation Jose_2 SpecialConversationMessage
261668027576,Merde!,,LegionRaider_Jose,ModItemConversation Jose_2 Text  section:Jose_2 keyword:Die!
117867967717,"Слава богу, вы добрались. Я хотела вас предупредить, но вы уже выступили. Боевики <em>Легиона</em> высадились на Эрни! Они даже попробовали напасть на виллу. Ума не приложу, на что им понадобился наш островок.",,Emma,ModItemConversation FlagHill_Emma_1 Text  section:FlagHill_Emma_1 keyword:Greeting
354020584288,"Их интересует не <em>остров Эрни</em> и не моя вилла, а вы. Возможно, они решили захватить вас, чтобы ваш отец стал более сговорчивым.",,CorazonSantiago,ModItemConversation FlagHill_Emma_1 Text  section:FlagHill_Emma_1 keyword:Greeting
886096052817,"В таком случае мне жаль, что я приехала сюда и подвергла всех опасности.",,Emma,ModItemConversation FlagHill_Emma_1 Text  section:FlagHill_Emma_1 keyword:Greeting
600467147655,"Как я вас понимаю. Поэтому-то я предпочитаю сшивать, а не стрелять.",,MD,ModItemConversation FlagHill_Emma_1 Text  section:FlagHill_Emma_1 keyword:Greeting
275211540292,"Не беспокойтесь, мисс. Опасность - моя профессия!",,Tex,ModItemConversation FlagHill_Emma_1 Text  section:FlagHill_Emma_1 keyword:Greeting
677692574229,Не унывай сердцем. Барри здесь.,,Barry,ModItemConversation FlagHill_Emma_1 Text  section:FlagHill_Emma_1 keyword:Greeting
864433869279,Спокойно. Теперь у тебя есть личный Гризли.,,Grizzly,ModItemConversation FlagHill_Emma_1 Text  section:FlagHill_Emma_1 keyword:Greeting
228560503827,"Не парься, сестра! Мы разобрать эти железки! Все быть пучком!",,Vicki,ModItemConversation FlagHill_Emma_1 Text  section:FlagHill_Emma_1 keyword:Greeting
642809570861,"Скоро в опасности будут только тварюги, которые похитили твоего отца.",,Blood,ModItemConversation FlagHill_Emma_1 Text  section:FlagHill_Emma_1 keyword:Greeting
209571505120,"По-моему, тут надо винить не вас, а ваших врагов.",,Livewire,ModItemConversation FlagHill_Emma_1 Text  section:FlagHill_Emma_1 keyword:Greeting
199139010121,Снова здравствуйте. Что вы хотите знать?,,CorazonSantiago,ModItemConversation FlagHill_Emma_1 Text  section:FlagHill_Emma_1 keyword:Greeting2
221667014851,Вам что-нибудь нужно?,,Emma,ModItemConversation FlagHill_Emma_1 Text  section:FlagHill_Emma_1 keyword:Greeting2
874564688424,We can handle them,,,ModItemConversation FlagHill_Emma_1 KeywordT
605426932479,"Ох, как я вам благодарна! Правительство Гран-Шьена пальцем о палец не ударит, а ваше спокойствие вселяет в меня уверенность. Пожалуйста, возьмите это - в знак моей признательности.",,Emma,ModItemConversation FlagHill_Emma_1 Text  section:FlagHill_Emma_1 keyword:We can handle them
823660292993,Thank you,,,ModItemConversation FlagHill_Emma_1 KeywordT
153443670599,Принять $2 000,,,ModItemConversation FlagHill_Emma_1 PhraseRolloverText
559455269200,"Ой, спасибо! Это лучший подарок, который мне дарили за то, что я в кого-то стреляю.",,Kalyna,ModItemConversation FlagHill_Emma_1 Text  section:FlagHill_Emma_1 keyword:Thank you
341274771036,Деньжата лишними не бывают. Спасибочки!,,Ice,ModItemConversation FlagHill_Emma_1 Text  section:FlagHill_Emma_1 keyword:Thank you
944948727771,"Кажись, это первый раз, когда женщины меня еще и благодарят... Гм. Спасибо.",,Red,ModItemConversation FlagHill_Emma_1 Text  section:FlagHill_Emma_1 keyword:Thank you
234170275015,Не благодарите меня.,,Emma,ModItemConversation FlagHill_Emma_1 Text  section:FlagHill_Emma_1 keyword:Thank you
476973554424,Отказаться от $2 000,,,ModItemConversation FlagHill_Emma_1 PhraseRolloverText
561065473208,We've had warmer welcomes,,,ModItemConversation FlagHill_Emma_1 KeywordT
864752020866,"Да. И вновь - прошу у вас прощения. Пожалуйста, примите это как компенсацию за то, что назначила вам встречу в таком месте.",,Emma,ModItemConversation FlagHill_Emma_1 Text  section:FlagHill_Emma_1 keyword:We've had warmer welcomes
148723557614,Принять $2 000 и потребовать больше,,,ModItemConversation FlagHill_Emma_1 PhraseRolloverText
344489911054,"Не то чтоб я жаловалась, но я укладку сделала - думала, ты фотографов позовешь. Ну и хорошо, что не позвала - потому что на голове у меня сейчас черт-те что...",,Fox,ModItemConversation FlagHill_Emma_1 Text  section:FlagHill_Emma_1 keyword:You can do better than that
763143317850,"Жест, конечно, приятный, но, строго говоря, вы нарушили свою сторону договора. Так что тут была бы уместна более существенная компенсация.",,Livewire,ModItemConversation FlagHill_Emma_1 Text  section:FlagHill_Emma_1 keyword:You can do better than that
360988722871,"Д-да, разумеется. У меня были деньги, которые я откладывала на... впрочем, неважно. Пожалуйста, вот они.",,Emma,ModItemConversation FlagHill_Emma_1 Text  section:FlagHill_Emma_1 keyword:You can do better than that
886972557176,You can do better than that,,,ModItemConversation FlagHill_Emma_1 KeywordT
246952293895,Принять $2 000 и потребовать больше,,,ModItemConversation FlagHill_Emma_1 PhraseRolloverText
279314023855,"Деньги это хорошо, но Омрын от всей этой драки проголодался. Может, у вас пожрать есть, а?",,Omryn,ModItemConversation FlagHill_Emma_1 Text  section:FlagHill_Emma_1 keyword:You can do better than that
995252931207,"Это, конечно, мило, но у меня от этой грёбаной высадки теперь вся жопа песком забилась. Ты бы отвалила побольше, а?",,Meltdown,ModItemConversation FlagHill_Emma_1 Text  section:FlagHill_Emma_1 keyword:You can do better than that
423029914059,"И это всё? Не внушает мне уверенности, что ты вообще нам сможешь проплатить.",,Nails,ModItemConversation FlagHill_Emma_1 Text  section:FlagHill_Emma_1 keyword:You can do better than that
985915112039,"Извините, это всё, что у меня есть. Пожалуйста, возьмите.",,Emma,ModItemConversation FlagHill_Emma_1 Text  section:FlagHill_Emma_1 keyword:You can do better than that
610507031100,That's not necessary,,,ModItemConversation FlagHill_Emma_1 KeywordT
265154709855,Отказаться от $2 000,,,ModItemConversation FlagHill_Emma_1 PhraseRolloverText
138684567217,"Милая, это ужасно любезно с твоей стороны, но оставь их пока у себя. Для нас главное - сделать так, чтобы ты снова улыбалась.",,Hitman,ModItemConversation FlagHill_Emma_1 Text  section:FlagHill_Emma_1 keyword:That's not necessary
740039436674,"Лучше употребите этот дар на то, чтобы помочь людям вашей страны реализовать свой потенциал!",,Thor,ModItemConversation FlagHill_Emma_1 Text  section:FlagHill_Emma_1 keyword:That's not necessary
188705929821,"Ой, ну что вы. Это совсем не обязательно... Верно, ребята?",,MD,ModItemConversation FlagHill_Emma_1 Text  section:FlagHill_Emma_1 keyword:That's not necessary
313097213233,"Ваш профессионализм заслуживает восхищения. Я сделаю так, чтобы об этом узнали другие.",,Emma,ModItemConversation FlagHill_Emma_1 Text  section:FlagHill_Emma_1 keyword:That's not necessary
789704699274,<em>Эмма</em> довольна,,,ModItemConversation FlagHill_Emma_1 SpecialConversationMessage
377769449600,"Ну а теперь - что касается ваших поисков. Полагаю, для начала вам стоит допросить боевиков Легиона на острове <em>Эрни</em> и выяснить, где <em>мой отец</em>.",,Emma,ModItemConversation FlagHill_Emma_1 Text  section:FlagHill_Emma_1 keyword:Redirect
579935892986,"Это - <em>Корасон Сантьяго</em>, операционный директор корпорации «Адонис» в Гран-Шьене. Ее люди сталкивались с боевиками <em>Легиона</em> лицом к лицу. Дополнительное финансирование вашей операции будет находиться в ее ведении.",,Emma,ModItemConversation FlagHill_Emma_1 Text  section:FlagHill_Emma_1 keyword:Redirect
316826174218,"Шеф, нам неважно, чья подпись под чеком. Главное, чтоб его в банке приняли.",,Wolf,ModItemConversation FlagHill_Emma_1 Text  section:FlagHill_Emma_1 keyword:Redirect
808521072911,"Хорошо, когда платят сверху. И пожрать тоже - хорошо.",,Omryn,ModItemConversation FlagHill_Emma_1 Text  section:FlagHill_Emma_1 keyword:Redirect
702752661115,Хорошо! Я тоже хочу встретить врага лицом к лицу.,,Igor,ModItemConversation FlagHill_Emma_1 Text  section:FlagHill_Emma_1 keyword:Redirect
119928515182,"Я только за. Что-то мне подсказывает, без значительного оперативного обеспечения нам будет не обойтись.",,Raider,ModItemConversation FlagHill_Emma_1 Text  section:FlagHill_Emma_1 keyword:Redirect
724253208767,"Ой, как здорово! У меня словно две феи-крестных!",,Kalyna,ModItemConversation FlagHill_Emma_1 Text  section:FlagHill_Emma_1 keyword:Redirect
463292741712,"Так. Но есть подвох, да?",,Nails,ModItemConversation FlagHill_Emma_1 Text  section:FlagHill_Emma_1 keyword:Redirect
232418677809,"Здравствуйте. Рада знакомству. Как уже сказала Эмма, я отвечаю за добавочные источники финансирования вашей операции. Часть доходов от освобожденных вами у Легиона алмазных шахт будет отчисляться вам.",,CorazonSantiago,ModItemConversation FlagHill_Emma_1 Text  section:FlagHill_Emma_1 keyword:Redirect
868254652532,"Чтоб вы знали: я люблю, когда добавка не меньше самой порции.",,Blood,ModItemConversation FlagHill_Emma_1 Text  section:FlagHill_Emma_1 keyword:Redirect
307833275817,Если мне для этого не потребуется проводить досмотр полостей тела - без проблем.,,Raven,ModItemConversation FlagHill_Emma_1 Text  section:FlagHill_Emma_1 keyword:Redirect
450814190201,Ай! Фидель любит шахты! Столько динамита. Это радость!,,Fidel,ModItemConversation FlagHill_Emma_1 Text  section:FlagHill_Emma_1 keyword:Redirect
194641948517,Полные шахты алмазов?! У меня уже ушки на макушке.,,Fox,ModItemConversation FlagHill_Emma_1 Text  section:FlagHill_Emma_1 keyword:Redirect
504255453473,"Ой, обожаю шахты! Сплошные норы — прячься, не хочу.",,Mouse,ModItemConversation FlagHill_Emma_1 Text  section:FlagHill_Emma_1 keyword:Redirect
729259967892,"Ну, если уж совсем начистоту, освобождать нехороших парней от их ценностей - это вроде как мое хобби.",,Livewire,ModItemConversation FlagHill_Emma_1 Text  section:FlagHill_Emma_1 keyword:Redirect
151685000826,"Но всему свое время. Пока что этот остров кишит боевиками <em>Легиона</em>. Они захватили деревню и старую крепость. Вам придется освободить деревню, чтобы иметь надежную связь с материком, но если вы освободите весь остров, он станет для вас неплохим оперативным плацдармом. Кроме того, местные жители будут благодарны вам за это и, возможно, помогут информацией.",,Emma,ModItemConversation FlagHill_Emma_1 Text  section:FlagHill_Emma_1 keyword:Redirect
288279210993,Я полон оптимизма и готов действовать. Прямо как после отличной клизмы.,,Thor,ModItemConversation FlagHill_Emma_1 Text  section:FlagHill_Emma_1 keyword:Redirect
614531946239,Ну так какого тогда чёрта мы ждем? Пора вдарить им по яйцам!,,Meltdown,ModItemConversation FlagHill_Emma_1 Text  section:FlagHill_Emma_1 keyword:Redirect
436493051543,"Шеф, похоже, из этого островка выйдет неплохая база.",,Wolf,ModItemConversation FlagHill_Emma_1 Text  section:FlagHill_Emma_1 keyword:Redirect
182787560056,Any more details about the Legion?,,,ModItemConversation FlagHill_Emma_1 KeywordT
976667367308,"Крупнейшее незаконное вооруженное формирование в регионе. Их предводитель называет себя <em>Майор</em>. Они захватили все наши алмазные прииски. Отряды охраны даже вмешаться не успели. У них прекрасно получается измываться над гражданским населением, но им недостает ума и подготовки. Профессиональные солдаты, вроде вас, легко с ними справятся.",,CorazonSantiago,ModItemConversation FlagHill_Emma_1 Text  section:FlagHill_Emma_1 keyword:Any more details about the Legion?
598576758828,Детка… Для меня ещё соперник не родился.,,Buns,ModItemConversation FlagHill_Emma_1 Text  section:FlagHill_Emma_1 keyword:Any more details about the Legion?
172412953945,Вам повезло: разбираться с тупыми быками - мое любимое занятие. Будет весело!,,Grizzly,ModItemConversation FlagHill_Emma_1 Text  section:FlagHill_Emma_1 keyword:Any more details about the Legion?
264836936460,Мы очень профессиональные солдаты. Победа будет позади нас.,,Barry,ModItemConversation FlagHill_Emma_1 Text  section:FlagHill_Emma_1 keyword:Any more details about the Legion?
162962457061,"Я покажу им свои невероятной толщины бицепсы, и они в страхе убегут. Или я раздавлю их в лепешку! ХА-ХА-ХА-ХА-ХА!",,Steroid,ModItemConversation FlagHill_Emma_1 Text  section:FlagHill_Emma_1 keyword:Any more details about the Legion?
182723052012,"Всегда приятно видеть реакцию агрессора, когда он сам становится жертвой.",,DrQ,ModItemConversation FlagHill_Emma_1 Text  section:FlagHill_Emma_1 keyword:Any more details about the Legion?
643144193803,"Когда мама узнала, что надо мной издеваются в школе, она показала мне, как стрелять из пистолета. Потом ей пришлось показывать, как прятать тело.",,Grunty,ModItemConversation FlagHill_Emma_1 Text  section:FlagHill_Emma_1 keyword:Any more details about the Legion?
473631718058,Who is the Major?,,,ModItemConversation FlagHill_Emma_1 KeywordT
147497512265,"Наверное, самый могущественный полевой командир в Гран-Шьене. О нем мало что известно кроме того, что в Легионе насаждается что-то наподобие культа его личности. Бандиты боготворят его и боятся. Чтобы спасти отца, вам наверняка придется столкнуться с Майором напрямую.",,Emma,ModItemConversation FlagHill_Emma_1 Text  section:FlagHill_Emma_1 keyword:Who is the Major?
973585010358,"Похоже, чувака надо поставить на место.",,Ice,ModItemConversation FlagHill_Emma_1 Text  section:FlagHill_Emma_1 keyword:Who is the Major?
143706012615,Не бойся. Много я таких Майоров повидал.,,Red,ModItemConversation FlagHill_Emma_1 Text  section:FlagHill_Emma_1 keyword:Who is the Major?
595972913327,"Судя по рассказам, тот еще клоун. С нетерпением жду с ним встречи.",,Wolf,ModItemConversation FlagHill_Emma_1 Text  section:FlagHill_Emma_1 keyword:Who is the Major?
714774766507,"Столкнемся, столкнемся. Мой ботинок - с его жопой!",,Meltdown,ModItemConversation FlagHill_Emma_1 Text  section:FlagHill_Emma_1 keyword:Who is the Major?
178675939812,Еще ни один полевой командир не умирал своей смертью. Не вижу причин делать для него исключение.,,DrQ,ModItemConversation FlagHill_Emma_1 Text  section:FlagHill_Emma_1 keyword:Who is the Major?
643437925606,"Если он мечтает стать богом, его ждет неприятный сюрприз.",,Hitman,ModItemConversation FlagHill_Emma_1 Text  section:FlagHill_Emma_1 keyword:Who is the Major?
662382605920,"Это отделенный проливом и легко обороняемый остров. Он послужит вам неплохой базой для вылазок в долину реки Аджани. Люди здесь уступчивые, но изобретательные. Помогите им - и они помогут вам.",,Emma,ModItemConversation FlagHill_Emma_1 Text  section:FlagHill_Emma_1 keyword:Tell us about Ernie Island
721083044938,"Они узнают, что значит любовь Долвича!",,Igor,ModItemConversation FlagHill_Emma_1 Text  section:FlagHill_Emma_1 keyword:Tell us about Ernie Island
637906203726,"Изобретательные - это хорошо, но уступчивые - это никуда не годится. Похоже, надо научить их давать сдачи... Желательно разрывными.",,Hitman,ModItemConversation FlagHill_Emma_1 Text  section:FlagHill_Emma_1 keyword:Tell us about Ernie Island
317185237382,"О, замечательно! Они мне уже нравятся.",,MD,ModItemConversation FlagHill_Emma_1 Text  section:FlagHill_Emma_1 keyword:Tell us about Ernie Island
413052188191,Хорошо. Это по-христиански.,,Barry,ModItemConversation FlagHill_Emma_1 Text  section:FlagHill_Emma_1 keyword:Tell us about Ernie Island
990397230043,"Уверена, некоторые будут вам полезнее других, но я бы советовала поговорить со всеми. Возможно, они знают что-то, что может быть вам полезно.",,Emma,ModItemConversation FlagHill_Emma_1 Text  section:FlagHill_Emma_1 keyword:Tell us about Ernie Island
561666316890,"Извините, у меня звонок.",,CorazonSantiago,ModItemConversation FlagHill_Emma_1 Text  section:FlagHill_Emma_1 keyword:Tell us about Ernie Island
600284249154,"Да?.. Нет!.. Просто скажи им, чтобы ждали... Пусть ждут сигнала, понятно тебе?",,CorazonSantiago,ModItemConversation FlagHill_Emma_1 Text  section:FlagHill_Emma_1 keyword:Tell us about Ernie Island
714959176684,Кх-хм. Простите. На чем мы остановились?,,CorazonSantiago,ModItemConversation FlagHill_Emma_1 Text  section:FlagHill_Emma_1 keyword:Tell us about Ernie Island
383719434844,"Похоже, у кого-то проблемы.",,Livewire,ModItemConversation FlagHill_Emma_1 Text  section:FlagHill_Emma_1 keyword:Tell us about Ernie Island
272361527117,"Что, мамка твоя? Моя тоже всегда звонит в самый неподходящий момент.",,Meltdown,ModItemConversation FlagHill_Emma_1 Text  section:FlagHill_Emma_1 keyword:Tell us about Ernie Island
850980540778,Дайте угадаю: Интернет дома проводят?,,Grizzly,ModItemConversation FlagHill_Emma_1 Text  section:FlagHill_Emma_1 keyword:Tell us about Ernie Island
217338510208,Что такое?,,Buns,ModItemConversation FlagHill_Emma_1 Text  section:FlagHill_Emma_1 keyword:Tell us about Ernie Island
364162526948,Кто вам звонил?,,Barry,ModItemConversation FlagHill_Emma_1 Text  section:FlagHill_Emma_1 keyword:Tell us about Ernie Island
429978276975,Какие-то проблемы?,,Raider,ModItemConversation FlagHill_Emma_1 Text  section:FlagHill_Emma_1 keyword:Tell us about Ernie Island
883675160308,У вас что-то случилось?,,MD,ModItemConversation FlagHill_Emma_1 Text  section:FlagHill_Emma_1 keyword:Tell us about Ernie Island
359205355424,Это был... неприятный разговор.,,DrQ,ModItemConversation FlagHill_Emma_1 Text  section:FlagHill_Emma_1 keyword:Tell us about Ernie Island
611022926029,Ну чего — плохие новости?,,Mouse,ModItemConversation FlagHill_Emma_1 Text  section:FlagHill_Emma_1 keyword:Tell us about Ernie Island
282727160329,"Это не что-то, о чем нам следует беспокоиться? Так-то мне не страшны удары в спину. Главное - ниже не лезьте.",,Wolf,ModItemConversation FlagHill_Emma_1 Text  section:FlagHill_Emma_1 keyword:Tell us about Ernie Island
324723406529,Это… ну... не относится к вашему заданию. Приходится периодически решать небольшие проблемы с... логистикой. Еще раз извиняюсь. У вас еще остались вопросы?,,CorazonSantiago,ModItemConversation FlagHill_Emma_1 Text  section:FlagHill_Emma_1 keyword:Tell us about Ernie Island
595519103007,Удачи вам. Мисс Корасон и я будем поддерживать с вами <em>радиосвязь</em>.,,Emma,ModItemConversation FlagHill_Emma_1 Text  section:FlagHill_Emma_1 keyword:Goodbye
560246133384,Снова здравствуйте. О чем хотели поговорить?,,CorazonSantiago,ModItemConversation FlagHill_Corazon_1 Text  section:FlagHill_Corazon_1 keyword:Greeting
371244402650,Tell us about the Legion,,,ModItemConversation FlagHill_Corazon_1 KeywordT
514532090320,"Крупнейшее незаконное вооруженное формирование в регионе. Их предводитель называет себя <em>Майор</em>. Они захватили все наши алмазные прииски. Отряды охраны даже вмешаться не успели. У них прекрасно получается измываться над гражданским населением, но им недостает ума и подготовки. Профессиональные солдаты, вроде вас, легко с ними справятся.",,CorazonSantiago,ModItemConversation FlagHill_Corazon_1 Text  section:FlagHill_Corazon_1 keyword:Tell us about the Legion
449686482528,"О самом <em>Майоре</em> известно очень мало. Однако мы знаем, что он, как и мы, зависит от этих приисков. Отбив у Легиона месторождения, вы, без сомнения, вынудите его на открытое столкновение - в котором мы наверняка сможем его ликвидировать.",,CorazonSantiago,ModItemConversation FlagHill_Corazon_1 Text  section:FlagHill_Corazon_1 keyword:Tell us about the Legion
255956201170,Доставьте меня на расстояние прямого выстрела - и я сделаю его частью истории этой страны.,,Raven,ModItemConversation FlagHill_Corazon_1 Text  section:FlagHill_Corazon_1 keyword:Tell us about the Legion
843106978769,"Страшный монстр не любит, когда у него отнимают косточку, да? Будем знать.",,Grizzly,ModItemConversation FlagHill_Corazon_1 Text  section:FlagHill_Corazon_1 keyword:Tell us about the Legion
813532355903,Открытое пространство - ручшее место для курьминационной перестрерки!,,Tex,ModItemConversation FlagHill_Corazon_1 Text  section:FlagHill_Corazon_1 keyword:Tell us about the Legion
903496103429,There were some other mercenaries,,,ModItemConversation FlagHill_Corazon_1 KeywordT
832474326960,"Да, мы наняли отряд наемников из <em>M.E.R.C.</em> Полагаю, вы с ними знакомы.",,CorazonSantiago,ModItemConversation FlagHill_Corazon_1 Text  section:FlagHill_Corazon_1 keyword:There were some other mercenaries
502223473508,"Вы чё, с дуба рухнули? Это ж кем надо быть?",,Meltdown,ModItemConversation FlagHill_Corazon_1 Text  section:FlagHill_Corazon_1 keyword:There were some other mercenaries
971252296673,"Да, я с ними работал, но ушел. Предпочитаю умереть из-за собственных ошибок.",,Ice,ModItemConversation FlagHill_Corazon_1 Text  section:FlagHill_Corazon_1 keyword:There were some other mercenaries
913693290793,Наслышаны.,,Raider,ModItemConversation FlagHill_Corazon_1 Text  section:FlagHill_Corazon_1 keyword:There were some other mercenaries
258591428001,"Да, это диетическая версия A.I.M. Безвкусны и без удовольствия.",,Buns,ModItemConversation FlagHill_Corazon_1 Text  section:FlagHill_Corazon_1 keyword:There were some other mercenaries
150165866674,По мне они - шоу клоунов на выезде.,,Grizzly,ModItemConversation FlagHill_Corazon_1 Text  section:FlagHill_Corazon_1 keyword:There were some other mercenaries
392322431077,Главной их задачей было ликвидировать самого <em>Майора</em>. В то время он казался нам куда менее опасным противником.,,CorazonSantiago,ModItemConversation FlagHill_Corazon_1 Text  section:FlagHill_Corazon_1 keyword:There were some other mercenaries
229167509462,"Само собой, с задачей они не справились. О них самих с тех пор ничего не слышно, а вот Майор живее всех живых.",,CorazonSantiago,ModItemConversation FlagHill_Corazon_1 Text  section:FlagHill_Corazon_1 keyword:There were some other mercenaries
776960955798,"Надо не забыть еще раз поблагодарить Мага, что вытащил меня из этой стремной конторы.",,Ice,ModItemConversation FlagHill_Corazon_1 Text  section:FlagHill_Corazon_1 keyword:There were some other mercenaries
952937350237,"Сюрприз, блин.",,Meltdown,ModItemConversation FlagHill_Corazon_1 Text  section:FlagHill_Corazon_1 keyword:There were some other mercenaries
281954062325,"Как говорится… Получил, за что платил.",,Buns,ModItemConversation FlagHill_Corazon_1 Text  section:FlagHill_Corazon_1 keyword:There were some other mercenaries
842181908732,"Ваша первоочередная задача по-прежнему - вернуть под наш контроль месторождения алмазов и спасти президента. Но если вы вдруг узнаете, что стало с наемниками из M.E.R.C., то прошу вас немедленно мне сообщить.",,CorazonSantiago,ModItemConversation FlagHill_Corazon_1 Text  section:FlagHill_Corazon_1 keyword:There were some other mercenaries
167496265214,M.E.R.C.?,,,ModItemConversation FlagHill_Corazon_1 KeywordT
320490406222,"От <em>Биффа Эпскотта</em>, командира их отряда, ничего не слышно с тех самых пор, как они выдвинулись с острова Эрни.",,CorazonSantiago,ModItemConversation FlagHill_Corazon_1 Text  section:FlagHill_Corazon_1 keyword:M.E.R.C.?
696943183879,Бифф?! Да у этого дебила одна извилина - и та посреди жопы!,,Meltdown,ModItemConversation FlagHill_Corazon_1 Text  section:FlagHill_Corazon_1 keyword:M.E.R.C.?
139915542600,"Есть целый ряд причин, по которым я ушел из M.E.R.C. Половина из них называется Бифф.",,Ice,ModItemConversation FlagHill_Corazon_1 Text  section:FlagHill_Corazon_1 keyword:M.E.R.C.?
878445755842,"Командира? Бифф не смог бы командовать даже голодным пуделем, имея полный карман вкусняшек!",,Wolf,ModItemConversation FlagHill_Corazon_1 Text  section:FlagHill_Corazon_1 keyword:M.E.R.C.?
396542499336,"Я знаю только, что они пробыли здесь совсем немного, а затем отправились на материк. Я потеряла связь с ними вскоре после высадки. Уверена, местные жители смогут поведать вам больше. Бифф и его люди, как бы это сказать... не очень заботились о конспирации.",,CorazonSantiago,ModItemConversation FlagHill_Corazon_1 Text  section:FlagHill_Corazon_1 keyword:M.E.R.C.?
426358908346,Eliminate the Major?,,,ModItemConversation FlagHill_Corazon_1 KeywordT
347754309751,"Да. Это было до того, как он похитил президента. Он захватил наши алмазные прииски и отказался вести переговоры, так что я предприняла единственный доступный мне шаг.",,CorazonSantiago,ModItemConversation FlagHill_Corazon_1 Text  section:FlagHill_Corazon_1 keyword:Eliminate the Major?
995928836458,"Очевидно, результатов он не дал. Надеюсь, моя ошибка послужит вам уроком: <em>Майора</em> нельзя недооценивать.",,CorazonSantiago,ModItemConversation FlagHill_Corazon_1 Text  section:FlagHill_Corazon_1 keyword:Eliminate the Major?
559173755854,"Там, где другие терпят неудачи, Игорь Долвич не терпит!",,Igor,ModItemConversation FlagHill_Corazon_1 Text  section:FlagHill_Corazon_1 keyword:Eliminate the Major?
710375581244,Я всегда учу уроки. Поэтому у меня все пальцы на руках.,,Barry,ModItemConversation FlagHill_Corazon_1 Text  section:FlagHill_Corazon_1 keyword:Eliminate the Major?
121248531303,"Ох, да уж, мужик явно опасный!",,Mouse,ModItemConversation FlagHill_Corazon_1 Text  section:FlagHill_Corazon_1 keyword:Eliminate the Major?
333044245251,The diamond mines,,,ModItemConversation FlagHill_Corazon_1 KeywordT
451639115412,"Пожалуй, два ближайших к нам прииска - это <em>«Даймонд-Ред»</em> и <em>шахта Мфуму</em>.",,CorazonSantiago,ModItemConversation FlagHill_Corazon_1 Text  section:FlagHill_Corazon_1 keyword:The diamond mines
238723118159,Diamond Red?,,,ModItemConversation FlagHill_Corazon_1 KeywordT
216687927947,"<em>«Даймонд-Ред»</em> - карьер, расположенный практически строго к северу от побережья саванны. Говорят, что <em>Майор</em> добывает там алмазы, используя рабский труд.",,CorazonSantiago,ModItemConversation FlagHill_Corazon_1 Text  section:FlagHill_Corazon_1 keyword:Diamond Red?
844783435820,"Жду-не дождусь, когда заставлю его об этом пожалеть.",,Blood,ModItemConversation FlagHill_Corazon_1 Text  section:FlagHill_Corazon_1 keyword:Diamond Red?
537564244740,"Тем, кто пользуется подобными методами, место на страницах учебников... и на кладбищах.",,Grunty,ModItemConversation FlagHill_Corazon_1 Text  section:FlagHill_Corazon_1 keyword:Diamond Red?
311501655844,"Когда я слышу о таком, я делаюсь очень зол... при том, что вообще-то я не злюсь.",,Thor,ModItemConversation FlagHill_Corazon_1 Text  section:FlagHill_Corazon_1 keyword:Diamond Red?
768450270814,Mfumu's Mine?,,,ModItemConversation FlagHill_Corazon_1 KeywordT
658567123520,"<em>Альфонс Лафонтен</em> приказал раскопать древний дворец Мфуму, чтобы поднять национальный дух после произошедшей революции. Но вскоре после начала раскопок там обнаружили алмазы. Теперь это месторождение называют просто <em>шахта Мфуму</em>.",,CorazonSantiago,ModItemConversation FlagHill_Corazon_1 Text  section:FlagHill_Corazon_1 keyword:Mfumu's Mine?
969182680128,"Когда деньги становятся важнее культуры, жертвой становится сама человечность.",,DrQ,ModItemConversation FlagHill_Corazon_1 Text  section:FlagHill_Corazon_1 keyword:Mfumu's Mine?
777356371290,Как жалко. Сколько древних историй сгинет без следа...,,Kalyna,ModItemConversation FlagHill_Corazon_1 Text  section:FlagHill_Corazon_1 keyword:Mfumu's Mine?
694086737023,"История стара, как мир. Я даже не зол, а… разочарован, что -ли.",,Blood,ModItemConversation FlagHill_Corazon_1 Text  section:FlagHill_Corazon_1 keyword:Mfumu's Mine?
916304309968,"Удачи. Я буду поддерживать с вами радиосвязь, но вы вольны возвращаться, когда в этом будет необходимость.",,CorazonSantiago,ModItemConversation FlagHill_Corazon_1 Text  section:FlagHill_Corazon_1 keyword:Goodbye
270037332702,До свидания.,,CorazonSantiago,ModItemConversation FlagHill_Corazon_1 Text  section:FlagHill_Corazon_1 keyword:Goodbye
207424840986,"Пожалуйста, выслушайте меня! Я не в ответе за то дерьмо, в которое вас втянули <em>Эмма</em> и <em>Фошо</em>.",,CorazonSantiago,ModItemConversation Corazon_Defeated Text  section:Corazon_Defeated keyword:Greeting
366072662569,И я! Меня не забудь!,,Spike,ModItemConversation Corazon_Defeated Text  section:Corazon_Defeated keyword:Greeting
135429352585,"Они вас явно используют для своих грязных делишек. Я помогу вам соскочить... Деньги, паспорта... что угодно! Только не надо меня бить!",,CorazonSantiago,ModItemConversation Corazon_Defeated Text  section:Corazon_Defeated keyword:Greeting
802951575607,Насилия много не бывает! Ха-ха-ха!,,Fidel,ModItemConversation Corazon_Defeated Text  section:Corazon_Defeated keyword:Greeting
720032985962,"Моя команда не продается, мисс.",,Raider,ModItemConversation Corazon_Defeated Text  section:Corazon_Defeated keyword:Greeting
932705596066,"Говори дальше. Если мне понравится, я скажу.",,Magic,ModItemConversation Corazon_Defeated Text  section:Corazon_Defeated keyword:Greeting
381415625949,Faucheux is dead,,,ModItemConversation Corazon_Defeated KeywordT
920600866212,Да?.. Ну ладно!,,CorazonSantiago,ModItemConversation Corazon_Defeated Text  section:Corazon_Defeated keyword:Faucheux is dead
202718980590,Faucheux escaped,,,ModItemConversation Corazon_Defeated KeywordT
850242048360,Ах... Какая жалость!,,CorazonSantiago,ModItemConversation Corazon_Defeated Text  section:Corazon_Defeated keyword:Faucheux escaped
303592452915,FaucheuxRedirect,,,ModItemConversation Corazon_Defeated KeywordT
114167501942,"Это он во всем виноват. Он <em>обстрелял газом</em> всех этих невинных людей, чтобы вас подставить! В этой стране никакой бизнес не построишь, везде только кровь и хаос. Если вы отпустите меня, я все силы пущу на то, чтобы вернуть вам доброе имя.",,CorazonSantiago,ModItemConversation Corazon_Defeated Text  section:Corazon_Defeated keyword:FaucheuxRedirect
826964241356,"Твой «бизнес» - не то, что нужно народу Гран-Шьена.",,PierreMerc,ModItemConversation Corazon_Defeated Text  section:Corazon_Defeated keyword:FaucheuxRedirect
309495096893,"Не хочу обидеть, но «ваши силы» в настоящее время не слишком впечатляют.",,Kalyna,ModItemConversation Corazon_Defeated Text  section:Corazon_Defeated keyword:FaucheuxRedirect
985259779158,"Да очнись ты! Твоих сил сейчас не хватит даже на то, чтобы приготовить мне сэндвич.",,Hitman,ModItemConversation Corazon_Defeated Text  section:Corazon_Defeated keyword:FaucheuxRedirect
992815830144,The news didn’t mention gas,,,ModItemConversation Corazon_Defeated KeywordT
859257824691,"Правда? Ну... да, а зачем им? Такое транслировать, только панику сеять в окрестных городах? Я только предположила, что это мог быть газ. Это самый практичный способ убить зараз кучу народа.",,CorazonSantiago,ModItemConversation Corazon_Defeated Text  section:Corazon_Defeated keyword:The news didn’t mention gas
887174010463,"Мисс, иногда я не умею вовремя заткнуться. Похоже, у вас те же проблемы.",,Livewire,ModItemConversation Corazon_Defeated Text  section:Corazon_Defeated keyword:The news didn’t mention gas
195293214423,"Я разочарована. Я думала, вы умеете врать.",,Buns,ModItemConversation Corazon_Defeated Text  section:Corazon_Defeated keyword:The news didn’t mention gas
120906945430,"Радость моя, румяна потрясающие, но даже под ними видно, как ты краснеешь от вранья.",,Fox,ModItemConversation Corazon_Defeated Text  section:Corazon_Defeated keyword:The news didn’t mention gas
308966518750,"Очень похоже на правду. Большинство бы поверило, но меня так просто не проведешь.",,Magic,ModItemConversation Corazon_Defeated Text  section:Corazon_Defeated keyword:The news didn’t mention gas
856348317277,"Эй, Деревяшка, ты убедительна, как сивый мерин.",,Gus,ModItemConversation Corazon_Defeated Text  section:Corazon_Defeated keyword:The news didn’t mention gas
163382338613,"Покраснение кожи, характерные движения глазных яблок, немного сбивчивая речь... Да. Она лжет.",,MD,ModItemConversation Corazon_Defeated Text  section:Corazon_Defeated keyword:The news didn’t mention gas
735126369488,"Уверен, ты лжешь. Твоя аура покраснела.",,Thor,ModItemConversation Corazon_Defeated Text  section:Corazon_Defeated keyword:The news didn’t mention gas
122074528439,Faucheux is next,,,ModItemConversation Corazon_Defeated KeywordT
235602515858,"Как по мне, не стоит дальше лезть в дела этой богом забытой дыры, но решайте сами.",,CorazonSantiago,ModItemConversation Corazon_Defeated Text  section:Corazon_Defeated keyword:Faucheux is next
369507054705,What about me?,,,ModItemConversation Corazon_Defeated KeywordT
163849104390,"Слушай, ты! У тебя нет никакого права мне угрожать. Я расторгла наш контракт, а ты потом ты свалил и заделался местным бандитским царьком!",,CorazonSantiago,ModItemConversation Corazon_Defeated Text  section:Corazon_Defeated keyword:What about me?
727630932319,Вот это мне нравится!,,Spike,ModItemConversation Corazon_Defeated Text  section:Corazon_Defeated keyword:What about me?
114419851586,Зря эти наемники тебя сюда притащили! Гнить в тюрьме тебе самое место!,,CorazonSantiago,ModItemConversation Corazon_Defeated Text  section:Corazon_Defeated keyword:What about me?
782932520411,"Они притащили меня сюда, потому что нам надо свести кое-какие счеты. Ты кинула меня, а потом точно так же поступила и с ними.",,Spike,ModItemConversation Corazon_Defeated Text  section:Corazon_Defeated keyword:What about me?
198214379288,"Нет, всё совсем не так...",,CorazonSantiago,ModItemConversation Corazon_Defeated Text  section:Corazon_Defeated keyword:What about me?
115689193031,"Кстати, спасибо. Прилюдно призналась, что это ты меня наняла.",,Spike,ModItemConversation Corazon_Defeated Text  section:Corazon_Defeated keyword:What about me?
558380153224,Я... Ты... Я с тобой больше не разговариваю.,,CorazonSantiago,ModItemConversation Corazon_Defeated Text  section:Corazon_Defeated keyword:What about me?
647647391956,Is this your signature on this contract?,,,ModItemConversation Corazon_Defeated KeywordT
420411424600,Показать <em>контракт Майора</em> с «Адонисом»,,,ModItemConversation Corazon_Defeated PhraseRolloverText
999560132592,"Что это? Контракт о найме со <em>Спайком Скэллионом</em>? Нет, это не моя подпись. Ничего я с <em>Майором</em> не заключала!",,CorazonSantiago,ModItemConversation Corazon_Defeated Text  section:Corazon_Defeated keyword:Is this your signature on this contract?
591786561138,We never mentioned the Major,,,ModItemConversation Corazon_Defeated KeywordT
788556639809,"Ну… так..., что Майора зовут <em>Спайк Скэллион</em>, это общеизвестный факт.",,CorazonSantiago,ModItemConversation Corazon_Defeated Text  section:Corazon_Defeated keyword:We never mentioned the Major
947877047252,Вовсе нет. Настоящая личность Майора засекречена.,,Raider,ModItemConversation Corazon_Defeated Text  section:Corazon_Defeated keyword:We never mentioned the Major
386132145137,"Отнюдь. Я несколько часов рылась в базах данных, но так и не нашла никаких связей между бывшим наемником A.I.M. и так называемым «Майором». Это может знать только его последний работодатель. Полагаю, это вы и есть!",,Livewire,ModItemConversation Corazon_Defeated Text  section:Corazon_Defeated keyword:We never mentioned the Major
141472428520,"Неправда. Этот факт известен только нам и, что ни сколечки не удивило, вам тоже.",,Buns,ModItemConversation Corazon_Defeated Text  section:Corazon_Defeated keyword:We never mentioned the Major
252607005887,"Пытаясь запутать охотника, лиса привела его прямо к своей норе.",,DrQ,ModItemConversation Corazon_Defeated Text  section:Corazon_Defeated keyword:We never mentioned the Major
371267913987,"Этот факт известен только тебе, Деревянда. И мне очень интересно, откуда.",,Gus,ModItemConversation Corazon_Defeated Text  section:Corazon_Defeated keyword:We never mentioned the Major
304361646892,"Ужасно извиняюсь, но, по-моему, в этом отношении вы неправы. О том, что Спайк Скэллион - это Майор, может знать... ну, тот, кто нанял его на роль Майора.",,Sidney,ModItemConversation Corazon_Defeated Text  section:Corazon_Defeated keyword:We never mentioned the Major
608595438432,What about the Major?,,,ModItemConversation Corazon_Defeated KeywordT
485961694059,"Я не имею ничего общего с этим психопатом. Он пытался вымогать у меня деньги с тех самых пор, как я назначила его региональным директором «Адониса». Впрочем, для меня это обычный профессиональный риск.",,CorazonSantiago,ModItemConversation Corazon_Defeated Text  section:Corazon_Defeated keyword:What about the Major?
361846663567,"Не знаю, что было нужно Майору, но уж точно не твои грязные деньги.",,PierreMerc,ModItemConversation Corazon_Defeated Text  section:Corazon_Defeated keyword:What about the Major?
440943425605,"Ах, бедненькая-несчастненькая... Все-то нас обижают!",,Red,ModItemConversation Corazon_Defeated Text  section:Corazon_Defeated keyword:What about the Major?
821206564162,"Какой кошмар. Меня расстреливали, взрывали, били, резали и проклинали, но денег у меня не вымогали ни разу.",,Kalyna,ModItemConversation Corazon_Defeated Text  section:Corazon_Defeated keyword:What about the Major?
702917014975,This is not about the money,,,ModItemConversation Corazon_Defeated KeywordT
710862957808,"А из-за чего же? Вы же наемники, вы работаете за деньги! Смотрите, давайте я вам оплачу отпуск на то время, пока не улажу местные дела. Вам ведь отпуск явно не помешает, а?",,CorazonSantiago,ModItemConversation Corazon_Defeated Text  section:Corazon_Defeated keyword:This is not about the money
845130068448,"Фиделю не нужны деньги. Фиделю нужна кровь, крики и… части тел. Ха-ха.",,Fidel,ModItemConversation Corazon_Defeated Text  section:Corazon_Defeated keyword:This is not about the money
460103764590,"Первые твои слова, похожие на правду.",,Fox,ModItemConversation Corazon_Defeated Text  section:Corazon_Defeated keyword:This is not about the money
362580473060,"Скорее волк откажется от мяса, чем я поеду в отпуск по твоей путевке.",,Wolf,ModItemConversation Corazon_Defeated Text  section:Corazon_Defeated keyword:This is not about the money
497954241265,"Вы можете временно залечь на дно, а когда эта печальная история забудется, у вас будет куча других контрактов. Я знаю как минимум одну компанию, которой нужны люди с вашими талантами.",,CorazonSantiago,ModItemConversation Corazon_Defeated Text  section:Corazon_Defeated keyword:This is not about the money
690935176243,"У тебя есть все, что нужно Фиделю... Части тела!",,Fidel,ModItemConversation Corazon_Defeated Text  section:Corazon_Defeated keyword:This is not about the money
431483694278,…И опять пошло враньё.,,Fox,ModItemConversation Corazon_Defeated Text  section:Corazon_Defeated keyword:This is not about the money
495666542075,"От любой компании, которую ты посоветуешь, я буду держаться как можно дальше.",,Grizzly,ModItemConversation Corazon_Defeated Text  section:Corazon_Defeated keyword:This is not about the money
931582108304,You are not talking your way out of this,,,ModItemConversation Corazon_Defeated KeywordT
655156390901,Фидель пришёл взять своё.,,Fidel,ModItemConversation Corazon_Defeated Text  section:Corazon_Defeated keyword:You are not talking your way out of this
250548265683,"Не пори чушь, дамочка, а то я тебя выпорю.",,Nails,ModItemConversation Corazon_Defeated Text  section:Corazon_Defeated keyword:You are not talking your way out of this
464325156503,"Слышь, ты, сука! Если ты не заметила, я пришла сюда не для переговоров. Хоть своих охранников спроси. Ох, нет, не выйдет: они же мертвы.",,Meltdown,ModItemConversation Corazon_Defeated Text  section:Corazon_Defeated keyword:You are not talking your way out of this
255987944044,"Ладно, ладно, не надо мне угрожать!.. Я расскажу вам все, что попросите.",,CorazonSantiago,ModItemConversation Corazon_Defeated Text  section:Corazon_Defeated keyword:You are not talking your way out of this
484847398454,You are involved in all this,,,ModItemConversation Corazon_Defeated KeywordT
564390066553,"Я просто жертва обстоятельств. Я пришла сюда делать бизнес, а не подставляться под пули. Я понимаю, что вы огорчены таким развитием событий, и готова вам помогать. Давайте начнем все сначала. Скажите, что вам нужно?",,CorazonSantiago,ModItemConversation Corazon_Defeated Text  section:Corazon_Defeated keyword:You are involved in all this
407496232658,Body parts,,,ModItemConversation Corazon_Defeated KeywordT
439293170620,Ха-ха-ха-ха. Фиделю нужны части тела.,,Fidel,ModItemConversation Corazon_Defeated Text  section:Corazon_Defeated keyword:Body parts
517035312463,Прошу прощения?..,,CorazonSantiago,ModItemConversation Corazon_Defeated Text  section:Corazon_Defeated keyword:Body parts
834081691198,"Вам есть за что ответить, мэм. И вы сделаете это в суде.",,Raider,ModItemConversation Corazon_Defeated Text  section:Corazon_Defeated keyword:You will answer in court
988948445303,Ты предстанешь перед судом. Здесь или где-то еще.,,Fauda,ModItemConversation Corazon_Defeated Text  section:Corazon_Defeated keyword:You will answer in court
387808218425,"Пора платить по счетам, Деревяшка!",,Gus,ModItemConversation Corazon_Defeated Text  section:Corazon_Defeated keyword:You will answer in court
297806017785,"Мисс Сантьяго, здесь были совершены военные преступления. Вас с нетерпением ждут в Гааге.",,Len,ModItemConversation Corazon_Defeated Text  section:Corazon_Defeated keyword:You will answer in court
456122223737,"Думаю, тебе понадобится адвокат. Я знаю нескольких, но не возьмусь их рекомендовать.",,Scully,ModItemConversation Corazon_Defeated Text  section:Corazon_Defeated keyword:You will answer in court
659887881705,Тебе надо очистить свою ауру... перед судом.,,Thor,ModItemConversation Corazon_Defeated Text  section:Corazon_Defeated keyword:You will answer in court
933327854226,"Признаю, что иногда я вела себя... некорректно, но я уверена, что мы сможем прийти к взаимовыгодному соглашению.",,CorazonSantiago,ModItemConversation Corazon_Defeated Text  section:Corazon_Defeated keyword:You will answer in court
321176446625,You will answer in court,,,ModItemConversation Corazon_Defeated KeywordT
925696735562,"За что? Я ничего не делала! Во всем виноват Фошо, а ваша агрессия в мой адрес ничем не обоснована. Впрочем, я готова всё забыть и пойти с вами на мировую.",,CorazonSantiago,ModItemConversation Corazon_Defeated Text  section:Corazon_Defeated keyword:You will answer in court
354600588921,You promised to explain everything,,,ModItemConversation Corazon_Defeated KeywordT
964842290636,Start talking. Now!,,,ModItemConversation Corazon_Defeated KeywordT
260179220430,"Ладно, только не надо меня пытать. Я сказала, что готова вам помочь. Что вам нужно?",,CorazonSantiago,ModItemConversation Corazon_Defeated Text  section:Corazon_Defeated keyword:Start talking. Now!
400105882612,Money,,,ModItemConversation Corazon_Defeated KeywordT
581746325747,"Разумеется, как только вы меня отпустите, я прослежу, чтобы вас должным образом вознаградили.",,CorazonSantiago,ModItemConversation Corazon_Defeated Text  section:Corazon_Defeated keyword:Money
710970204131,А грамоту почетную дашь? Не забудь про грамоту.,,Igor,ModItemConversation Corazon_Defeated Text  section:Corazon_Defeated keyword:Money
555594981596,"И паек увеличишь? Мне оленинки сушеной, если что.",,Omryn,ModItemConversation Corazon_Defeated Text  section:Corazon_Defeated keyword:Money
859799876035,И не забудь про ещё про выплату для Стеллы. За… моральный ущерб.,,Mouse,ModItemConversation Corazon_Defeated Text  section:Corazon_Defeated keyword:Money
802795382127,Information,,,ModItemConversation Corazon_Defeated KeywordT
909841251213,"Всю эту грязь развел <em>полковник Фошо</em>. Он собирался свергнуть президента, отца вашей подружки <em>Эммы Лафонтен</em>. Он и ко мне обращался за финансовой помощью, но я отказалась в это ввязываться.",,CorazonSantiago,ModItemConversation Corazon_Defeated Text  section:Corazon_Defeated keyword:Information
572241336462,"Да-да, конечно.",,Raven,ModItemConversation Corazon_Defeated Text  section:Corazon_Defeated keyword:Information
694707100106,"По крайней мере, публично, да?",,Shadow,ModItemConversation Corazon_Defeated Text  section:Corazon_Defeated keyword:Information
492000644772,Ну да. Тебе было не до того: ты стравливала наемников друг с другом.,,Ice,ModItemConversation Corazon_Defeated Text  section:Corazon_Defeated keyword:Information
766183871867,"Если вы меня отпустите, я скину вам всё, что знаю, и тогда вы сможете его устранить... если этого требует ваш контракт. Подробности мне ни к чему.",,CorazonSantiago,ModItemConversation Corazon_Defeated Text  section:Corazon_Defeated keyword:Information
704613799039,The truth,,,ModItemConversation Corazon_Defeated KeywordT
341129834640,"Конечно, я сообщу вам все, что знаю. Уверена, за такую информацию вы согласитесь меня отпустить.",,CorazonSantiago,ModItemConversation Corazon_Defeated Text  section:Corazon_Defeated keyword:The truth
868845792035,"Постарайся быть убедительной. Ты знаешь, что меня не проведешь.",,Spike,ModItemConversation Corazon_Defeated Text  section:Corazon_Defeated keyword:The truth
651056630336,Об этом не беспокойтесь. От вас сейчас требуются полные и честные признательные показания.,,Raider,ModItemConversation Corazon_Defeated Text  section:Corazon_Defeated keyword:The truth
946700790513,"Полагаю, этот мост мы сожжем, когда доберемся до него.",,Wolf,ModItemConversation Corazon_Defeated Text  section:Corazon_Defeated keyword:The truth
682404983026,"Я вступила в контакт с <em>полковником Фошо</em>, который собирался свергнуть президента, отца вашей подружки <em>Эммы Лафонтен</em>.",,CorazonSantiago,ModItemConversation Corazon_Defeated Text  section:Corazon_Defeated keyword:The truth
892007652672,"Пой, птичка, пой.",,Ivan,"ModItemConversation Corazon_Defeated Text reference to “The Little Golden Calf”/”The Twelve Chairs” - meaning ""The ice is breaking""  section:Corazon_Defeated keyword:The truth"
853795630059,Затравка неплохая. Перейдем к главному блюду.,,Blood,ModItemConversation Corazon_Defeated Text  section:Corazon_Defeated keyword:The truth
339059540901,"Ему были нужны деньги... или, может быть, наемники?",,Fauda,ModItemConversation Corazon_Defeated Text  section:Corazon_Defeated keyword:The truth
312080382125,"В обмен на финансовую поддержку он обещал мне монополию на добычу алмазов в долине, но, честное благородное слово, я не знала, что он планировал убить этих людей, чтобы подставить вас. Вот <em>контракт</em>, который я с ним заключила. Прошу, отпустите меня.",,CorazonSantiago,ModItemConversation Corazon_Defeated Text  section:Corazon_Defeated keyword:The truth
314310431004,Вот это другое дело!,,Len,ModItemConversation Corazon_Defeated Text  section:Corazon_Defeated keyword:The truth
805182191875,Впервые в жизни я вижу настоящий контракт с дьяволом.,,Barry,ModItemConversation Corazon_Defeated Text  section:Corazon_Defeated keyword:The truth
456181393675,"Удивительно, что он не подписан кровью.",,Grunty,ModItemConversation Corazon_Defeated Text  section:Corazon_Defeated keyword:The truth
583633837579,"Die, bitch!",,,ModItemConversation Corazon_Defeated KeywordT
720867182600,"Ты стоишь на пороге смерти. Мне очень интересно, какие мысли заполняют сейчас твою голову.",,Reaper,"ModItemConversation Corazon_Defeated Text  section:Corazon_Defeated keyword:Die, bitch!"
646869687721,Я сделаю все быстро... но очень болезненно.,,Flay,"ModItemConversation Corazon_Defeated Text  section:Corazon_Defeated keyword:Die, bitch!"
469661400353,Старина Спайк пришел получить свою долю... и еще кое-что сверху.,,Spike,"ModItemConversation Corazon_Defeated Text  section:Corazon_Defeated keyword:Die, bitch!"
613570290071,"Нет, нет, пожалуйста, не убивайте...",,CorazonSantiago,"ModItemConversation Corazon_Defeated Text  section:Corazon_Defeated keyword:Die, bitch!"
935043220528,Stay here. You are under arrest,,,ModItemConversation Corazon_Defeated KeywordT
260179220430,"Ладно, только не надо меня пытать. Я сказала, что готова вам помочь. Что вам нужно?",,CorazonSantiago,ModItemConversation Corazon_Defeated Text  section:Corazon_Defeated keyword:Stay here. You are under arrest
367108794284,Leave this country,,,ModItemConversation Corazon_Defeated KeywordT
822850880670,"Да, конечно. Я не хочу больше лезть в эти дела.",,CorazonSantiago,ModItemConversation Corazon_Defeated Text  section:Corazon_Defeated keyword:Leave this country
626656126580,Увидимся в суде. И лучше не вынуждайте меня вас искать.,,Raider,ModItemConversation Corazon_Defeated Text  section:Corazon_Defeated keyword:Leave this country
923552389671,"Убирайся, пока можешь. И чтоб ноги твоей больше в этом городе не видери!",,Tex,ModItemConversation Corazon_Defeated Text  section:Corazon_Defeated keyword:Leave this country
746782557948,"Тебе еще показания в суде давать, золотце. Не заставляй нас за собой гоняться.",,Scope,ModItemConversation Corazon_Defeated Text  section:Corazon_Defeated keyword:Leave this country
651040808250,"Ха-ха, Герман, ты танцуешь, как беременная свинья! Выше колени!",,LegionRaider,ModItemConversation Herman_1 Text  section:Herman_1 keyword:Greeting2
282865324856,"Да за что?! Я рассказал вам все, что вы просили!",,Herman,ModItemConversation Herman_1 Text  section:Herman_1 keyword:Greeting2
124111237846,"Да, ты сдал своего дружка. Молодец. А теперь я хочу, чтобы ты потанцевал на <em>минном поле</em>. Выживешь, получишь деньги.",,LegionRaider,ModItemConversation Herman_1 Text  section:Herman_1 keyword:Greeting2
357107362756,"Денег не надо, только отпустите!..",,Herman,ModItemConversation Herman_1 Text  section:Herman_1 keyword:Greeting2
858245047843,"...О святая куриная ножка, кажется, я наступил…",,Herman,ModItemConversation Herman_1 Text  section:Herman_1 keyword:Greeting2
791279735899,Let him go,,,ModItemConversation Herman_1 KeywordT
165306391611,"Сэр, прошу вас прекратить вести огонь по человеку на минном поле.",,Raider,ModItemConversation Herman_1 Text  section:Herman_1 keyword:Let him go
350171780028,Хорош дурью маяться. Отпусти беднягу.,,Grizzly,ModItemConversation Herman_1 Text  section:Herman_1 keyword:Let him go
235599288424,"Возможно, я лезу не в свое дело, но, мне кажется, вы к нему слишком жестоки.",,Livewire,ModItemConversation Herman_1 Text  section:Herman_1 keyword:Let him go
306228815291,"Ох! Фидель любит мины, тоже! Я может возьму эти мины. А ты побежишь, пока есть ещё ноги?!",,Fidel,ModItemConversation Herman_1 Text  section:Herman_1 keyword:Get out of here
919290748274,"Нас разделяет всего лишь минное поле, дубина. И моей пуле не нужны ботинки, чтобы его пересечь.",,Meltdown,ModItemConversation Herman_1 Text  section:Herman_1 keyword:Get out of here
483250742133,Ладно-ладно. Все. Веселье окончено. Пошли искать бухло.,,LegionRaider,ModItemConversation Herman_1 Text  section:Herman_1 keyword:Get out of here
118462598598,Get out of here,,,ModItemConversation Herman_1 KeywordT
106727324111,"Чтоб духу твоего здесь не было, а то весь дух вышибу!",,Steroid,ModItemConversation Herman_1 Text  section:Herman_1 keyword:Get out of here
160940183001,Немедленно прекратить и разойтись!,,Raven,ModItemConversation Herman_1 Text  section:Herman_1 keyword:Get out of here
575037729025,"Всё, смотали в ужасе! Друг в друга постреляете!",,Wolf,ModItemConversation Herman_1 Text  section:Herman_1 keyword:Get out of here
236527406375,CombatRedirect,,,ModItemConversation Herman_1 KeywordT
887141502836,"Кто вы такие?! Хотя не говорите, мне плевать. Сперва мы прибьем вас, а потом эту крысу.",,LegionRaider,ModItemConversation Herman_1 Text  section:Herman_1 keyword:CombatRedirect
924177724087,Merde! Убить их всех!,,LegionRaider,ModItemConversation Herman_1 Text  section:Herman_1 keyword:Die!
809987209632,"Не знаю, кто вы такие, но я обязан вам жизнью!",,Herman,ModItemConversation Herman_2 Text  section:Herman_2 keyword:Greeting
732822953197,"Тогда знай, что тебя спасли могучие руки Бобби Гонтарски!",,Steroid,ModItemConversation Herman_2 Text  section:Herman_2 keyword:Greeting
614953454563,Оставь свою жизнь себе! Раскрой свой потенциал!,,Thor,ModItemConversation Herman_2 Text  section:Herman_2 keyword:Greeting
922502116699,"Надеюсь, за это мне дадут медаль.",,Igor,ModItemConversation Herman_2 Text  section:Herman_2 keyword:Greeting
842723231714,"Ну, мне пора домой. А то меня <em>Марта</em> пилить будет… Сколько ж можно, твою мать…",,Herman,ModItemConversation Herman_2 Text  section:Herman_2 keyword:Greeting
135476786296,What’s this all about?,,,ModItemConversation Herman_2 KeywordT
146310410908,Чертов <em>Легион</em>!,,Herman,ModItemConversation Herman_2 Text  section:Herman_2 keyword:What’s this all about?
165094455716,Are you the one that was kidnapped by the Legion?,,,ModItemConversation Herman_2 KeywordT
806646706819,"Ну да... Они обещали мне заплатить - и видите, чем это кончилось!",,Herman,ModItemConversation Herman_2 Text  section:Herman_2 keyword:Are you the one that was kidnapped by the Legion?
852875594479,What happened?,,,ModItemConversation Herman_2 KeywordT
402037263054,"Они пришли в деревню и начали грабеж. А потом этот идиот <em>Тинхей</em> в них выстрелил! Они стали бить и допрашивать людей, и я... сказал им, кто это сделал.",,Herman,ModItemConversation Herman_2 Text  section:Herman_2 keyword:What happened?
515781603752,Чего?! Так ты стукач? Бли-и-ин.,,Ice,ModItemConversation Herman_2 Text  section:Herman_2 keyword:What happened?
245208346289,"Ты навёл? Ух-ох, нехорошо это. Всегда любила тихих мышек, больше, чем крыс.",,Mouse,ModItemConversation Herman_2 Text  section:Herman_2 keyword:What happened?
255398991603,Крыс никто не любит.,,Meltdown,ModItemConversation Herman_2 Text  section:Herman_2 keyword:What happened?
231780475358,"Я-то думал, они просто дадут ему в рыло. Кто же знал, что они его пристрелят?!",,Herman,ModItemConversation Herman_2 Text  section:Herman_2 keyword:What happened?
304755419820,"Ну да. Кто знал, что вооруженные преступники могут убить?",,Raven,ModItemConversation Herman_2 Text  section:Herman_2 keyword:What happened?
568044686333,"Плохо, чувак. Очень плохо.",,Ice,ModItemConversation Herman_2 Text  section:Herman_2 keyword:What happened?
967893164704,Десперадос не дают в рыро. Они сразу стреряют.,,Tex,ModItemConversation Herman_2 Text  section:Herman_2 keyword:What happened?
353341976896,"А потом они приволокли меня сюда. Я думал, мне конец...",,Herman,ModItemConversation Herman_2 Text  section:Herman_2 keyword:What happened?
450719094920,"Я бы с радостью поговорил еще, но меня ждет <em>Марта</em>, моя жена.",,Herman,ModItemConversation Herman_2 Text  section:Herman_2 keyword:Tell us...
473243993904,How about Deedee?,,,ModItemConversation Herman_2 KeywordT
374042501226,У жены вопросики к девочке по имени <em>Диди</em>.,,Fox,ModItemConversation Herman_2 Text  section:Herman_2 keyword:How about Deedee?
106468230349,"Твоя старуха говорит, что ты завел подружку на стороне, какую-то <em>Диди</em>.",,Ice,ModItemConversation Herman_2 Text  section:Herman_2 keyword:How about Deedee?
613533777959,"Твоя жена сказала, что где-то здесь живет злая колдунья <em>Диди</em>.",,Kalyna,ModItemConversation Herman_2 Text  section:Herman_2 keyword:How about Deedee?
392499589986,"Что, опять? О нет! Только не говорите, что я опять влип из-за этой дуры. Она меня ОДИН раз поцеловала, когда я приволок ей кое-что из лавки, а Марта до сих пор забыть не может. Ничего у нас не было! Я к ней не сунусь без саперного костюма... и вам не советую.",,Herman,ModItemConversation Herman_2 Text  section:Herman_2 keyword:How about Deedee?
127354946460,"Ха! Девчонка пугает больше, чем все бандиты вместе взятые!",,Mouse,ModItemConversation Herman_2 Text  section:Herman_2 keyword:How about Deedee?
418921082890,"По-моему, нормальная дамочка.",,Red,ModItemConversation Herman_2 Text  section:Herman_2 keyword:How about Deedee?
712794925043,Чокнутые дуры - это плохо. Чокнутые дуры с бомбами... это крайне плохо.,,Steroid,ModItemConversation Herman_2 Text  section:Herman_2 keyword:How about Deedee?
904059892650,"Она же тронутая в край! Гм, я про эту девчонку, конечно, а не про жену. Разумеется, не про жену.",,Herman,ModItemConversation Herman_2 Text  section:Herman_2 keyword:How about Deedee?
833546185179,"Солнышко, ты для себя главное это реши",,Fox,ModItemConversation Herman_2 Text  section:Herman_2 keyword:How about Deedee?
207014777776,"Ага, все ясно.",,Ice,ModItemConversation Herman_2 Text  section:Herman_2 keyword:How about Deedee?
311779845580,Та-а-ак.,,Raven,ModItemConversation Herman_2 Text  section:Herman_2 keyword:How about Deedee?
667595871645,"Только пусть насчет <em>Тинхея</em> останется между нами, да? А то в деревне могут не так понять.",,Herman,ModItemConversation Herman_2 Text  section:Herman_2 keyword:Goodbye
618023136945,Чего тут понимать? Ты сдал товарища. Пора держать ответ.,,Ice,ModItemConversation Herman_2 Text  section:Herman_2 keyword:Goodbye
579511437188,И Диди мы тоже никак не вспоминаем?,,Fox,ModItemConversation Herman_2 Text  section:Herman_2 keyword:Goodbye
595340078332,"Чего? Еще раз говорю, у нас ничего не было!.. Mein Gott, во что я вляпался...",,Herman,ModItemConversation Herman_2 Text  section:Herman_2 keyword:Goodbye
673011415792,"По-моему, тут можно понять только одним способом. Если я правильно посчитал.",,Omryn,ModItemConversation Herman_2 Text  section:Herman_2 keyword:Goodbye
797358386260,Отлично тебя понимаю. Люди такие ханжи!,,Livewire,ModItemConversation Herman_2 Text  section:Herman_2 keyword:Goodbye
141319539633,"Слушайте, я знаю, что вы не работаете бесплатно, но я вас награжу, когда вернусь в лавку... Я отдам вам всё, только пожалуйста: сохраните мою тайну! Идет?",,Herman,ModItemConversation Herman_2 Text  section:Herman_2 keyword:Goodbye
556241067985,"Okay, we won't tell",,,ModItemConversation Herman_2 KeywordT
798273607806,"Спасибо! Вы снова спасли мне жизнь! Заходите в лавку - и я отдам вам все, что у меня есть.",,Herman,"ModItemConversation Herman_2 Text  section:Herman_2 keyword:Okay, we won't tell"
631359419875,"Ну да, как говорится, молчание - золото.",,Ice,"ModItemConversation Herman_2 Text  section:Herman_2 keyword:Okay, we won't tell"
126848372631,"Не боись, мы твой секрет не выдадим!",,Meltdown,"ModItemConversation Herman_2 Text  section:Herman_2 keyword:Okay, we won't tell"
706375361526,"Ага. В таком случае я буду тиха, как… Ну… Ты понял.",,Mouse,"ModItemConversation Herman_2 Text  section:Herman_2 keyword:Okay, we won't tell"
666454699911,We can't promise,,,ModItemConversation Herman_2 KeywordT
777469532430,"Когда же кончатся мои мучения? Пожалуйста, не надо. Они же меня убьют! А если со мной что-то случится, кто позаботится о моей Марте?",,Herman,ModItemConversation Herman_2 Text  section:Herman_2 keyword:We can't promise
979184163111,"Извини, с крысами дел не имею.",,Ice,ModItemConversation Herman_2 Text  section:Herman_2 keyword:We can't promise
749388017899,"Я тебя судить не буду, а вот у твоих односельчан есть на это полное право.",,Raider,ModItemConversation Herman_2 Text  section:Herman_2 keyword:We can't promise
296034893002,"Уверена, драгоценная Марта сама о себе позаботится.",,Buns,ModItemConversation Herman_2 Text  section:Herman_2 keyword:We can't promise
222541729395,"Кто вы такие? Вы солдаты, но не из <em>Легиона</em>. Кто вас прислал?",,Luc,ModItemConversation Ernie_Luc Text  section:Ernie_Luc keyword:Greeting
254294094138,Emma LaFontaine sent us,,,ModItemConversation Ernie_Luc KeywordT
359587331904,"Эмма? Дочь президента? Она жива? Я так рад! Я хотел уйти из деревни и сказать ей о планах Легиона, что ее хотят захватить, но мой... мой сын <em>Пьер</em> был против.",,Luc,ModItemConversation Ernie_Luc Text  section:Ernie_Luc keyword:Emma LaFontaine sent us
711124650892,Prefer not to say,,,ModItemConversation Ernie_Luc KeywordT
350805934900,"Но... Ну да, конечно. Надеюсь, что вы сражаетесь против Легиона для того, чтобы помочь Эмме Лафонтен. Я хотел уйти из деревни и сказать ей, что Легион хочет ее захватить, но мой... мой сын <em>Пьер</em> был против.",,Luc,ModItemConversation Ernie_Luc Text  section:Ernie_Luc keyword:Prefer not to say
388257124053,"Он командует силами <em>Легиона</em> на острове, но он не из них. Ну, то есть он по духу не такой. Он хороший мальчик. Если вы пришли сражаться с Легионом, прошу вас, постарайтесь пощадить моего сына.",,Luc,ModItemConversation Ernie_Luc Text  section:Ernie_Luc keyword:Redirect
757955844485,We'll do our best to spare Pierre,,,ModItemConversation Ernie_Luc KeywordT
178831362394,Спасибо! У вас золотое сердце! Вы дали мне надежду.,,Luc,ModItemConversation Ernie_Luc Text  section:Ernie_Luc keyword:We'll do our best to spare Pierre
725909423124,обещали <em>Люку</em> пощадить Пьера,,,ModItemConversation Ernie_Luc SpecialConversationMessage
708200830097,Pierre is a criminal!,,,ModItemConversation Ernie_Luc KeywordT
119537904310,"Фидель не любит этот Пьер! Пфх! Вам полегчает, убью —не волнуйся.",,Fidel,ModItemConversation Ernie_Luc Text  section:Ernie_Luc keyword:Pierre is a criminal!
476268743634,"Да... да, наверное, я это заслужил. Но, прошу вас, не издевайтесь над стариком.",,Luc,ModItemConversation Ernie_Luc Text  section:Ernie_Luc keyword:Pierre is a criminal!
384075125143,"Наемники, я вас умоляю. Я знаю, что вы здесь не для того, чтобы вернуть старику сына, но, пожалуйста, если вы снова увидите Пьера, пощадите его.",,Luc,ModItemConversation Ernie_Luc Text  section:Ernie_Luc keyword:Goodbye
726073854853,"Спасибо, друзья! Мой мальчик жив - благодаря вам. Если я умру сегодня, то умру счастливым. Вот, я берег это для Пьера. Берите, я настаиваю!",,Luc,ModItemConversation Ernie_Luc Text  section:Ernie_Luc keyword:Greeting10
462142857885,"Очень жаль, что все так закончилось. Теперь, когда мы подняли руку на своего, деревня уже никогда не будет прежней.",,Luc,ModItemConversation Ernie_Luc Text  section:Ernie_Luc keyword:Greeting7
766564409607,"Я так рад, что вы убедили Базиля не вешать <em>Германа</em>. Если бы мы подняли руку на своего, деревня уже никогда не стала бы прежней.",,Luc,ModItemConversation Ernie_Luc Text  section:Ernie_Luc keyword:Greeting8
512922049926,"Мы пришли сюда, спасаясь от насилия, а теперь прибегаем к насилию, чтобы защитить себя. Воистину, эта проклятая страна не знает мира.",,Luc,ModItemConversation Ernie_Luc Text  section:Ernie_Luc keyword:Greeting9
638994977276,Есть новости о <em>Пьере</em>?,,Luc,ModItemConversation Ernie_Luc Text  section:Ernie_Luc keyword:Greeting2
981370948077,Bonjour! Рад видеть хороших друзей.,,Luc,ModItemConversation Ernie_Luc Text  section:Ernie_Luc keyword:Greeting6
994584443885,"Говорят, вы дрались с <em>Пьером</em>! Вы убили его, да? А ведь вы... вы обещали его пощадить! Зачем давать надежду старику, а потом разбивать его сердце?",,Luc,ModItemConversation Ernie_Luc Text  section:Ernie_Luc keyword:GreetingDead1
347222355033,"Говорят, вы дрались с <em>Пьером</em>! Вы ведь убили его, да? Нет! Нет, мальчик мой!..",,Luc,ModItemConversation Ernie_Luc Text  section:Ernie_Luc keyword:GreetingDead2
700613658920,Оставьте меня наедине с моим горем!,,Luc,ModItemConversation Ernie_Luc Text  section:Ernie_Luc keyword:GreetingDead3
544983199891,What's the story with Pierre?,,,ModItemConversation Ernie_Luc KeywordT
595922171434,"Он... Он не понимает, какой <em>выбор</em> мне пришлось сделать. Меня он не уважает и не слушает. Но, может быть, он послушает вас. Он <em>сбился с пути</em>. Покажите ему, что эта дорога ведет лишь к смерти.",,Luc,ModItemConversation Ernie_Luc Text  section:Ernie_Luc keyword:What's the story with Pierre?
796221158307,"Мудрость приходит к усердным, а не к упрямым.",,DrQ,ModItemConversation Ernie_Luc Text  section:Ernie_Luc keyword:What's the story with Pierre?
974861477890,What choices?,,,ModItemConversation Ernie_Luc KeywordT
725878901646,"Когда мою жену убили речные пираты, я собрал компанию друзей, взял сына и переехал на <em>остров Эрни</em>, подальше от войны. Но <em>Пьер</em>... ну, он не понял, почему я не хочу мстить. И сбежал от меня в Легион.",,Luc,ModItemConversation Ernie_Luc Text  section:Ernie_Luc keyword:What choices?
440073674464,"Pierre is just ""misguided""?",,,ModItemConversation Ernie_Luc KeywordT
389501344350,"Пьер с детства знал, что такое честь. Но Легион его испортил, заставил поступать дурно ради дисциплины и силы. Теперь он не отличает справедливость от жестокости.",,Luc,"ModItemConversation Ernie_Luc Text  section:Ernie_Luc keyword:Pierre is just ""misguided""?"
982598344010,Tell us about Ernie Island,,,ModItemConversation FlagHill_Emma_1 KeywordT
595672343906,"Пьер ненавидит этот остров, но в то же время хочет его защищать. Приехав сюда, мы с друзьями мечтали о тихой гавани. Пьер хочет того же, но по-своему.",,Luc,ModItemConversation Ernie_Luc Text  section:Ernie_Luc keyword:Tell us about Ernie Island
827591520302,What happened to Tinhay?,,,ModItemConversation Ernie_Luc KeywordT
474421116932,"Он был моим самым близким другом. Он заботился о моем сыне, когда тот был еще совсем маленьким. Но когда <em>Пьер</em> вернулся сюда с новыми друзьями из Легиона, они убили старого <em>Тинхея</em>, как бродячую собаку. 
А Пьер смотрел и даже не пытался вмешаться.",,Luc,ModItemConversation Ernie_Luc Text  section:Ernie_Luc keyword:What happened to Tinhay?
463826081473,Фидель тоже любит смотреть на такое. Ха-ха!,,Fidel,ModItemConversation Ernie_Luc Text  section:Ernie_Luc keyword:What happened to Tinhay?
641939906503,Have you seen some other mercenaries?,,,ModItemConversation Ernie_Luc KeywordT
338815231288,"А, эти... Один из них - как там его? Биф? Бев? Не помню. В общем, он собирался плыть на тот заброшенный курорт, «<em>Кот д'Азур</em>». Я пытался его отговорить...",,Luc,ModItemConversation Ernie_Luc Text  section:Ernie_Luc keyword:Have you seen some other mercenaries?
192419149041,"Там очень коварные рифы - именно из-за них и прекратили стройку. Но он рассмеялся мне в лицо и сказал, что его <em>новый катер</em> с современным фиберглассовым корпусом выдержит что угодно.",,Luc,ModItemConversation Ernie_Luc Text  section:Ernie_Luc keyword:Have you seen some other mercenaries?
328189118728,Прощайте.,,Luc,ModItemConversation Ernie_Luc Text  section:Ernie_Luc keyword:Goodbye
388875162568,"Сработало! Видали? Сработало! О, да, здаров!. Я <em>Бомбическая Диди</em>! Вы ведь пришли за моими хлопушками? Последнюю партию я только что взорвала, но я могу сделать еще!",,Deedee,ModItemConversation Deedee Text  section:Deedee keyword:Greeting
242677370659,Are you okay?,,,ModItemConversation Deedee KeywordT
463929266040,Большой взрыв в маленькой комнатке - беда. Ты не ранена?,,Omryn,ModItemConversation Deedee Text  section:Deedee keyword:Are you okay?
585131381791,"Как вы себя чувствуете? Головокружение, звон в ушах?",,MD,ModItemConversation Deedee Text  section:Deedee keyword:Are you okay?
279285702252,"Это на тебе одежда горит, или просто аура такая?",,Thor,ModItemConversation Deedee Text  section:Deedee keyword:Are you okay?
648071935199,"Ох, не беспокойтесь! Взрывы здесь - обычное дело. У меня под верстаком противоосколочный щит, я умею очень быстро за ним прятаться.",,Deedee,ModItemConversation Deedee Text  section:Deedee keyword:Are you okay?
795796153744,Nice house...,,,ModItemConversation Deedee KeywordT
664332341259,"Интересно тут у тебя... Мебель прямо-таки кричит «прячься в укрытие», а следы копоти на стене отвечают «все равно не поможет».",,Wolf,ModItemConversation Deedee Text  section:Deedee keyword:Nice house...
278045926775,"Хочу заметить, что от него уже мало что осталось.",,Buns,ModItemConversation Deedee Text  section:Deedee keyword:Nice house...
225291837518,"Тут пожаров быть больше, чем у меня в гараже! Я одобрять!",,Vicki,ModItemConversation Deedee Text  section:Deedee keyword:Nice house...
114758288414,"Спасибо! Кстати, краска огнеупорная. Сама готовила. Магазинная нифига не выдерживает.",,Deedee,ModItemConversation Deedee Text  section:Deedee keyword:Nice house...
279389344548,Watch out with that!,,,ModItemConversation Deedee KeywordT
492081531985,"Осторожней, дура!",,Meltdown,ModItemConversation Deedee Text  section:Deedee keyword:Watch out with that!
430944505664,Взрывчатка - это не хлопушки! Взрывчатка - это... взрывчатка.,,Barry,ModItemConversation Deedee Text  section:Deedee keyword:Watch out with that!
344206798941,"Тебе что, жить надоело?",,Wolf,ModItemConversation Deedee Text  section:Deedee keyword:Watch out with that!
362575615024,"Ну чё вы сердитесь? Никто же не пострадал. Обычно, когда что-то взрывается, люди сердятся, если теряют любимую руку, а у вас, вон - даже пальцы на месте!",,Deedee,ModItemConversation Deedee Text  section:Deedee keyword:Watch out with that!
908093182581,Э! Э-э-э. Фидель теряет палец — ты теряешь ногу. Обе их.,,Fidel,ModItemConversation Deedee Text  section:Deedee keyword:Watch out with that!
260813439218,"Эй, эй, дамочка! Вот пусть так и остается!",,Red,ModItemConversation Deedee Text  section:Deedee keyword:Watch out with that!
568343595601,"Ну да, но седых волос у меня добавилось.",,Grizzly,ModItemConversation Deedee Text  section:Deedee keyword:Watch out with that!
888916594123,"О, привет! Меня зовут Бомба - и не просто так! Дошло?",,Deedee,ModItemConversation Deedee Text  section:Deedee keyword:Greeting2
822978725697,Do you sell explosives?,,,ModItemConversation Deedee KeywordT
133944997432,"Ага, но у меня кончаются припасы. Ах, если принесете <em>запчасти</em>, я сделаю вам <em>хлопушки</em>! Можно старые и скучные, но у меня есть парочка новых идей!",,Deedee,ModItemConversation Deedee Text  section:Deedee keyword:Do you sell explosives?
259686519463,Хо-хо-хо-хо! Фидель бы посмотрел!,,Fidel,ModItemConversation Deedee Text  section:Deedee keyword:Do you sell explosives?
475287020390,"Уж лучше скучные. Мне нравится, когда у меня две руки и две ноги.",,Ice,ModItemConversation Deedee Text  section:Deedee keyword:Do you sell explosives?
299958726808,Ух ты! Прям квест! Я соберу все запчасти на этом острове!,,Kalyna,ModItemConversation Deedee Text  section:Deedee keyword:Do you sell explosives?
327678778994,We can improve the design,,,ModItemConversation Deedee KeywordT
290426013069,"О. Сделано мило, но дядя Фидель научит экономить запчасти. А? Видишь предохранитель? Ха-ха-ха! Он для разминирования, но кому это надо! Уберём — взрывчатки пихнём! Ха-ха-ха!",,Fidel,ModItemConversation Deedee Text  section:Deedee keyword:We can improve the design
348585236157,"Ух ты, прямо суперопасно! Сама бы ни за что не додумалась! Спасибище!",,Deedee,ModItemConversation Deedee Text  section:Deedee keyword:We can improve the design
565171697921,Такой совет кажется мне очень сомнительным.,,DrQ,ModItemConversation Deedee Text  section:Deedee keyword:We can improve the design
748960352227,А голосок в моей голове вопит «плохая идея»…,,Mouse,ModItemConversation Deedee Text  section:Deedee keyword:We can improve the design
524552415868,У меня гнетущее предчувствие. У кого-нибудь еще оно есть?,,Raven,ModItemConversation Deedee Text  section:Deedee keyword:We can improve the design
885691479423,Where do we find parts?,,,ModItemConversation Deedee KeywordT
390464785016,"А в <em>Жестянке</em> вы были? Там в бункере полно всяких классных штук, из которых можно делать помпезные взрывы!",,Deedee,ModItemConversation Deedee Text  section:Deedee keyword:Where do we find parts?
298478786364,"А еще, наверное, там полно твоих дружков из Легиона.",,Raider,ModItemConversation Deedee Text  section:Deedee keyword:Where do we find parts?
415513620959,"А этот бункер часом не занят солдатами, а?",,Red,ModItemConversation Deedee Text  section:Deedee keyword:Where do we find parts?
116201517125,"Бункер? Может, там есть запасы еды? Ааа, может, их уже и сожрали бандиты.",,Omryn,ModItemConversation Deedee Text  section:Deedee keyword:Where do we find parts?
820592462879,"Ну, да, там есть мальчики из Легиона, но они вовсе не такие плохие, если познакомиться с ними поближе. Погодьте, ща карту нарисую!",,Deedee,ModItemConversation Deedee Text  section:Deedee keyword:Where do we find parts?
488861110344,Требуется: <color EmStyle>25 запчастей</color>,,,ModItemConversation Deedee PhraseRolloverText
982637606002,Требуется: <color EmStyle>15 запчастей</color>,,,ModItemConversation Deedee PhraseRolloverText
460112610932,"С радостью, но мне нужны материалы. Я не умею делать бомбы из воздуха.",,Deedee,ModItemConversation Deedee Text  section:Deedee keyword:Make us some explosives
555613892339,Ха! Дилетантка.,,Larry,ModItemConversation Deedee Text  section:Deedee keyword:Make us some explosives
536759496951,"Оу! А чо, уже Новый Год? Спасибки! Ну, давайте меняться: запчасти на хлопушки!",,Deedee,ModItemConversation Deedee Text  section:Deedee keyword:Make us some explosives
237524957773,"Тогда, пожалуй, нам пора.",,Ice,ModItemConversation Deedee Text  section:Deedee keyword:Make us some explosives
397180425004,"Если честно, мне любознательно. Обычно я заказываю по каталогу.",,Barry,ModItemConversation Deedee Text  section:Deedee keyword:Make us some explosives
960095550001,"У нас в городке был тип, который так же торговал со своего пикапа.",,Meltdown,ModItemConversation Deedee Text  section:Deedee keyword:Make us some explosives
954966894269,Make us some explosives,,,ModItemConversation Deedee KeywordT
854746601877,"Оу! А чо, уже Новый Год? Спасибки! Вот, это мой подарок дяде Фиделю и его друзьям!",,Deedee,ModItemConversation Deedee Text  section:Deedee keyword:Make us some explosives
299751977373,"О, боже мой. Фидель, как дядюшка, который с прибаутками случайно поджигает дом на вечеринке.",,Mouse,ModItemConversation Deedee Text  section:Deedee keyword:Make us some explosives
387860591529,«Дядя Фидель»? Так вот как они размножаются?,,Fox,ModItemConversation Deedee Text  section:Deedee keyword:Make us some explosives
293325695673,Фидель стал дядей? За это надо выпить!,,Igor,ModItemConversation Deedee Text  section:Deedee keyword:Make us some explosives
,,,,ModItemConversation Deedee GrantedItemsEditorTextUI
374820773907,Tell us...,,,ModItemConversation Herman_2 KeywordT
678921777037,"Э! Говорите быстрее, я только что поставила таймер! Хи-хи-хи, <em>шучу</em>! Я вообще не пользуюсь таймерами! Хи-хи-хи! О! <em>Бомбы</em> - это так весело!",,Deedee,ModItemConversation Deedee Text  section:Deedee keyword:Tell us...
752664871428,"Why ""Boombastic""?",,,ModItemConversation Deedee KeywordT
392992508038,"Потому что меня так и прозвали. Ну, или я сама себя прозвала. Старый брюзга <em>Базиль</em> называет меня всякими другими словами, половину из которых я даже не понимаю. Кстати, а что значит «раздолбайка»?",,Deedee,"ModItemConversation Deedee Text  section:Deedee keyword:Why ""Boombastic""?"
357614346671,"Ну, это значит, что ты здорово умеешь раздалбывать все вокруг своими бомбами!",,Fidel,"ModItemConversation Deedee Text  section:Deedee keyword:Why ""Boombastic""?"
849955228634,"Ну да, мальчики из <em>Легиона</em> за это меня очень уважают. Когда они приходят ко мне в гости, они ведут себя очень вежливо и приносят всякие полезные запчасти для бомб!",,Deedee,"ModItemConversation Deedee Text  section:Deedee keyword:Why ""Boombastic""?"
966043019025,"Мне жаль тебя огорчать, дамочка, но, боюсь, эти мальчики больше не смогут тебя навещать.",,Red,"ModItemConversation Deedee Text  section:Deedee keyword:Why ""Boombastic""?"
556302062434,"Не хочу тебя расстраивать, но, похоже, клиентов на острове у тебя поубавится.",,Blood,"ModItemConversation Deedee Text  section:Deedee keyword:Why ""Boombastic""?"
784879969485,"Не мне судить, конечно, но, по-моему, тебе стоит поискать клиентов получше.",,Livewire,"ModItemConversation Deedee Text  section:Deedee keyword:Why ""Boombastic""?"
536217713512,"Они тебя обманывают, как и все мужики. Самое вкусное они оставляют себе!",,Fox,ModItemConversation Deedee Text  section:Deedee keyword:Stop helping the Legion
528178895857,"Вот эти запчасти, что ли? Очень барахло.",,Barry,ModItemConversation Deedee Text  section:Deedee keyword:Stop helping the Legion
116073481214,"Да ладно, дамочка! Они дают тебе всякий хлам!",,Red,ModItemConversation Deedee Text  section:Deedee keyword:Stop helping the Legion
354440729538,"Но они не пускают меня в свой форт, а там столько всяких чудесных штук... Если вы убедите их меня пустить, у меня будет столько запчастей, что я смогу делать хлопушки просто так!",,Deedee,ModItemConversation Deedee Text  section:Deedee keyword:Stop helping the Legion
280781170424,Дядя Фидель надерет им задницы и принесет тебе лучший запчасти.,,Fidel,ModItemConversation Deedee Text  section:Deedee keyword:Stop helping the Legion
569089713012,Обязательно! Обещаю!,,Livewire,ModItemConversation Deedee Text  section:Deedee keyword:Stop helping the Legion
207898515224,убедили <em>Диди</em> перестать помогать Легиону,,,ModItemConversation Deedee SpecialConversationMessage
287963674293,Stop helping the Legion,,,ModItemConversation Deedee KeywordT
525705150892,Но... но... они хорошие! Они дают мне запчасти для хлопушек!,,Deedee,ModItemConversation Deedee Text  section:Deedee keyword:Stop helping the Legion
364343867625,"Это недопустимо! Они используют твою взрывчатку, чтобы терроризировать население.",,Raider,ModItemConversation Deedee Text  section:Deedee keyword:Stop helping the Legion
892341062673,"Ну, если это население принесет мне запчасти, я дам ему хлопушки, чтобы оно само всех терроризировало!",,Deedee,ModItemConversation Deedee Text  section:Deedee keyword:Stop helping the Legion
769740648850,"А еще... Когда я делаю хлопушки, мне все равно, где они взорвутся. Я просто люблю красивые взрывы!",,Deedee,ModItemConversation Deedee Text  section:Deedee keyword:Stop helping the Legion
705309260165,What do you think of Basil?,,,ModItemConversation Deedee KeywordT
959660112567,"Он не плохой, он просто другой. Он любит чинить всякие штуки. А я люблю их взрывать.",,Deedee,ModItemConversation Deedee Text  section:Deedee keyword:What do you think of Basil?
401500426103,Why explosives?,,,ModItemConversation Deedee KeywordT
605476269895,"Ну, сначала это было хобби. Тут на берегу валяется много всякого железа со старой войны - мины там, снаряды... В детстве я любила играть в сапера с друзьями, но потом друзья у меня закончились.",,Deedee,ModItemConversation Deedee Text  section:Deedee keyword:Why explosives?
306478899184,А! Эх. У Фидель был такое же детство. Мы играли в вышибалу гранатами. *вздыхает* Золотое время.,,Fidel,ModItemConversation Deedee Text  section:Deedee keyword:Why explosives?
376227526518,Know anything about President LaFontaine?,,,ModItemConversation Deedee KeywordT
893586109774,"Э-э, что за президент? Извините, не знаю такого. Надеюсь, я случайно его не взорвала? А то люди так беззаботно ведут себя с минами... Как будто у них дома их нет, хе-хе-хе!",,Deedee,ModItemConversation Deedee Text  section:Deedee keyword:Know anything about President LaFontaine?
620011986212,Да! И Фидель всегда удивляет.,,Fidel,ModItemConversation Deedee Text  section:Deedee keyword:Know anything about President LaFontaine?
236223261177,"Ну да, мина - вещь в хозяйстве незаменимая. Минное поле в каждый дом!",,Larry,ModItemConversation Deedee Text  section:Deedee keyword:Know anything about President LaFontaine?
302960477139,У меня возле дома коровье пастбище. Почти минное поле.,,Tex,ModItemConversation Deedee Text  section:Deedee keyword:Know anything about President LaFontaine?
554106182426,Ха-ха-ха! Взрывчатка - это та-а-ак круто! Прямо башню сносит! Ха-ха-ха!,,Deedee,ModItemConversation Deedee Text  section:Deedee keyword:Joke
822678596965,...ЧО?,,Grizzly,ModItemConversation Deedee Text  section:Deedee keyword:Joke
947084766313,...Чего?,,Raven,ModItemConversation Deedee Text  section:Deedee keyword:Joke
250925488139,Ха-ха-ха-ха! Да! Смешно!,,Steroid,ModItemConversation Deedee Text  section:Deedee keyword:Joke
570765357321,"Идет сапер по минному полю... Бум! Мины нет! Сапера тоже! Хе-хе, дошло?",,Deedee,ModItemConversation Deedee Text  section:Deedee keyword:Joke
999638239606,"Хе-хе... Неплохо, дамочка. Неплохо.",,Red,ModItemConversation Deedee Text  section:Deedee keyword:Joke
566904845622,Дошло... До сожаления.,,Barry,ModItemConversation Deedee Text  section:Deedee keyword:Joke
624773179118,Хм... нет.,,Steroid,ModItemConversation Deedee Text  section:Deedee keyword:Joke
912206196515,"Знаете, куда саперы отправляются после смерти? Во все стороны! Ха-ха-ха-ха-ха!",,Deedee,ModItemConversation Deedee Text  section:Deedee keyword:Joke
212279544856,Ха-ха-ха-ха!  Какая милая девочка! А? Забавная!,,Fidel,ModItemConversation Deedee Text  section:Deedee keyword:Joke
214636245612,"О, кстати, что вы скажете об этой конструкции? Пожалуйста, испытайте ее в деле и расскажите, что получится... если сможете.",,Deedee,ModItemConversation Deedee Text says the second sentence quietly  section:Deedee keyword:Joke
872949881697,Joke,,,ModItemConversation Deedee KeywordT
400834756143,"Тик-так... Хы-хы-хы! Что это там тикает? Ох, бомбануться!",,Deedee,ModItemConversation Deedee Text  section:Deedee keyword:Joke
689964284904,Joke explosion,,,ModItemConversation Deedee KeywordT
698280913654,"Хе-хе-хе... Хороший шутка, но не хватает в шутке криков.",,Fidel,ModItemConversation Deedee Text  section:Deedee keyword:Joke explosion
350527392902,"Брось гранату! Ой, то есть не бросай гранату! Да гори оно все огнем! Эй, потуши сейчас же!",,MD,ModItemConversation Deedee Text  section:Deedee keyword:Hands up!
653131942606,"Дотянись до небес, малышка!",,Tex,ModItemConversation Deedee Text  section:Deedee keyword:Hands up!
450399969091,Хочу видеть эти ручки!,,Wolf,ModItemConversation Deedee Text  section:Deedee keyword:Hands up!
732311883484,"Не-не-не-не, опусти пушку и выметайся из мастерской! Ты совсем того? Хочешь нас всех взорвать?",,Deedee,ModItemConversation Deedee Text  section:Deedee keyword:Hands up!
880118514881,Хе-хе-хе-хе...,,Fidel,ModItemConversation Deedee Text  section:Deedee keyword:Hands up!
482976736771,Die!,,,ModItemConversation Jose_1 KeywordT
696548370710,Сейчас мы закроем твою маленькую фабрику бомб!,,Raven,ModItemConversation Deedee Text  section:Deedee keyword:Die!
442133144936,"Умри, маленький взрывной демон!",,Omryn,ModItemConversation Deedee Text  section:Deedee keyword:Die!
962435805719,Пришло время свинца!,,Meltdown,ModItemConversation Deedee Text  section:Deedee keyword:Die!
962803371885,"Играем грубо, да? Ну, у меня полный карман хлопушек спецом для таких контуженных!",,Deedee,ModItemConversation Deedee Text  section:Deedee keyword:Die!
145857667402,Die Explosion,,,ModItemConversation Deedee KeywordT
617128859646,Лови!,,Deedee,ModItemConversation Deedee Text  section:Deedee keyword:Die Explosion
386331047600,Sorry...,,,ModItemConversation Deedee KeywordT
726523820443,Гм. Извинения приняты. Но больше не смейте угрожать эксперту по хлопушкам!,,Deedee,ModItemConversation Deedee Text  section:Deedee keyword:Sorry...
460466081001,Ага! Точно!,,Fidel,ModItemConversation Deedee Text  section:Deedee keyword:Sorry...
586177032721,Hands up!,,,ModItemConversation Jose_1 KeywordT
848161864706,"Чё, откиснуть захотелось?! Ну что ж, я буду феечкой! Желание исполнено!",,Deedee,ModItemConversation Deedee Text  section:Deedee keyword:Hands up!
549654274476,Всего бомбастерно-бомбического! Приятно разлететься!,,Deedee,ModItemConversation Deedee Text  section:Deedee keyword:Goodbye
914926958596,"Надо ж, умеете вы ставить на место этих мерзавцев из Легиона... Хотела бы я сказать то же самое о моём <em>муже</em>... Они всего лишь наставили на него пушку, а тот поникся да пошел, куда ведут.",,Martha,ModItemConversation Martha_1 Text  section:Martha_1 keyword:Greeting
306616624462,Каждый герой по-своему. Просто не у всех есть ТАКИЕ БИЦЕПСЫ! Вы только на них посмотрите!,,Steroid,"ModItemConversation Martha_1 Text reference to ""Dr. Horrible's Sing-Along Blog""  section:Martha_1 keyword:Greeting"
127790313907,"Вы так говорите, как будто это что-то плохое.",,Mouse,ModItemConversation Martha_1 Text  section:Martha_1 keyword:Greeting
405839260163,"Именно так я и поступил, когда на меня в первый раз наставили ствол. И во второй. И в третий...",,MD,ModItemConversation Martha_1 Text  section:Martha_1 keyword:Greeting
603827246734,Некоторые парни не любят драться. Не понимаю я этих анти-драчунов.,,Wolf,ModItemConversation Martha_1 Text  section:Martha_1 keyword:Greeting
978457442009,"Если его не похитили, пусть молится о том, чтобы попасть мне в руки уже мертвым.",,Martha,ModItemConversation Martha_1 Text  section:Martha_1 keyword:Greeting
282644613635,"Добро пожаловать в магазин Марты и Германа... наверное, уже только Марты.
А теперь прошу меня извинить, у меня полно работы.",,Martha,ModItemConversation Martha_1 Text  section:Martha_1 keyword:Greeting3
243745806388,Моего <em>дурня-муженька</em> все еще нет? Я начинаю волноваться.,,Martha,ModItemConversation Martha_1 Text  section:Martha_1 keyword:Greeting2
860938909352,Your husband?,,,ModItemConversation Martha_1 KeywordT
829761527683,"Эти мерзавцы из <em>Легиона</em> завалились сюда, выпили все, что горит, а затем вытолкали Германа наружу и сказали, что хотят заплатить за его услуги...",,Martha,ModItemConversation Martha_1 Text  section:Martha_1 keyword:Your husband?
879876096800,"Если бы я был там, они бы ни за что не взяли вашего мужа живым!",,Steroid,ModItemConversation Martha_1 Text  section:Martha_1 keyword:Your husband?
226982544048,Совсем всё выпили?..,,Igor,ModItemConversation Martha_1 Text  section:Martha_1 keyword:Your husband?
839781393939,"Полагаю, что насовать ему полные карманы купюр в их планы не входило?",,Grizzly,ModItemConversation Martha_1 Text  section:Martha_1 keyword:Your husband?
587368152532,А пожрать у вас ничего не осталось? Просто любопытно.,,Omryn,ModItemConversation Martha_1 Text  section:Martha_1 keyword:Your husband?
824853246758,"Я за него волнуюсь, но меня опять терзают смутные сомнения по поводу всей этой авантюры!",,Martha,"ModItemConversation Martha_1 Text emphasis on ""I am""  section:Martha_1 keyword:Your husband?"
423073816095,We'll look for your husband,,,ModItemConversation Martha_1 KeywordT
261707413904,"Благодарю! Рада знать, что в мире еще остались порядочные люди. Прошу вас, верните мне моего Германа.",,Martha,ModItemConversation Martha_1 Text  section:Martha_1 keyword:We'll look for your husband
481779829623,"Не волнуйтесь, однако. Омрын - лучший следопыт. Сейчас поедим, и можно будет и пойти.",,Omryn,ModItemConversation Martha_1 Text  section:Martha_1 keyword:We'll look for your husband
625383267111,"Если ваш муж жив, значит... ваш муж жив. И мы его найдем.",,Wolf,ModItemConversation Martha_1 Text  section:Martha_1 keyword:We'll look for your husband
413879261286,"Не волнуйтесь, доставим его к вам в целости и сохранности.",,MD,ModItemConversation Martha_1 Text  section:Martha_1 keyword:We'll look for your husband
550602548502,"Да, и если застанете его с этой мелкой сучкой <em>Диди</em> с <em>Изумрудного берега</em> - обязательно скажите мне.",,Martha,ModItemConversation Martha_1 Text  section:Martha_1 keyword:We'll look for your husband
888023374290,"А если бы и были, мы бы пропагандировали собственный подход: залог крепкой семьи - регулярные совместные стрельбы!",,Raven,ModItemConversation Martha_1 Text  section:Martha_1 keyword:We'll look for your husband
378296268195,"При всем уважении, мэм, мы не семейные терапевты.",,Raider,ModItemConversation Martha_1 Text  section:Martha_1 keyword:We'll look for your husband
672431494920,"Хотела бы я, чтобы он был столь же храбр, как и вы! Прошу вас, верните его мне.",,Martha,ModItemConversation Martha_1 Text  section:Martha_1 keyword:We'll save your husband!
486438016438,"Не волнуйтесь, мэм. Приложим все силы.",,Raider,ModItemConversation Martha_1 Text  section:Martha_1 keyword:We'll save your husband!
593722049931,"Конечно, мы его приведем... если вы так хотите.",,Hitman,ModItemConversation Martha_1 Text  section:Martha_1 keyword:We'll save your husband!
660357947305,"Не волнуйтесь. Доставим вашего мужа обратно, ни одной чакры не повредив.",,Thor,ModItemConversation Martha_1 Text  section:Martha_1 keyword:We'll save your husband!
499955103515,"Надеюсь, он не с этой мелкой сучкой <em>Диди</em> с <em>Изумрудного берега</em>. Если он к ней поперся, то я ему устрою кенгурячью морду!",,Martha,ModItemConversation Martha_1 Text  section:Martha_1 keyword:We'll save your husband!
905166098481,пообещали <em>Марте</em> спасти Германа,,,ModItemConversation Martha_1 SpecialConversationMessage
290047471909,"Не волнуйтесь, мэм! Выручим мы вашего бедномужа.",,Steroid,ModItemConversation Martha_1 Text  section:Martha_1 keyword:We'll save your husband!
468039687392,Не бойтесь! Мы покараем злоумышленников и вернем вашего возлюбленного!,,Kalyna,ModItemConversation Martha_1 Text  section:Martha_1 keyword:We'll save your husband!
624904529495,Хорошо. Мы вернем беглого мужа.,,Igor,ModItemConversation Martha_1 Text  section:Martha_1 keyword:We'll save your husband!
220687917889,"Что, что может быть хуже, женщина?",,Red,ModItemConversation Martha_1 Text  section:Martha_1 keyword:We'll save your husband!
220796766667,Я верну его. Живым или мертвым.,,Steroid,ModItemConversation Martha_1 Text  section:Martha_1 keyword:We'll save your husband!
244558524415,"Постарайтесь живым, пожалуйста.",,Martha,ModItemConversation Martha_1 Text  section:Martha_1 keyword:We'll save your husband!
962406195418,"Ох, хуже, чем мертв - это очень плохо.",,Kalyna,ModItemConversation Martha_1 Text  section:Martha_1 keyword:We'll save your husband!
825541053549,"Он мог спутаться с этой мелкой сучкой <em>Диди</em> с <em>Изумрудного берега</em>. Если это так, то я сама его прибью!",,Martha,ModItemConversation Martha_1 Text  section:Martha_1 keyword:We'll save your husband!
974936739438,We'll save your husband!,,,ModItemConversation Martha_1 KeywordT
909750959084,"Вы так говорите, только чтобы утешить меня. А на самом деле он может быть мертв! Или того хуже!",,Martha,ModItemConversation Martha_1 Text  section:Martha_1 keyword:We'll save your husband!
621186886579,"Уверена, он спутался с этой мелкой сучкой <em>Диди</em> с <em>Изумрудного берега</em>. Но это не вашего ума дело!..",,Martha,ModItemConversation Martha_1 Text  section:Martha_1 keyword:We'll save your husband!
884230455095,"А, понимаю... Думаете, он вам изменяет, да?",,Fox,ModItemConversation Martha_1 Text  section:Martha_1 keyword:We'll save your husband!
391493558898,"Думаете, что он с другой женщиной? Не могу согласиться, что это хуже, чем смерть. Думаю, если вы немного успокоитесь...",,Livewire,ModItemConversation Martha_1 Text  section:Martha_1 keyword:We'll save your husband!
801415165107,«Успокоиться»?! Я ВАМ ДАМ ЩАС «УСПОКОИТЬСЯ»!!!,,Martha,ModItemConversation Martha_1 Text  section:Martha_1 keyword:We'll save your husband!
390315187162,"...Если он с ней, клянусь, я сама его убью!",,Martha,ModItemConversation Martha_1 Text  section:Martha_1 keyword:We'll save your husband!
492440381517,<em>Марта</em> недовольна,,,ModItemConversation Martha_1 SpecialConversationMessage
751563457207,We saved your husband!,,,ModItemConversation Martha_1 KeywordT
547024292487,"Тогда где же он? Только не говорите, что он с этой шлюхой <em>Диди</em>!.. Я сама его убью!",,Martha,ModItemConversation Martha_1 Text  section:Martha_1 keyword:We saved your husband!
770555183079,Nothing to worry about,,,ModItemConversation Martha_1 KeywordT
364062624244,"Это мы еще посмотрим. В любом случае, Герману предстоит многое мне объяснить. А теперь, если позволите, у меня много работы.",,Martha,ModItemConversation Martha_1 Text  section:Martha_1 keyword:Nothing to worry about
379688955376,Herman has his little secrets,,,ModItemConversation Martha_1 KeywordT
811743856435,"Он бабник, твой мужик.",,Ice,ModItemConversation Martha_1 Text  section:Martha_1 keyword:Herman has his little secrets
450820488813,"ДА НЕУЖЕЛИ? Это мы еще посмотрим! Спасибо, что рассказали - ох, ему придется выложить мне ВСЕ, пусть только домой вернется!",,Martha,ModItemConversation Martha_1 Text  section:Martha_1 keyword:Herman has his little secrets
202639740607,Deedee?,,,ModItemConversation Martha_1 KeywordT
897809008443,"«БОМБЕЗНАЯ Диди». Шизанутая девка, делает взрывчатку для <em>Легиона</em>. Водой её не пои, но дай всё повзрывать!",,Martha,ModItemConversation Martha_1 Text  section:Martha_1 keyword:Deedee?
328998729710,М! Фидель таких любит!,,Fidel,ModItemConversation Martha_1 Text  section:Martha_1 keyword:Deedee?
312844003501,"Значит, она сообщница.",,Raven,ModItemConversation Martha_1 Text  section:Martha_1 keyword:Deedee?
314578928560,Вы прям племянниц моих описываете. Каждую из них.,,Meltdown,ModItemConversation Martha_1 Text  section:Martha_1 keyword:Deedee?
709530499987,"Она уже давно на <em>Германа</em> глаз положила. Не удивлюсь, если это она тех головорезов и подослала, чтобы они привели Германа к ней!",,Martha,ModItemConversation Martha_1 Text  section:Martha_1 keyword:Deedee?
504337664375,"Ну, как-то это за уши притянуто.",,Mouse,ModItemConversation Martha_1 Text  section:Martha_1 keyword:Deedee?
808013904988,Я б сильно усомнилась!,,Vicki,ModItemConversation Martha_1 Text  section:Martha_1 keyword:Deedee?
525644805671,"Злобная колдунья, что похищает молодых парней? Я о таком слышала.",,Kalyna,ModItemConversation Martha_1 Text  section:Martha_1 keyword:Deedee?
754433106027,Emerald Coast?,,,ModItemConversation Martha_1 KeywordT
677083647189,"Там хорошее место - пляж и песчаные дюны. Мы с Германом хотели построить там коттедж, но обнаружили, что все буквально усыпано минами.",,Martha,ModItemConversation Martha_1 Text  section:Martha_1 keyword:Emerald Coast?
628994024409,"Несколько мин никого не повредят! Ну, почти никого.",,Fidel,ModItemConversation Martha_1 Text  section:Martha_1 keyword:Emerald Coast?
357023838307,Как я вас понимаю! Так сложно в наше время найти хороший дом.,,Livewire,ModItemConversation Martha_1 Text  section:Martha_1 keyword:Emerald Coast?
225449168526,У меня от минных полей одышка.,,Omryn,ModItemConversation Martha_1 Text  section:Martha_1 keyword:Emerald Coast?
187735119756,Не люблю миноукладчики. Они никогда за собой не подбирают.,,Barry,ModItemConversation Martha_1 Text  section:Martha_1 keyword:Emerald Coast?
247850946771,"Я вот уверена, что это всё - ее рук дело! Этой простифульды!",,Martha,ModItemConversation Martha_1 Text  section:Martha_1 keyword:Emerald Coast?
695021917784,Но... ему может быть плохо или... еще хуже! Его могла соблазнить другая женщина! Неужели вы ничего не можете сделать?,,Martha,ModItemConversation Martha_1 Text  section:Martha_1 keyword:This is none of our business
243044760509,Мы не частные сыщики. Мы не разыскиваем здесь изменщиков.,,Mouse,ModItemConversation Martha_1 Text  section:Martha_1 keyword:This is none of our business
252413091850,Пусть только попробует мне изменить! Я устрою ему кенгурячью морду!,,Martha,ModItemConversation Martha_1 Text  section:Martha_1 keyword:This is none of our business
336198083268,He's probably dead...,,,ModItemConversation Martha_1 KeywordT
623746948350,"Вам стоит подумать вот о чем: вместо того, чтобы флиртовать с другими девочками, он может быть мертв.",,Buns,ModItemConversation Martha_1 Text  section:Martha_1 keyword:He's probably dead...
583484681129,"Западло, конечно, такое говорить - но, скорее всего, он уже мертв.",,Meltdown,ModItemConversation Martha_1 Text  section:Martha_1 keyword:He's probably dead...
722317074668,"Этот Герман твой скорей всего мертв, но… найдём тебе тело, если надо.",,Nails,ModItemConversation Martha_1 Text  section:Martha_1 keyword:He's probably dead...
704396677683,"Как у вас язык поворачивается такое мне говорить! Вы жестокие! Даже не знаю, почему я решила, что вы чем-то отличаетесь от дикарей из Легиона... не желаю больше иметь с вами никаких дел.",,Martha,ModItemConversation Martha_1 Text  section:Martha_1 keyword:He's probably dead...
767826499215,"Успокойся, женщина. Мы посмотрим, что тут можно сделать.",,Red,ModItemConversation Martha_1 Text  section:Martha_1 keyword:He's probably dead...
801415165107,«Успокоиться»?! Я ВАМ ДАМ ЩАС «УСПОКОИТЬСЯ»!!!,,Martha,ModItemConversation Martha_1 Text  section:Martha_1 keyword:He's probably dead...
572323098107,What about the President?,,,ModItemConversation Martha_1 KeywordT
122810028067,"Какой еще президент? Я вас умоляю. Мне плевать на политику, у меня муж пропал!",,Martha,ModItemConversation Martha_1 Text  section:Martha_1 keyword:What about the President?
549346271050,"Если Герман мне изменяет, хочу придушить его собственноручно.",,Martha,ModItemConversation Martha_1 Text  section:Martha_1 keyword:Goodbye
766007532839,"Ладно, мне нужно работать. Прошу вас, сообщите, если узнаете что-либо о моем муже.",,Martha,ModItemConversation Martha_1 Text  section:Martha_1 keyword:Goodbye
777239424052,"Я видел, как вы разобрались с этими бандитами из <em>Легиона</em>. Неплохо. Но я сомневаюсь, что вы сделали это бесплатно. Увы, нам нечем платить вам за защиту.",,GreasyBasil,ModItemConversation GreasyBasil_1 Text  section:GreasyBasil_1 keyword:Greeting
898223872762,Мы очистили ваш город от Легиона по заказу другого клиента.,,Raider,ModItemConversation GreasyBasil_1 Text  section:GreasyBasil_1 keyword:We don't require payment
462663650674,Не волнуйтесь. Наш клиент желает вам помочь. И мы поможем.,,Buns,ModItemConversation GreasyBasil_1 Text  section:GreasyBasil_1 keyword:We don't require payment
943891981772,"Правда? Не понимаю, в чем ваша выгода, но я только за, разумеется.",,GreasyBasil,ModItemConversation GreasyBasil_1 Text  section:GreasyBasil_1 keyword:We don't require payment
433642054389,<em>Базиль</em> доволен,,,ModItemConversation GreasyBasil_1 SpecialConversationMessage
411645963465,We don't require payment,,,ModItemConversation GreasyBasil_1 KeywordT
346496975903,"Ну да, да. Бесплатный сыр бывает только в мышеловке. Пожалуйста, хотя бы не убивайте нас.",,GreasyBasil,ModItemConversation GreasyBasil_1 Text  section:GreasyBasil_1 keyword:We don't require payment
341083876288,Я похож на богача с мешками денег в штанах?,,GreasyBasil,ModItemConversation GreasyBasil_1 Text  section:GreasyBasil_1 keyword:You can spare some coin
215981072977,"Ну, если у мужчины есть что-то в штанах, я сразу это замечаю.",,Fox,ModItemConversation GreasyBasil_1 Text  section:GreasyBasil_1 keyword:You can spare some coin
924159144635,"Не знаю, что там у вас в штанах, но вижу, что они явно не последние.",,Livewire,ModItemConversation GreasyBasil_1 Text  section:GreasyBasil_1 keyword:You can spare some coin
697360481429,"Ладно, пожалуй, будет лучше, если наши деньги достанутся вам, а не Легиону. Вот, держите - вы их честно заработали.",,GreasyBasil,ModItemConversation GreasyBasil_1 Text  section:GreasyBasil_1 keyword:You can spare some coin
353350286540,You can spare some coin,,,ModItemConversation GreasyBasil_1 KeywordT
918651014875,"Посмотрите вокруг. Вы правда думаете, что мы прячем деньги в стенах? Да у нас тут и стен-то толком нет. Все, что было, уже выгреб Легион.",,GreasyBasil,ModItemConversation GreasyBasil_1 Text  section:GreasyBasil_1 keyword:You can spare some coin
333360536421,<em>Базиль</em> недоволен,,,ModItemConversation GreasyBasil_1 SpecialConversationMessage
328092960140,Redirect,,,ModItemConversation Pierre_2 KeywordT
991873754701,"Если вы действительно хотите нам <em>помочь</em>, лучше сделайте это до того, как Легион вернется и еще кого-нибудь <em>убьет</em>. Постойте… Или вы планируете свалить, как те, <em>другие наемники</em>?",,GreasyBasil,ModItemConversation GreasyBasil_1 Text  section:GreasyBasil_1 keyword:Redirect
883511991160,"Чего? Вы наняли <em>Пьера</em>? После всего, что он тут наделал?!",,GreasyBasil,ModItemConversation GreasyBasil_1 Text  section:GreasyBasil_1 keyword:Greeting8
131294188279,"Надеюсь. Я правда надеюсь - не ради вас, а ради бедного <em>Люка</em>. Я ведь чуть его не повесил за то, что натворил его недостойный сын.",,GreasyBasil,ModItemConversation GreasyBasil_1 Text  section:GreasyBasil_1 keyword:We will keep him in check
108174733891,"Не волнуйтесь, сэр. Я сделаю из этого юноши хорошего солдата.",,Len,ModItemConversation GreasyBasil_1 Text  section:GreasyBasil_1 keyword:We will keep him in check
813249244391,We will keep him in check,,,ModItemConversation GreasyBasil_1 KeywordT
769993302546,"Да-да, <em>Тинхею</em> это скажите. Не верь змее, когда она обещает не кусаться. А если веришь, значит, ты дурак.",,GreasyBasil,ModItemConversation GreasyBasil_1 Text  section:GreasyBasil_1 keyword:We will keep him in check
424025395776,"Дурак здесь ты, дядя Базиль. Из-за своего твердолобого упрямства ты чуть не повесил папу.",,PierreMerc,ModItemConversation GreasyBasil_1 Text  section:GreasyBasil_1 keyword:We will keep him in check
884195037124,"Заткнись, щенок. Если бы я это сделал, то виноват в этом был бы ты.",,GreasyBasil,ModItemConversation GreasyBasil_1 Text  section:GreasyBasil_1 keyword:We will keep him in check
628897142269,<em>Базиль</em> недоволен,,,ModItemConversation GreasyBasil_1 SpecialConversationMessage
520112077537,It is our decision to make,,,ModItemConversation GreasyBasil_1 KeywordT
615042250119,"Легко сказать «я так решил», но хватит ли у вас сил исполнить свое решение? Если из-за этого мальчишки еще кто-нибудь умрет, отвечать будете вы.",,GreasyBasil,ModItemConversation GreasyBasil_1 Text  section:GreasyBasil_1 keyword:It is our decision to make
237454323620,"Нет, отвечать буду я сам. Я не бродячий пес. Я различаю добро и зло.",,PierreMerc,ModItemConversation GreasyBasil_1 Text  section:GreasyBasil_1 keyword:It is our decision to make
531475082181,Сомневаюсь.,,GreasyBasil,ModItemConversation GreasyBasil_1 Text  section:GreasyBasil_1 keyword:It is our decision to make
609676340389,<em>Базиль</em> недоволен,,,ModItemConversation GreasyBasil_1 SpecialConversationMessage
510162300356,All fools deserve a second chance,,,ModItemConversation GreasyBasil_1 KeywordT
547749030570,"То же самое говорил и <em>Люк</em>, а он мудрый человек. Но одной мудрости мало, чтобы победить глупость, особенно когда из-за нее гибнут хорошие люди. Помните об этом и не спускайте глаз с <em>Пьера</em>.",,GreasyBasil,ModItemConversation GreasyBasil_1 Text  section:GreasyBasil_1 keyword:All fools deserve a second chance
733352944646,"Спасибо, что нашли время научить нас обороне. Должен сказать, что <em>ополчению</em>, которое вы подготовили, очень пригодился бы тот ваш <em>пулемет</em>. Вы можете его оставить?",,GreasyBasil,ModItemConversation GreasyBasil_1 Text  section:GreasyBasil_1 keyword:Greeting13
666949665943,"Я смотрю, у вас есть пулемет! Надеюсь, вы оставите его здесь. Он бы нам очень пригодился для защиты от <em>Легиона</em>.",,GreasyBasil,ModItemConversation GreasyBasil_1 Text  section:GreasyBasil_1 keyword:Greeting9
600815246364,MachineGunRedirect,,,ModItemConversation GreasyBasil_1 KeywordT
727261496902,The machine gun is yours,,,ModItemConversation GreasyBasil_1 KeywordT
406153122315,"Эх, хороша косилка! Немного смазки, новая станина - и никакой Легион нам будет не страшен.",,GreasyBasil,ModItemConversation GreasyBasil_1 Text  section:GreasyBasil_1 keyword:The machine gun is yours
935419481624,"Ага, man. Лентопротягу не забывай чистить и мазать. Эта обжора ест очень грязно.",,Vicki,ModItemConversation GreasyBasil_1 Text  section:GreasyBasil_1 keyword:The machine gun is yours
300329706971,Зачем мы оставляем пулемет?,,Fidel,ModItemConversation GreasyBasil_1 Text  section:GreasyBasil_1 keyword:The machine gun is yours
903431602065,"Жаль расставаться с этой красавицей, но теперь у нее есть новый дом.",,Grizzly,ModItemConversation GreasyBasil_1 Text  section:GreasyBasil_1 keyword:The machine gun is yours
118982008485,"Ох, черт. А я так хотела с ним еще поиграться.",,Meltdown,ModItemConversation GreasyBasil_1 Text  section:GreasyBasil_1 keyword:The machine gun is yours
254491909264,"Пулемет - оружие обороны, а не нападения. Он нам не нужен. Мы собираемся нападать, однако!",,Omryn,ModItemConversation GreasyBasil_1 Text  section:GreasyBasil_1 keyword:The machine gun is yours
639346096962,We'll keep it,,,ModItemConversation GreasyBasil_1 KeywordT
216488275866,"Кокосы-бананы. Понимаю, не переживайте. Наверное, в ваших руках он убьет больше мерзавцев из <em>Легиона</em>, чем в наших.",,GreasyBasil,ModItemConversation GreasyBasil_1 Text  section:GreasyBasil_1 keyword:We'll keep it
844108465808,"Уж поверьте. Обещаю, у нас эта зверушка всегда будет сыта и довольна.",,Grizzly,ModItemConversation GreasyBasil_1 Text  section:GreasyBasil_1 keyword:We'll keep it
830478250913,А то как же.,,Meltdown,ModItemConversation GreasyBasil_1 Text  section:GreasyBasil_1 keyword:We'll keep it
800691838711,"Йа. Каждый раз, когда эта киска будет мурчать, я буду ее гладить и вспоминать вас.",,Grunty,ModItemConversation GreasyBasil_1 Text  section:GreasyBasil_1 keyword:We'll keep it
945213070620,Хм-м-м... Спасибо?,,GreasyBasil,ModItemConversation GreasyBasil_1 Text  section:GreasyBasil_1 keyword:We'll keep it
560277227396,"Привет, друзья. Спасибо за все, что вы для нас сделали. Правда, спасибо. Но пока бандиты Пьера сидят в старом <em>форте</em>, покоя нам не будет.",,GreasyBasil,ModItemConversation GreasyBasil_1 Text  section:GreasyBasil_1 keyword:Greeting11
853415310668,"Я никогда в жизни не верил иностранцам. А теперь иностранцы помогли нам вернуть свободу. Судьба любит проверять убеждения на прочность, да?",,GreasyBasil,ModItemConversation GreasyBasil_1 Text  section:GreasyBasil_1 keyword:Greeting7
629218775434,Легион состоит из местных. Вы ему сильно верите?,,Wolf,ModItemConversation GreasyBasil_1 Text  section:GreasyBasil_1 keyword:Greeting7
457338671863,Крыть нечем.,,GreasyBasil,ModItemConversation GreasyBasil_1 Text  section:GreasyBasil_1 keyword:Greeting7
946202303175,Именно так и работает карма.,,Thor,ModItemConversation GreasyBasil_1 Text  section:GreasyBasil_1 keyword:Greeting7
103131989426,Мы пришли вам помогать.,,Grizzly,ModItemConversation GreasyBasil_1 Text  section:GreasyBasil_1 keyword:Greeting7
865244332405,"Но, понимаете, я вот о чем хотел сказать. Я думал, чем простой механик сможет вас отблагодарить, и... Вот. Выглядит коряво, но работает. Надеюсь, он вам пригодится.",,GreasyBasil,ModItemConversation GreasyBasil_1 Text  section:GreasyBasil_1 keyword:Greeting7
,,,,ModItemConversation GreasyBasil_1 GrantedItemsEditorTextUI
830209337166,"Племянник говорит, что вы охрененно крутецкие. И, пожалуй, я с ним соглашусь. Спасибо, что учите нас защищаться.",,GreasyBasil,ModItemConversation GreasyBasil_1 Text  section:GreasyBasil_1 keyword:Militiatrained3
958307958931,Мне самому понравилось вас учить защищаться. Слишком долго я учил бизнесменов пачкать друг друга краской из игрушечного оружия.,,Wolf,ModItemConversation GreasyBasil_1 Text  section:GreasyBasil_1 keyword:Militiatrained3
225522063439,"Когда бандиты из Легиона явятся в следующий раз, вы будете готовы их встретить.",,Raider,ModItemConversation GreasyBasil_1 Text  section:GreasyBasil_1 keyword:Militiatrained3
382412632959,Рано благодарите! Они еще стволы-то толком держать не научились!,,Red,ModItemConversation GreasyBasil_1 Text  section:GreasyBasil_1 keyword:Militiatrained3
989866870255,Он очень энергичный и выносливый юноша. Обожаю таких!,,Fox,ModItemConversation GreasyBasil_1 Text  section:GreasyBasil_1 keyword:Militiatrained3
791649459030,Тут как: учись быстро или умри молодым. Сечете?,,Ice,ModItemConversation GreasyBasil_1 Text  section:GreasyBasil_1 keyword:Militiatrained3
986775737098,Теперь вы настоящие защитники своего дома!,,Tex,ModItemConversation GreasyBasil_1 Text  section:GreasyBasil_1 keyword:Militiatrained3
842132684538,"Я до сих пор не уверен, что поступил правильно. И никогда не буду уверен. Мне... мне его не хватает.",,GreasyBasil,ModItemConversation GreasyBasil_1 Text  section:GreasyBasil_1 keyword:Greeting4
650519898246,"Скорбеть нормально. Не значит, что решение было неверным.",,Mouse,ModItemConversation GreasyBasil_1 Text  section:GreasyBasil_1 keyword:Greeting4
431160001317,Поступить по правде - это одно. Жить с этим - совсем другое.,,Thor,ModItemConversation GreasyBasil_1 Text  section:GreasyBasil_1 keyword:Greeting4
610925656189,Ты потому до сих пор не снял его труп?,,Meltdown,ModItemConversation GreasyBasil_1 Text  section:GreasyBasil_1 keyword:Greeting4
460766812950,Справедливость иногда требует жертв. Сочувствую вашей утрате.,,Raider,ModItemConversation GreasyBasil_1 Text  section:GreasyBasil_1 keyword:Greeting4
643290433677,"Иногда при виде этого повешенного <em>Германа</em> мне становится грустно. Тогда я вспоминаю, что из-за этого хорька я едва не повесил старину <em>Люка</em>.",,GreasyBasil,ModItemConversation GreasyBasil_1 Text *spits on the ground*  section:GreasyBasil_1 keyword:Greeting5
400314869064,Не. Стукач получил по заслугам.,,Ice,ModItemConversation GreasyBasil_1 Text  section:GreasyBasil_1 keyword:Greeting5
866957883605,Лить слёзок по нему не буду. Дурной он нытик был.,,Grizzly,ModItemConversation GreasyBasil_1 Text  section:GreasyBasil_1 keyword:Greeting5
792100015031,"Вы повесили того, кого надо. Остальное неважно.",,Wolf,ModItemConversation GreasyBasil_1 Text  section:GreasyBasil_1 keyword:Greeting5
620707192827,"Все-таки я рад, что в итоге петля нам не понадобилась. Но... Я оставлю ее висеть - как напоминание о том, что мы чуть не натворили.",,GreasyBasil,ModItemConversation GreasyBasil_1 Text  section:GreasyBasil_1 keyword:Greeting6
949216061400,"Разумно. Пусть она заставит людей подумать, прежде чем делать глупости.",,Raven,ModItemConversation GreasyBasil_1 Text  section:GreasyBasil_1 keyword:Greeting6
191065544873,"Фиделю грустно. Бедная, ненужная петля.",,Fidel,ModItemConversation GreasyBasil_1 Text  section:GreasyBasil_1 keyword:Greeting6
961162680620,"Ага... Только не пускайте к ней детей, ладно?",,Mouse,ModItemConversation GreasyBasil_1 Text  section:GreasyBasil_1 keyword:Greeting6
746710977734,"Хорошо, что вы помогли мальчику починить проектор. Теперь ему будет чем заняться. А то у меня все руки не доходили...",,GreasyBasil,ModItemConversation GreasyBasil_1 Text  section:GreasyBasil_1 keyword:Greeting10
697290114142,"Самое сложное было его не раздавить! Ну, то есть проектор, а не племяшку.",,Steroid,ModItemConversation GreasyBasil_1 Text  section:GreasyBasil_1 keyword:Greeting10
289562298486,"Всегда пожалуйста, но предупреждаю: я не несу ответственности за то, какие фильмы он будет на нем смотреть.",,Livewire,ModItemConversation GreasyBasil_1 Text  section:GreasyBasil_1 keyword:Greeting10
755218480596,"У меня дома был такой же, я его постоянно чинила.",,Kalyna,ModItemConversation GreasyBasil_1 Text  section:GreasyBasil_1 keyword:Greeting10
836679728026,Что вам нужно?,,GreasyBasil,ModItemConversation GreasyBasil_1 Text  section:GreasyBasil_1 keyword:Greeting2
718244823016,"Привет, друзья.",,GreasyBasil,ModItemConversation GreasyBasil_1 Text  section:GreasyBasil_1 keyword:Greeting3
147052177935,Someone was killed?,,,ModItemConversation GreasyBasil_1 KeywordT
552444516586,"Моего друга <em>Тинхея</em>. Когда Легион пришел нас грабить, он выстрелил в <em>Пьера</em> из снайперского гнезда. И промахнулся. А потом его схватили... и если я узнаю, кто его выдал, этот урод очень сильно пожалеет.",,GreasyBasil,ModItemConversation GreasyBasil_1 Text  section:GreasyBasil_1 keyword:Someone was killed?
599451640813,What is the story with Pierre?,,,ModItemConversation GreasyBasil_1 KeywordT
302114348835,Еще мальчишкой он бежал из дома и вступил <em>Легион</em>. А недавно вернулся во главе шайки мародеров. Разбил сердце бедному папаше.,,GreasyBasil,ModItemConversation GreasyBasil_1 Text  section:GreasyBasil_1 keyword:What is the story with Pierre?
790220972643,Родителей обижать нельзя. Семья - это важно. Долвичи это помнят.,,Igor,ModItemConversation GreasyBasil_1 Text  section:GreasyBasil_1 keyword:What is the story with Pierre?
197494132007,"Сдается мне, этот круг нам еще предстоит замкнуть.",,Thor,ModItemConversation GreasyBasil_1 Text  section:GreasyBasil_1 keyword:What is the story with Pierre?
985280680192,"По-моему, этот засранец напрашивается на порку.",,Meltdown,ModItemConversation GreasyBasil_1 Text  section:GreasyBasil_1 keyword:What is the story with Pierre?
399392000658,"Несмотря ни на что, <em>Люк</em> продолжает любить сына - даже после того, как Пьер убил нашего друга <em>Тинхея</em>. Иногда мне кажется... но нет, Люк бы не стал предавать старого друга, верно?",,GreasyBasil,ModItemConversation GreasyBasil_1 Text  section:GreasyBasil_1 keyword:What is the story with Pierre?
352695465395,Do you know anything about the President?,,,ModItemConversation GreasyBasil_1 KeywordT
981380858345,"Нет, извините. Я политикой не интересуюсь. От государства мы никогда не видели ничего хорошего. Плевать мне, жив этот ваш президент или сдох.",,GreasyBasil,ModItemConversation GreasyBasil_1 Text  section:GreasyBasil_1 keyword:Do you know anything about the President?
937079771614,What kind of help do you need?,,,ModItemConversation GreasyBasil_1 KeywordT
621772834111,"Мы не знаем, как отбиться от Легиона. Никто из нас не служил в армии. Даже в детстве в войнушку не играл. Я могу научить племянника починить винтовку, но не стрелять из нее.",,GreasyBasil,ModItemConversation GreasyBasil_1 Text  section:GreasyBasil_1 keyword:What kind of help do you need?
661061820661,"А я могу научить, как разбить винтовкой голову, а потом ее починить. Винтовку, не голову.",,Steroid,ModItemConversation GreasyBasil_1 Text  section:GreasyBasil_1 keyword:What kind of help do you need?
321657441576,Хорошо вас понимаю.,,Livewire,ModItemConversation GreasyBasil_1 Text  section:GreasyBasil_1 keyword:What kind of help do you need?
999054887017,"Я отлично умею и то, и другое, но учитель из меня никакой.",,Kalyna,ModItemConversation GreasyBasil_1 Text  section:GreasyBasil_1 keyword:What kind of help do you need?
424518101926,"Если вы мне поможете собрать <em>ополчение</em>, у нас будет хоть какой-то шанс против этих бандитов.",,GreasyBasil,ModItemConversation GreasyBasil_1 Text  section:GreasyBasil_1 keyword:What kind of help do you need?
985646054626,"По рукам, партнер! Снимаем сцену тренировок!",,Tex,ModItemConversation GreasyBasil_1 Text  section:GreasyBasil_1 keyword:What kind of help do you need?
844180614842,"Подготовка ополчения - моё второе имя! Запомните, а то забудете.",,Wolf,ModItemConversation GreasyBasil_1 Text  section:GreasyBasil_1 keyword:What kind of help do you need?
401311843740,"Да, этому городу нужны силы охраны порядка.",,Raider,ModItemConversation GreasyBasil_1 Text  section:GreasyBasil_1 keyword:What kind of help do you need?
657235691875,Is that all the help you need?,,,ModItemConversation GreasyBasil_1 KeywordT
667416975836,"Ну, в свое время я прикопал тут несколько старых винтовок. Я могу привести их в порядок, но этого вряд ли хватит для защиты.",,GreasyBasil,ModItemConversation GreasyBasil_1 Text  section:GreasyBasil_1 keyword:Is that all the help you need?
997586644681,Так можно делать только с русскими винтовками.,,Igor,ModItemConversation GreasyBasil_1 Text  section:GreasyBasil_1 keyword:Is that all the help you need?
824196279862,"Полностью согласен, шеф. Есть идеи, где можно пополнить арсенал?",,Wolf,ModItemConversation GreasyBasil_1 Text  section:GreasyBasil_1 keyword:Is that all the help you need?
313655502033,"Ну, этого не хватит даже для легкого перепиха... ой, перепалки, что это я!",,Fox,ModItemConversation GreasyBasil_1 Text  section:GreasyBasil_1 keyword:Is that all the help you need?
342146316175,"Я точно знаю, что еще с войны где-то на острове спрятан <em>пулемет</em>. Если вы его найдете, я приведу его в порядок, а потом мы подберем ему подходящую позицию.",,GreasyBasil,ModItemConversation GreasyBasil_1 Text  section:GreasyBasil_1 keyword:Is that all the help you need?
887648515955,Да! Фидель заслужил пулемет! Тра-та-та-та-та! Хе-хе-хе…,,Fidel,ModItemConversation GreasyBasil_1 Text  section:GreasyBasil_1 keyword:Is that all the help you need?
339862770092,Но... Я надеялся...,,GreasyBasil,ModItemConversation GreasyBasil_1 Text  section:GreasyBasil_1 keyword:Is that all the help you need?
957735968140,Ах! Пулемет и Фидель станут лучшими друзья.,,Fidel,ModItemConversation GreasyBasil_1 Text  section:GreasyBasil_1 keyword:Is that all the help you need?
892271507000,"У меня есть идея получше. Может, мы возьмем этот долбаный пулемет, грохнем нафиг всех этих уродов, а потом оставим его себе?",,Meltdown,ModItemConversation GreasyBasil_1 Text  section:GreasyBasil_1 keyword:Is that all the help you need?
588983703562,"Да, наверное, так тоже можно.",,GreasyBasil,ModItemConversation GreasyBasil_1 Text  section:GreasyBasil_1 keyword:Is that all the help you need?
955114111580,"Пулемет? Ой-ля-ля, вот это я понимаю!",,Grizzly,ModItemConversation GreasyBasil_1 Text  section:GreasyBasil_1 keyword:Is that all the help you need?
207587705040,"Как говорила мама, нет таких проблем, которых не мог бы решить пулемет.",,Grunty,ModItemConversation GreasyBasil_1 Text  section:GreasyBasil_1 keyword:Is that all the help you need?
396160119711,Help us help you!,,,ModItemConversation GreasyBasil_1 KeywordT
823516860251,"Не знаю, чем бедолага вроде меня может вам помочь... людей убивать я не умею.",,GreasyBasil,ModItemConversation GreasyBasil_1 Text  section:GreasyBasil_1 keyword:Help us help you!
314529093772,С этим мы и сами справимся. Нам пригодится материально-техническая поддержка.,,Buns,ModItemConversation GreasyBasil_1 Text  section:GreasyBasil_1 keyword:Help us help you!
722467041664,Оставьте это нам. А вот материальную помощь мы бы приняли с радостью.,,Raider,ModItemConversation GreasyBasil_1 Text  section:GreasyBasil_1 keyword:Help us help you!
583116846563,"Ну, я люблю возиться со всякими железками. Посмотрите, что у меня есть.",,GreasyBasil,ModItemConversation GreasyBasil_1 Text  section:GreasyBasil_1 keyword:Help us help you!
358178388614,We have found a machine gun,,,ModItemConversation GreasyBasil_1 KeywordT
411490929893,"Ого! Я смотрю, вы время не теряете! Надеюсь, вы нам его оставите. Он бы нам очень пригодился для защиты от <em>Легиона</em>.",,GreasyBasil,ModItemConversation GreasyBasil_1 Text  section:GreasyBasil_1 keyword:We have found a machine gun
965781615337,"Насколько мне известно, они хранят запасы патронов в <em>старом бункере</em> посреди <em>Жестянки</em>. Если вы обчистите его, скоро им станет нечем отстреливаться.",,GreasyBasil,ModItemConversation GreasyBasil_1 Text  section:GreasyBasil_1 keyword:Any advice on taking the Fort?
624150789775,...И тогда я раздавлю их черепушки вот этими голыми руками!,,Steroid,ModItemConversation GreasyBasil_1 Text  section:GreasyBasil_1 keyword:Any advice on taking the Fort?
811373249883,"Ой, приятно ж, когда не отстреливаются!",,Mouse,ModItemConversation GreasyBasil_1 Text  section:GreasyBasil_1 keyword:Any advice on taking the Fort?
493213755192,Запасы - это хорошо. Омрын знает толк в запасах.,,Omryn,ModItemConversation GreasyBasil_1 Text  section:GreasyBasil_1 keyword:Any advice on taking the Fort?
757100728549,"Вы уже знаете <em>Диди</em> с <em>Изумрудного берега</em>? Эта психопатка с милой улыбочкой снабжает Легион гранатами и прочей взрывчаткой, даже не задумываясь о том, что тут не так.",,GreasyBasil,ModItemConversation GreasyBasil_1 Text  section:GreasyBasil_1 keyword:Any advice on taking the Fort?
740726220583,Хм... А что тут не так?,,Fidel,ModItemConversation GreasyBasil_1 Text  section:GreasyBasil_1 keyword:Any advice on taking the Fort?
188041400543,"Ладно, проехали...",,GreasyBasil,ModItemConversation GreasyBasil_1 Text  section:GreasyBasil_1 keyword:Any advice on taking the Fort?
370756187815,"Ага. Милая дамочка, хоть и слегка того.",,Red,ModItemConversation GreasyBasil_1 Text  section:GreasyBasil_1 keyword:Any advice on taking the Fort?
372713216824,"Тут много чего не так. Взрывчатка - не конфеты, которые можно дарить налево и направо!",,Barry,ModItemConversation GreasyBasil_1 Text  section:GreasyBasil_1 keyword:Any advice on taking the Fort?
134306262802,"Если вы сумеете привести ее в чувство, вам будет проще разобраться с фортом.",,GreasyBasil,ModItemConversation GreasyBasil_1 Text  section:GreasyBasil_1 keyword:Any advice on taking the Fort?
505655354054,Any advice on taking the Fort?,,,ModItemConversation GreasyBasil_1 KeywordT
714225131746,"Тут у нас есть еще одна банда, <em>семейка Бастьена</em>. Уверен, они работают на Легион. Я видел, как этот Бастьен ходил на <em>Флаговый холм</em> - наверняка по поручению Пьера.",,GreasyBasil,ModItemConversation GreasyBasil_1 Text  section:GreasyBasil_1 keyword:Any advice on taking the Fort?
102202139167,"Крысиная морда? Крабья походка? Да, мы его видели.",,Omryn,ModItemConversation GreasyBasil_1 Text  section:GreasyBasil_1 keyword:Any advice on taking the Fort?
793121700594,Такой забавный… Как мужчинка-продаван-с-курорта-одной-рукой-у-меня-в-сумке.,,Mouse,ModItemConversation GreasyBasil_1 Text  section:GreasyBasil_1 keyword:Any advice on taking the Fort?
853661612755,Чертовски сомнительный тип.,,Ice,ModItemConversation GreasyBasil_1 Text  section:GreasyBasil_1 keyword:Any advice on taking the Fort?
369811196542,What other mercs?,,,ModItemConversation GreasyBasil_1 KeywordT
919939126097,"Какие-то клоуны, которые пытались выглядеть крутыми, но по большей части делали глупости. Я попросил их помочь разобраться с одной местной бандой, но они отказались, сославшись на какое-то важное задание.",,GreasyBasil,ModItemConversation GreasyBasil_1 Text  section:GreasyBasil_1 keyword:What other mercs?
906183317683,"Думаете, они могли похитить <em>президента</em>?",,Tex,ModItemConversation GreasyBasil_1 Text  section:GreasyBasil_1 keyword:What other mercs?
399123923371,Я не знаю.,,GreasyBasil,ModItemConversation GreasyBasil_1 Text  section:GreasyBasil_1 keyword:What other mercs?
924207872800,"Другие наемники? Но не крутые?  У меня аж подозрительные мурашки поползли, правда",,Vicki,ModItemConversation GreasyBasil_1 Text  section:GreasyBasil_1 keyword:What other mercs?
932407275626,"Ну и ладно. Может, они уже всех убили. Тогда нам будет мала-мала работки, хех.",,Omryn,ModItemConversation GreasyBasil_1 Text  section:GreasyBasil_1 keyword:What other mercs?
687995371696,"У них был новенький катер с эмблемой «<em>Адониса</em>», но они не были похожи на бизнесменов. Я предупредил, что здешние воды опасны, и предложил им <em>свои услуги</em>, но они отказались.",,GreasyBasil,ModItemConversation GreasyBasil_1 Text  section:GreasyBasil_1 keyword:What other mercs?
326519639936,У «<em>Адониса</em>» есть штатные силы безопасности. Зачем им посторонние наемники?,,Raider,ModItemConversation GreasyBasil_1 Text  section:GreasyBasil_1 keyword:What other mercs?
801528204229,"Нутром чую, что-то тут нечисто.",,Raven,ModItemConversation GreasyBasil_1 Text  section:GreasyBasil_1 keyword:What other mercs?
352365512855,"Шеф, думается мне, стоит покалякать с леди Корасон.",,Wolf,ModItemConversation GreasyBasil_1 Text  section:GreasyBasil_1 keyword:What other mercs?
133081536519,"Ну, сейчас мой катер свободен, а вообще для вас есть особое предложение: если вы решите наши проблемы с <em>Легионом</em>, я сделаю вам <em>скидку</em>.",,GreasyBasil,ModItemConversation GreasyBasil_1 Text  section:GreasyBasil_1 keyword:We'll need a ride
726278915656,"А если мы убьём легионеров, возьмём катер — привезём ещё и тоже здесь убьём… Будет твоя скидка… больше?",,Fidel,ModItemConversation GreasyBasil_1 Text  section:GreasyBasil_1 keyword:We'll need a ride
353851173766,Гм... Нет.,,GreasyBasil,ModItemConversation GreasyBasil_1 Text  section:GreasyBasil_1 keyword:We'll need a ride
644005266987,Хмх. Фидель уточнил.,,Fidel,ModItemConversation GreasyBasil_1 Text  section:GreasyBasil_1 keyword:We'll need a ride
314385979692,"А если мы прикончим их всех до единого, вы отвезете нас бесплатно?",,Meltdown,ModItemConversation GreasyBasil_1 Text  section:GreasyBasil_1 keyword:We'll need a ride
656250773467,"Извините, но... нет. Мне надо кормить семью.",,GreasyBasil,ModItemConversation GreasyBasil_1 Text  section:GreasyBasil_1 keyword:We'll need a ride
462356350233,"Ладно, проехали. Мы все равно прикончим их всех до единого.",,Meltdown,ModItemConversation GreasyBasil_1 Text  section:GreasyBasil_1 keyword:We'll need a ride
566221708425,"Предлагать скидки за убийство своих врагов - гениальный маркетинговый ход! Надеюсь, у вас не появятся конкуренты.",,Livewire,ModItemConversation GreasyBasil_1 Text  section:GreasyBasil_1 keyword:We'll need a ride
242175640491,We'll need a ride,,,ModItemConversation GreasyBasil_1 KeywordT
102238046407,"Конечно, друзья. За то, что вы нам помогли, я готов перевезти вас со <em>скидкой</em>.",,GreasyBasil,ModItemConversation GreasyBasil_1 Text  section:GreasyBasil_1 keyword:We'll need a ride
414327951669,Вот! Фидель принёс вам печень восьми легионеров. Теперь скидка будет больше? А?,,Fidel,ModItemConversation GreasyBasil_1 Text  section:GreasyBasil_1 keyword:We'll need a ride
257493033360,Ой... Нет.,,GreasyBasil,ModItemConversation GreasyBasil_1 Text  section:GreasyBasil_1 keyword:We'll need a ride
193897156757,"Ах. Фидель знал. Надо было все десять печёнок собрать, чтобы сдать квест. Ах…",,Fidel,ModItemConversation GreasyBasil_1 Text  section:GreasyBasil_1 keyword:We'll need a ride
868374565754,"Когда решите отправляться, откройте карту и покажите мне маршрут, а я заправлю старушку «Бетти». Учтите: высадив вас на материке, я сразу же отчалю домой. Если захотите вернуться, ищите другой катер в любом местном <em>порту</em>.",,GreasyBasil,ModItemConversation GreasyBasil_1 Text  section:GreasyBasil_1 keyword:We'll need a ride
204597426705,"Прощайте, друзья.",,GreasyBasil,ModItemConversation GreasyBasil_1 Text  section:GreasyBasil_1 keyword:Goodbye
794599056939,Au revoir.,,GreasyBasil,ModItemConversation GreasyBasil_1 Text  section:GreasyBasil_1 keyword:Goodbye
251750465153,"Ты был моим другом, Люк. И другом <em>Тинхея</em>. В том, что случилось, виноват ты.",,GreasyBasil,ModItemConversation GreasyBasil_2 Text  section:GreasyBasil_2 keyword:Greeting
942557161340,"Я вижу, ты уже принял решение, Базиль. Мои слова ничего не изменят.",,Luc,ModItemConversation GreasyBasil_2 Text  section:GreasyBasil_2 keyword:Greeting
941252303313,"Твой долбаный <em>Пьер</em> превратился в чудовище, а ты все еще считаешь его беззащитным мальчиком. А теперь из-за него погиб Тинхей!",,GreasyBasil,ModItemConversation GreasyBasil_2 Text  section:GreasyBasil_2 keyword:Greeting
289562549825,"Ты прав, Базиль. Я плохой отец и плохой друг. Я должен был научить сына...",,Luc,ModItemConversation GreasyBasil_2 Text resigned sigh; unfinished sentence  section:GreasyBasil_2 keyword:Greeting
388008687176,"Это все, что ты можешь сказать? Это уже не ТВОЙ Пьер! Это жестокий бандит! Тинхей был нашим другом! А теперь он мертв, а Пьер разгуливает на свободе! И именно из-за этого ты и стоишь тут с петлей на шее!",,GreasyBasil,ModItemConversation GreasyBasil_2 Text  section:GreasyBasil_2 keyword:Greeting
860505979670,"Тогда делай, что должен.",,Luc,ModItemConversation GreasyBasil_2 Text  section:GreasyBasil_2 keyword:Greeting
251750465153,"Ты был моим другом, Люк. И другом <em>Тинхея</em>. В том, что случилось, виноват ты.",,GreasyBasil,ModItemConversation GreasyBasil_2 Text  section:GreasyBasil_2 keyword:Greeting2
191033053472,Поступай как знаешь. Я пережил сына... мне больше незачем жить.,,Luc,ModItemConversation GreasyBasil_2 Text  section:GreasyBasil_2 keyword:Greeting2
824243373361,"Да, <em>Пьер</em> мертв. Туда ему и дорога! Он стал злодеем и получил по заслугам, но ты ему помог - и из-за этого погиб Тинхей. Если бы не ты...",,GreasyBasil,ModItemConversation GreasyBasil_2 Text  section:GreasyBasil_2 keyword:Greeting2
783341050000,"Заткнись. Делай, что должен. Мы с Пьером скоро встретимся.",,Luc,ModItemConversation GreasyBasil_2 Text  section:GreasyBasil_2 keyword:Greeting2
927302199163,GreetingInterjectionsRedirect,,,ModItemConversation GreasyBasil_2 KeywordT
211536007870,"Ах! Mira! Смотрите! Они его вешают! Хаха! Интересно, а попкорн тут есть какой-нибудь,.. что-нибудь? Конфеты — не знаю…",,Fidel,ModItemConversation GreasyBasil_2 Text  section:GreasyBasil_2 keyword:GreetingInterjectionsRedirect
241036513196,"Эй, гляньте, какая виселица! Черт возьми, это лучшее, что есть в ихней жопе мира.",,Meltdown,ModItemConversation GreasyBasil_2 Text  section:GreasyBasil_2 keyword:GreetingInterjectionsRedirect
587914854521,Не нравится мне это.,,Grizzly,ModItemConversation GreasyBasil_2 Text  section:GreasyBasil_2 keyword:GreetingInterjectionsRedirect
642762635512,Они там охренели?,,Ice,ModItemConversation GreasyBasil_2 Text  section:GreasyBasil_2 keyword:GreetingInterjectionsRedirect
835372071602,"Чего уставились, наемники? Это наше внутреннее дело. Вас оно не касается.",,GreasyBasil,ModItemConversation GreasyBasil_2 Text  section:GreasyBasil_2 keyword:GreetingInterjectionsRedirect
532166642949,What's going on?,,,ModItemConversation GreasyBasil_2 KeywordT
867550783779,"Тинхей, Люк и я... мы были лучшими друзьями. Мы основали эту деревню. А теперь Тинхей мертв... из-за Люка.",,GreasyBasil,ModItemConversation GreasyBasil_2 Text  section:GreasyBasil_2 keyword:What's going on?
728483185351,"<em>Тинхей</em> ненавидел бандитов из Легиона. Он попытался пристрелить одного из людей Пьера, когда они шатались по деревне, но промахнулся. А Люк готов на любую подлость ради своего проклятого сыночка! Он рассказал им, кто стрелял, и даже не стал это отрицать.",,GreasyBasil,ModItemConversation GreasyBasil_2 Text  section:GreasyBasil_2 keyword:What's going on?
149459385888,This is none of our business,,,ModItemConversation Martha_1 KeywordT
478591394532,Это может иметь крупные последствия!,,,ModItemConversation GreasyBasil_2 PhraseRolloverText
532939717885,"Но даже при этом мне жаль, что вам приходится это видеть. Простите, что собрал вас здесь. Пора заканчивать. Прощай, Люк. Помилуй Господь твою душу.",,GreasyBasil,ModItemConversation GreasyBasil_2 Text  section:GreasyBasil_2 keyword:This is none of our business
489215672697,"Хе-хе-хе! Смотрите, как ножками задрыгал!",,Fidel,ModItemConversation GreasyBasil_2 Text  section:GreasyBasil_2 keyword:This is none of our business
137066535063,"Беда. Его дух не защитит это место. Даже проклянет его, немножко.",,Omryn,ModItemConversation GreasyBasil_2 Text  section:GreasyBasil_2 keyword:This is none of our business
492981393888,Ужасно. Он был хороший.,,Vicki,ModItemConversation GreasyBasil_2 Text  section:GreasyBasil_2 keyword:This is none of our business
584979740250,Как-то мне нехорошо. Не хочу это видеть.,,Mouse,ModItemConversation GreasyBasil_2 Text  section:GreasyBasil_2 keyword:This is none of our business
195244342687,"Покойся с миром, старик.",,Ivan,ModItemConversation GreasyBasil_2 Text  section:GreasyBasil_2 keyword:This is none of our business
536286427274,Мать вашу! Он и правда это сделал!,,Meltdown,ModItemConversation GreasyBasil_2 Text  section:GreasyBasil_2 keyword:This is none of our business
550350635455,Абзац. Полный.,,Ice,ModItemConversation GreasyBasil_2 Text  section:GreasyBasil_2 keyword:This is none of our business
668492263985,эрнийцы повесили <em>Люка</em>,,,ModItemConversation GreasyBasil_2 SpecialConversationMessage
161338962307,Herman did it!,,,ModItemConversation GreasyBasil_2 KeywordT
192644574243,Это может иметь крупные последствия!,,,ModItemConversation GreasyBasil_2 PhraseRolloverText
953382416787,"Что-что?! Герман? Герман, это правда?",,GreasyBasil,ModItemConversation GreasyBasil_2 Text  section:GreasyBasil_2 keyword:Herman did it!
229383232255,Я... я не обязан объясняться перед тобой!,,Herman,ModItemConversation GreasyBasil_2 Text  section:GreasyBasil_2 keyword:Herman did it!
587786120498,"ЧТО?! Герман, как это понимать?",,Martha,ModItemConversation GreasyBasil_2 Text  section:GreasyBasil_2 keyword:Herman did it!
245636066272,"Я сделал это ради тебя, милая! Кто ныл, что ему здесь осточертело? Кто мне всю плешь проел с этим переездом в Арулько? Пляжи! Тишина и покой! А ведь на это, знаешь ли, деньги нужны!",,Herman,ModItemConversation GreasyBasil_2 Text  section:GreasyBasil_2 keyword:Herman did it!
811028147042,"Ты... Ты идиот! Зачем?! Первый раз в жизни решил меня послушать - и тут же сделал глупость! 
Базиль, пощади его! Он же не знал, что они убьют Тинхея!",,Martha,ModItemConversation GreasyBasil_2 Text  section:GreasyBasil_2 keyword:Herman did it!
986939909809,"Заткнись, Марта! Люди! Хватайте ублюдка!",,GreasyBasil,ModItemConversation GreasyBasil_2 Text  section:GreasyBasil_2 keyword:Herman did it!
169236322082,Не-е-ет! Пожалуйста...,,Martha,ModItemConversation GreasyBasil_2 Text  section:GreasyBasil_2 keyword:Herman did it!
155237357255,"Прости меня, Люк. Теперь я вижу, что ты защищал вовсе не Пьера.",,GreasyBasil,ModItemConversation GreasyBasil_2 Text  section:GreasyBasil_2 keyword:Herman did it!
701941408603,"Базиль, Герман - просто дурак. А я - дурак, который воспитал негодного сына, и дважды дурак, потому что по-прежнему его люблю. Но сейчас в дураках оказался и ты, верно? Может быть, все дураки заслуживают второго шанса?",,Luc,ModItemConversation GreasyBasil_2 Text  section:GreasyBasil_2 keyword:Herman did it!
114498724607,"Не нужно извиняться, Базиль. Мне все равно незачем жить. Мой сын умер. Отпусти этого дурака и возьми меня вместо него.",,Luc,ModItemConversation GreasyBasil_2 Text  section:GreasyBasil_2 keyword:Herman did it!
193772736580,"Люк, не говори глупостей.",,GreasyBasil,ModItemConversation GreasyBasil_2 Text  section:GreasyBasil_2 keyword:Herman did it!
406265648723,Spare Herman,,,ModItemConversation GreasyBasil_2 KeywordT
309518342493,Это может иметь крупные последствия!,,,ModItemConversation GreasyBasil_2 PhraseRolloverText
499770145900,"Он сделал глупость, но не заслуживает смерти.",,Raider,ModItemConversation GreasyBasil_2 Text  section:GreasyBasil_2 keyword:Spare Herman
835588116840,"Вам всем что, мало крови?",,MD,ModItemConversation GreasyBasil_2 Text  section:GreasyBasil_2 keyword:Spare Herman
236442552833,"Да ладно, не мучайте его... то есть, я хотел сказать, не судите строго.",,Grizzly,ModItemConversation GreasyBasil_2 Text  section:GreasyBasil_2 keyword:Spare Herman
971700738797,"Ладно. Хватит. Герман, можешь идти, но чтоб я духу твоего здесь больше не видел.",,GreasyBasil,ModItemConversation GreasyBasil_2 Text  section:GreasyBasil_2 keyword:Spare Herman
861508840968,Но...,,Herman,ModItemConversation GreasyBasil_2 Text  section:GreasyBasil_2 keyword:Spare Herman
191161701193,"Милый, заткнись, пока он не передумал, или я сама тебя вздерну! Идем, поможешь собрать вещи.",,Martha,ModItemConversation GreasyBasil_2 Text  section:GreasyBasil_2 keyword:Spare Herman
572944147588,эрнийцы никого не повесили,,,ModItemConversation GreasyBasil_2 SpecialConversationMessage
798197434685,Herman should hang,,,ModItemConversation GreasyBasil_2 KeywordT
348508638318,Это может иметь крупные последствия!,,,ModItemConversation GreasyBasil_2 PhraseRolloverText
842490026970,"О да! Сдал Тинхея, а потом смотрел, как Люка вешают за твое преступление? Ну ты и мразь, Герман!",,GreasyBasil,ModItemConversation GreasyBasil_2 Text  section:GreasyBasil_2 keyword:Herman should hang
107088882078,Нет! Пожалуйста...,,Herman,ModItemConversation GreasyBasil_2 Text  section:GreasyBasil_2 keyword:Herman should hang
800930361275,"Герман, ты будешь висеть, пока не сдохнешь! Марта, катись отсюда и больше не возвращайся. ",,GreasyBasil,ModItemConversation GreasyBasil_2 Text  section:GreasyBasil_2 keyword:Herman should hang
860524075453,Нет! Вешайте обоих! Вешайте всех!,,Fidel,ModItemConversation GreasyBasil_2 Text  section:GreasyBasil_2 keyword:Herman should hang
183737908602,Сурово как-то.,,Vicki,ModItemConversation GreasyBasil_2 Text  section:GreasyBasil_2 keyword:Herman should hang
209029186390,Все правильно. Это ничтожество получит по заслугам.,,Buns,ModItemConversation GreasyBasil_2 Text  section:GreasyBasil_2 keyword:Herman should hang
176721708698,Прямо как американский телек смотреть. Скучища.,,Ivan,ModItemConversation GreasyBasil_2 Text  section:GreasyBasil_2 keyword:Herman should hang
810616236703,Так ему и надо. Этот уродец мне сразу не понравился.,,Meltdown,ModItemConversation GreasyBasil_2 Text  section:GreasyBasil_2 keyword:Herman should hang
439765129641,Предатерей надо вешать!,,Tex,ModItemConversation GreasyBasil_2 Text  section:GreasyBasil_2 keyword:Herman should hang
679479886813,эрнийцы повесили <em>Германа</em>,,,ModItemConversation GreasyBasil_2 SpecialConversationMessage
223335313664,"Враг моего врага мой друг, спасибо, вот вам за помощь.",,ThugBoss_Balumba,ModItemConversation ThugBalumba Text  section:ThugBalumba keyword:Greeting
446448117426,"Мы заметили среди нападавших бойцов с такой же экипировкой, как у вас...",,,ModItemConversation ThugBalumba KeywordT
496528000618,"Произошел у нас тут разлад по взглядам на нынешнюю ситуацию, мы контрабандисты, централизация у нас имеется, но вот взгляды разнятся, после того как Легион начал захватывать страну некоторые поверили, что это теперь новая власть и лучше сразу налаживать с ними контакт, мол куй железо пока горячо.",,ThugBoss_Balumba,"ModItemConversation ThugBalumba Text  section:ThugBalumba keyword:Мы заметили среди нападавших бойцов с такой же экипировкой, как у вас..."
958865169204,"Контрабандисты, значит можете организовать нам какие-то интересные игрушки?",,,ModItemConversation ThugBalumba KeywordT
977289143439,"За этим не заржавеет, мы оказались взаперти на острове, так что начали снабжать местных партизан, денег у нас хватает и от штучной торговли мы сильно не выиграем, так что есть к вам взаимовыгодное предложение.",,ThugBoss_Balumba,"ModItemConversation ThugBalumba Text  section:ThugBalumba keyword:Контрабандисты, значит можете организовать нам какие-то интересные игрушки?"
158495869880,Briefing,,,ModItemConversation ThugBalumba KeywordT
660779522711,"Ниже нас расположен наш запасной лагерь, так вышло, что наши вчерашние друзья стали нам врагами, мы их теперь называем <em>хохлы</em>, потому что они чистые свиньи. Они встали на сторону Легиона и выход есть только один, даже если всё разрешится, Босс их не помилует, а мы ужиться уже не сможем. Поэтому предлагаю совместную военную операцию, зачищаем противника, а в замен можете выторговывать у нас то, что мы сможем предложить, естесственно по дисконту.",,ThugBoss_Balumba,ModItemConversation ThugBalumba Text  section:ThugBalumba keyword:Briefing
127671791399,"Значит смотрите, группа разведчиков уже не далеко от лагеря, вооружены они хорошо и охранение выставили, так что вот вам в довесок, как только вступите в бой, они тут же подключатся, я отобрал туда опытных бойцов. ",,ThugBoss_Balumba,ModItemConversation ThugBalumba Text  section:ThugBalumba keyword:Мы согласны
322035442910,<Amount> x <em><item></em>,,,ModItemConversation ThugBalumba GrantedItemsEditorTextUI
522339243532,Не охота вмешиваться в терки местного криминалитета,,,ModItemConversation ThugBalumba KeywordT
393865915300,"Что ж господа, тогда расход.",,ThugBoss_Balumba,ModItemConversation ThugBalumba Text  section:ThugBalumba keyword:Не охота вмешиваться в терки местного криминалитета
770676561991,Здравствуйте наёмники.,,ThugBoss_Balumba,ModItemConversation ThugBalumba Text  section:ThugBalumba keyword:Greeting2
315124002023,"Дело сделано, лагерь зачищен",,,ModItemConversation ThugBalumba KeywordT
295779427512,"Прекрасно господа, мои разведчики уже доложили, наша очередь, я дал команду бойцам, чтоб для вас они сделали исключения, по базе хранится различное снаряжение, цены для вас будут вполне приятные.",,ThugBoss_Balumba,"ModItemConversation ThugBalumba Text  section:ThugBalumba keyword:Дело сделано, лагерь зачищен"
890077682633,Мы передумали,,,ModItemConversation ThugBalumba KeywordT
441844334256,"Прекрасно, так что решили",,ThugBoss_Balumba,ModItemConversation ThugBalumba Text  section:ThugBalumba keyword:Мы передумали
470069340995,До новых встреч,,ThugBoss_Balumba,ModItemConversation ThugBalumba Text  section:ThugBalumba keyword:Goodbye
137789099060,Маркс бы вами гордился,,,ModItemConversation L1_RebelsCamp PhraseRolloverText
578038705636,"Спасибо за помощь и спасибо что скоординировали защиту базы, Легион набирает эффективность, с каждым днем враг становится сильнее, их точно обучает какой-то военный, но мы и с этим разберемся... Меня также оповестили о том, что вы помогли в уничтожении Рафаля и его прихвостней, спасибо, вы спасли много жизней. Вот вам вдогонку.",,RebelSergeant_Immortal_L1,ModItemConversation L1_RebelsCamp Text  section:L1_RebelsCamp keyword:Greeting
196360289661,"Хорошо, что мы прибыли вовремя",,,ModItemConversation L1_RebelsCamp KeywordT
192074604300,"Нам нужна ваша помощь вновь, мерзавцы забились в наш бункер, с этой базы в него войти практически не реально, мы предпринимали попытки штурма, но бездарно теряли людей... Хороших людей.",,RebelSergeant_Immortal_L1,"ModItemConversation L1_RebelsCamp Text  section:L1_RebelsCamp keyword:Хорошо, что мы прибыли вовремя"
329170243044,"Это можно, почему бы не поиграть заодно в санитаров подземелий",,,ModItemConversation L1_RebelsCamp KeywordT
545718729802,"Хорошо, итак, перво-наперво вам необходимо добраться до <em>сектора L6</em>, взять его под контроль, затем войти в бункер и начать зачистку оттуда, они этого не ожидают, потому что тот вход был утрачен довольно давно, нас длительное время раздёргивали по разным позициям, в ходе чего бункер был окупирован. Внутри возможно остались наши люди, если они и смогли где-то держать оборону, то это штабное помещение, вы его не пропустите.",,RebelSergeant_Immortal_L1,"ModItemConversation L1_RebelsCamp Text  section:L1_RebelsCamp keyword:Это можно, почему бы не поиграть заодно в санитаров подземелий"
349722064830,Возможно вам стоит самим о себе позаботиться.,,,ModItemConversation L1_RebelsCamp KeywordT
994349809287,"Возможно вы правы,, надеюсь вы передумаете.",,RebelSergeant_Immortal_L1,ModItemConversation L1_RebelsCamp Text  section:L1_RebelsCamp keyword:Возможно вам стоит самим о себе позаботиться.
837598711699,Здоров комрады!,,RebelSergeant_Immortal_L1,ModItemConversation L1_RebelsCamp Text  section:L1_RebelsCamp keyword:Greeting2
792807567622,Торжественно вручаем обратно ключи от бункера.,,,ModItemConversation L1_RebelsCamp KeywordT
184615777878,Ни один коммунист не пострадал,,,ModItemConversation L1_RebelsCamp PhraseRolloverText
609668736560,"Нам больше нечего особо предложить вам в награду, но пока вы были внизу, мы перехватили груз с алмазами Легиона, не знаю что они тут забыли с этим кейсом, видимо решили прикарманить и спрятать на острове. В общем это ваше.",,RebelSergeant_Immortal_L1,ModItemConversation L1_RebelsCamp Text  section:L1_RebelsCamp keyword:Торжественно вручаем обратно ключи от бункера.
574853519230,"Счастливо комрады, мы всегда вам рады.",,RebelSergeant_Immortal_L1,ModItemConversation L1_RebelsCamp Text  section:L1_RebelsCamp keyword:Goodbye
578614527224,"Здравствуйте наемники, похоже вы прибыли как раз вовремя, мы пережили эту атаку, но я в курсе, что Легион не собирается отступать от своих планов, грядёт следующая атака и у нас есть время подготовиться, нужно залатать раненых, собрать боеприпасы, и ещё у меня кончаются медикаменты, так что будьте так добры помочь мне.",,Doctor_Leevsy,"ModItemConversation Ernie_LightHouse_DocLeevsy Text ""Mala'dets"" - meaning champion  section:Ernie_LightHouse_DocLeevsy keyword:Greeting"
892070483939,Своих забот полно док...,,,ModItemConversation Ernie_LightHouse_DocLeevsy KeywordT
416534020537,"Ну и катитесь, у меня всё равно нет на вас времени, увижу ещё раз, откроем огонь на поражение.",,Doctor_Leevsy,ModItemConversation Ernie_LightHouse_DocLeevsy Text  section:Ernie_LightHouse_DocLeevsy keyword:Своих забот полно док...
114903302550,"Конечно, мы поможем, для этого нас и наняли.",,,ModItemConversation Ernie_LightHouse_DocLeevsy KeywordT
260705215377,"Утром деньги, вечером стулья. Пообщаемся после... Итак, по моим расчётам мне нужна <em>медицина</em>, чем больше, тем лучше, в целом хватит <em>50</em> комплектов. Также необходимы боеприпасы, я точно знаю, что за мостом есть <em>тайник с боеприпасами</em>, заодно возьмите мины,  <em>они должны быть где-то возле разваленного железного ангара в тайнике в вентиляции</em>. Также необходимо собрать раненых, пока они не истекли кровью, За дело!",,Doctor_Leevsy,"ModItemConversation Ernie_LightHouse_DocLeevsy Text  section:Ernie_LightHouse_DocLeevsy keyword:Конечно, мы поможем, для этого нас и наняли."
755128132362,"Я так понимаю вы выполнили всё необходимое, в благодарность ребята приготовили вам ништяков, в <em>ящиках в гараже</em>.",,Doctor_Leevsy,"ModItemConversation Ernie_LightHouse_DocLeevsy Text ""I respect you""  section:Ernie_LightHouse_DocLeevsy keyword:Greeting3"
714579125139,Чем ты стал так не угоден Легиону?,,,ModItemConversation Ernie_LightHouse_DocLeevsy KeywordT
723516988874,"Вы могли и догадаться, но я бывший солдат удачи, как вы сейчас. Не вдаваясь в подробности, я имею как военную подготовку, так медицинскую, когда Легион только начинал набирать обороты я поставил на ноги очень многих бойцов и выпил Легиону очень много крови. Я успел повоевать с ними, так что со многими полевыми командирами у меня сейчас свои счёты.",,Doctor_Leevsy,ModItemConversation Ernie_LightHouse_DocLeevsy Text  section:Ernie_LightHouse_DocLeevsy keyword:Чем ты стал так не угоден Легиону?
119861003959,Теперь ты сможешь подлатать нас по необходимости?,,,ModItemConversation Ernie_LightHouse_DocLeevsy KeywordT
592042986790,"Разумеется, если мы переживём атаку Легиона.",,Doctor_Leevsy,ModItemConversation Ernie_LightHouse_DocLeevsy Text  section:Ernie_LightHouse_DocLeevsy keyword:Теперь ты сможешь подлатать нас по необходимости?
382989617293,"Итак... Мы готовимся к обороне? Мы встретили дозорный отряд, пока бегали за патронами.",,,ModItemConversation Ernie_LightHouse_DocLeevsy KeywordT
178668264420,"Так точно господа, нам предстоит бой, мины установим прямо у моста, это наша забота, также организуем оборону в ключевых местах на карте, мы надеемся на вашу помощь. Выбора, как водится, у вас сейчас нет.",,Doctor_Leevsy,"ModItemConversation Ernie_LightHouse_DocLeevsy Text  section:Ernie_LightHouse_DocLeevsy keyword:Итак... Мы готовимся к обороне? Мы встретили дозорный отряд, пока бегали за патронами."
513680946973,"Хорошо, держитесь местных, думаю времени осталось не много.",,Doctor_Leevsy,ModItemConversation Ernie_LightHouse_DocLeevsy Text  section:Ernie_LightHouse_DocLeevsy keyword:Мы готовы
443790235326,"Похоже мы справились! Спасибо наёмники, вы всегда можете расчитывать, что вам тут будут рады.",,Doctor_Leevsy,ModItemConversation Ernie_LightHouse_DocLeevsy Text  section:Ernie_LightHouse_DocLeevsy keyword:Greeting4
649017813474,Здравствуйте бойцы.,,Doctor_Leevsy,ModItemConversation Ernie_LightHouse_DocLeevsy Text  section:Ernie_LightHouse_DocLeevsy keyword:Greeting2
776051309333,Нас бы подлатать,,,ModItemConversation Ernie_LightHouse_DocLeevsy KeywordT
359542499937,"Надеюсь уколов не боитесь, есть у меня для вас кое-что.",,Doctor_Leevsy,ModItemConversation Ernie_LightHouse_DocLeevsy Text  section:Ernie_LightHouse_DocLeevsy keyword:Нас бы подлатать
732130249694,До новых встреч.,,Doctor_Leevsy,ModItemConversation Ernie_LightHouse_DocLeevsy Text  section:Ernie_LightHouse_DocLeevsy keyword:Goodbye
712802681829,Здравствуйте наёмники.,,RebelSergant_Immortal,ModItemConversation Ernie_LegionCamp5_Rebels Text  section:Ernie_LegionCamp5_Rebels keyword:Greeting
424647158478,"Я никогда не думал, что буду просить о помощи боевых псов капитала, но выходит что враг моего врага - мой друг. А выбирать нам не из чего, у меня тут куча раненых и изнуренных бойцов, у нас почти нет патронов, а оружие, что удалось унести, да это практически и не оружие уже...",,RebelSergant_Immortal,ModItemConversation Ernie_LegionCamp5_Rebels Text  section:Ernie_LegionCamp5_Rebels keyword:Greeting
592834310034,Что тут случилось?,,,ModItemConversation Ernie_LegionCamp5_Rebels KeywordT
766138274062,"Приятно слышать, что вам не безразлично происходящее. Рассказывать всё с самого начала нет времени, но если коротко, то Легион расплодился и захватил всю страну, ячейки партизан раздроблены по стране, наша пыталась отбить остров, но нас выдавили с наших позиций и мы вынуждены ютиться тут, надеюсь у остальных дела идут получше. Вы наверное видели тела внизу. Нам практически нечем стрелять. У нас нет медикаментов, да даже еды уже практически нет.",,RebelSergant_Immortal,ModItemConversation Ernie_LegionCamp5_Rebels Text  section:Ernie_LegionCamp5_Rebels keyword:Что тут случилось?
680417461250,"Итак, какая помощь вам нужна",,,ModItemConversation Ernie_LegionCamp5_Rebels KeywordT
122539962745,"Как я уже сказал, нам нужно оружие, патроны и медикаменты, если вы готовы зачистить Легионовских псов, то я даже дам вам огневую поддержку. Но для начала... Надо спасти нашего бойца, который ещё должен быть жив, он должен быть на пирсе. Эти собаки собираются казнить его, это один из наших бойцов, который прикрывал отход из второго лагеря. Пожалуйста спасите его.",,RebelSergant_Immortal,"ModItemConversation Ernie_LegionCamp5_Rebels Text  section:Ernie_LegionCamp5_Rebels keyword:Итак, какая помощь вам нужна"
672560155733,Мы берёмся,,,ModItemConversation Ernie_LegionCamp5_Rebels KeywordT
924519361059,Поспешите...,,RebelSergant_Immortal,ModItemConversation Ernie_LegionCamp5_Rebels Text  section:Ernie_LegionCamp5_Rebels keyword:Мы берёмся
546142027509,"Не, сами крутитесь.",,,ModItemConversation Ernie_LegionCamp5_Rebels KeywordT
560698081650,"Жаль, тогда идите своей дорогой и не мешайтесь.",,RebelSergant_Immortal,"ModItemConversation Ernie_LegionCamp5_Rebels Text  section:Ernie_LegionCamp5_Rebels keyword:Не, сами крутитесь."
157083449193,"Спасибо, что спасли нашего товарища.",,RebelSergant_Immortal,ModItemConversation Ernie_LegionCamp5_Rebels Text  section:Ernie_LegionCamp5_Rebels keyword:Greeting3
996024122128,Всегда пожалуйста,,,ModItemConversation Ernie_LegionCamp5_Rebels KeywordT
624365836328,"Есть ещё одно дело, если всё ещё готовы помогать",,RebelSergant_Immortal,ModItemConversation Ernie_LegionCamp5_Rebels Text  section:Ernie_LegionCamp5_Rebels keyword:Всегда пожалуйста
261552674871,Оружие?,,,ModItemConversation Ernie_LegionCamp5_Rebels KeywordT
603947439256,"Оружие, нам нужно снаряжение из старого лагеря, также там должны были быть медикаменты, мне послать некого, бойцы изнурены и ранены, оружие наладом дышит, если что-то там пойдет не так, в общем потери у нас итак слишком большие, и надеюсь у вас есть сапер, мы заминировали подходы. В общем принисите нам снаряжение и у меня найдется чем с вами поделиться.",,RebelSergant_Immortal,ModItemConversation Ernie_LegionCamp5_Rebels Text  section:Ernie_LegionCamp5_Rebels keyword:Оружие?
327289513734,Мы готовы,,,ModItemConversation Ernie_LightHouse_DocLeevsy KeywordT
344685080092,Отлично.,,RebelSergant_Immortal,ModItemConversation Ernie_LegionCamp5_Rebels Text  section:Ernie_LegionCamp5_Rebels keyword:Мы готовы
407342596203,Мы счастливы?,,,ModItemConversation Ernie_LegionCamp5_Rebels KeywordT
468486052663,Тут всё?,,RebelSergant_Immortal,ModItemConversation Ernie_LegionCamp5_Rebels Text  section:Ernie_LegionCamp5_Rebels keyword:Мы счастливы?
403161852547,Да мы счастливы,,,ModItemConversation Ernie_LegionCamp5_Rebels KeywordT
480799336285,"Вы нас здорово выручили. У палаток ждёт один американец — Берриман Сил, пилот и контрабандист. Его последний рейс закончился здесь не по плану. Он ищет новую команду; думаю, вы найдёте общий язык.",,RebelSergant_Immortal,ModItemConversation Ernie_LegionCamp5_Rebels Text  section:Ernie_LegionCamp5_Rebels keyword:Да мы счастливы
557666141230,"Ха-ха! Вот это день. Думал, мы падём под лапами этих шакалов... Вышло же иначе. Их кровь на песке - и в этом есть ваша заслуга.",,,ModItemConversation Ernie_M1_Rebel_Briefing PhraseRolloverText
236956584170,"	Не ожидал встретить союзников, в этой мясорубке, мы не ожидали выжить в этом бою.
	Я - <em>команданте Контимир Бурда</em> из местной ячейки партизан. Мы выслеживали Рафаля, проклятый предатель, крыса, придурок и вор, один из кучи офицеров <em>Легиона</em>. Наконец эта тварь нашла свою смерть.",,RebelSergeant_Immortal_M1,ModItemConversation Ernie_M1_Rebel_Briefing Text  section:Ernie_M1_Rebel_Briefing keyword:Greeting
587362470651,"Но скажите, кто вы такие? Уж точно не крестьяне. На солдат вы не похожи. Вы какие-то крутые командос? <em>Наёмники, как те, которые были до вас</em>?",,RebelSergeant_Immortal_M1,ModItemConversation Ernie_M1_Rebel_Briefing Text  section:Ernie_M1_Rebel_Briefing keyword:Greeting
687392546783,"Приветствую, наемники",,RebelSergeant_Immortal_M1,ModItemConversation Ernie_M1_Rebel_Briefing Text  section:Ernie_M1_Rebel_Briefing keyword:Greeting2
121103800097,Мы наемники из AIM,,,ModItemConversation Ernie_M1_Rebel_Briefing KeywordT
116913411015,Надеюсь вы и дальше будете на нашей стороне,,RebelSergeant_Immortal_M1,ModItemConversation Ernie_M1_Rebel_Briefing Text  section:Ernie_M1_Rebel_Briefing keyword:Мы наемники из AIM
346178197206,Мы ищем Эмму Лафонтен.,,,ModItemConversation Ernie_M1_Rebel_Briefing KeywordT
734426222215,Эмма находится в секторе <em>K4</em>,,,ModItemConversation Ernie_M1_Rebel_Briefing PhraseConditionRolloverText
786150907352,"Эмма? Так вот зачем вы здесь... Да, я знаю, где она. Девчонка храбрая, слишком храбрая для своего возраста. Она укрывается в вилле к северу. <em>Сектор K4</em>",,RebelSergeant_Immortal_M1,ModItemConversation Ernie_M1_Rebel_Briefing Text  section:Ernie_M1_Rebel_Briefing keyword:Мы ищем Эмму Лафонтен.
906274913373,"Но добраться до нее сейчас непросто. Легион взял виллу в осаду, окружил отрядами и ждёт удобного часа, чтобы ударить. Если вы хотите добраться до неё - придётся проломить кольцо.",,RebelSergeant_Immortal_M1,ModItemConversation Ernie_M1_Rebel_Briefing Text  section:Ernie_M1_Rebel_Briefing keyword:Мы ищем Эмму Лафонтен.
481468742132,Сколько их там?,,,ModItemConversation Ernie_M1_Rebel_Briefing KeywordT
759023941645,"Несколько лагерей вокруг виллы. Копят силы, чтобы навалиться всем разом.",,RebelSergeant_Immortal_M1,ModItemConversation Ernie_M1_Rebel_Briefing Text  section:Ernie_M1_Rebel_Briefing keyword:Сколько их там?
411051082448,"Значит, если мы их предварительно зачистим, пробиться к Эмме будет проще?",,,ModItemConversation Ernie_M1_Rebel_Briefing KeywordT
354731875422,"<color EmStyle>Лидерство</color>: вы прошли проверку
Нужно зачистить <em>лагеря вокруг Виллы</em>",,,ModItemConversation Ernie_M1_Rebel_Briefing PhraseConditionRolloverText
616034440918,"Более того, дезорганизованные группы легиона уже не смогут так эффективно атаковать виллу и вы легко с ними справитесь",,RebelSergeant_Immortal_M1,"ModItemConversation Ernie_M1_Rebel_Briefing Text  section:Ernie_M1_Rebel_Briefing keyword:Значит, если мы их предварительно зачистим, пробиться к Эмме будет проще?"
616034440918,"Мы тут накидали примерный план лагеря в <L3>, готовили штурм, вот смотри, тут секретка, тут охранение, тут проход есть, можно ночью пройти и шомполами в ухо всех перещелкать.
а с другими стоянками Легов извини, с собой не взял. Тут самому придется <em>разведать</em>. Походи по окрестностям, пару человек на задание можно выделить, кто сметливый и в засаду не попадет.",,RebelSergeant_Immortal_M1,"ModItemConversation Ernie_M1_Rebel_Briefing Text  section:Ernie_M1_Rebel_Briefing keyword:Значит, если мы их предварительно зачистим, пробиться к Эмме будет проще?"
590690509211,Ситуация в регионе сложная...,,,ModItemConversation Ernie_M1_Rebel_Briefing KeywordT
786150907352,"Сложная, не то слово, если коротко, то наша ячейка отрезана от основного континента. Легион в миг выбил всю страну, <em>Остров Эрни</em> был последним оплотом обороны, дочь президента спряталась в центре острова, говорят эта крыса <em>Коразон</em> c ней, также на острове есть база контрабандистов, нас сложно назвать друзьями, но они продают нам оружие и на острове мы умудряемся уживаться. В целом же Легион тут повсюду, какие-то сектора еще держат оборону, какие-то полностью заняты Красной заразой.",,RebelSergeant_Immortal_M1,ModItemConversation Ernie_M1_Rebel_Briefing Text  section:Ernie_M1_Rebel_Briefing keyword:Ситуация в регионе сложная...
744426841682,"Значит, вы воюете с этим ""Легионом""?",,,ModItemConversation Ernie_M1_Rebel_Briefing KeywordT
857576932041,"Верно. Легион приходит в наши города и деревни как хозяева: забирают провизию, запугивают и убивают мирных граждан, опустошают наши шахты. Они превращают труд народа в свою личную добычу. Рафаль лишь один из сотен этих ублюдков. Они как сорняк: вырвешь один - завтра вырастут десять. 
",,RebelSergeant_Immortal_M1,"ModItemConversation Ernie_M1_Rebel_Briefing Text  section:Ernie_M1_Rebel_Briefing keyword:Значит, вы воюете с этим ""Легионом""?"
167445102934,"От имени Maquis, Мятежников Гранд Чиена, призываю вас встать рядом с нами в борьбе против Легиона - и всех, кто душит общие идеалы ради власти и прибыли. А о Награде договоримся",,RebelSergeant_Immortal_M1,"ModItemConversation Ernie_M1_Rebel_Briefing Text  section:Ernie_M1_Rebel_Briefing keyword:Значит, вы воюете с этим ""Легионом""?"
984774152982,"В таком случае, приглашаю вас в наш Лагерь в <em>секторе L1</em>. Найдите там меня или команданте Касонго - нашего лидера здесь, на острове",,RebelSergeant_Immortal_M1,ModItemConversation Ernie_M1_Rebel_Briefing Text  section:Ernie_M1_Rebel_Briefing keyword:Мы согласны
889143734951,"Нет, ищите себе других дураков",,,ModItemConversation Ernie_M1_Rebel_Briefing KeywordT
533640818206,"Жаль. Ну, если передумаете - я думаю, мы еще встретимся.",,RebelSergeant_Immortal_M1,"ModItemConversation Ernie_M1_Rebel_Briefing Text  section:Ernie_M1_Rebel_Briefing keyword:Нет, ищите себе других дураков"
986868227792,"Удачи наемники, и да пребудет с вами сила.",,RebelSergeant_Immortal_M1,ModItemConversation Ernie_M1_Rebel_Briefing Text  section:Ernie_M1_Rebel_Briefing keyword:Goodbye
234521900198,До нас?,,,ModItemConversation Ernie_M1_Rebel_Briefing KeywordT
408210932763,"Да, была тут шайка бездарей. Приплыли на <em>катере ""Гордость""</em>, сидели в барах, говорили что защищают нас от Легиона. А потом уплыли вглубь страны и больше их никто не видел.",,RebelSergeant_Immortal_M1,ModItemConversation Ernie_M1_Rebel_Briefing Text  section:Ernie_M1_Rebel_Briefing keyword:До нас?
301982737228,"Ха... вот это бойня. Рад, что мы на одной стороне.",,Rebel_NPC_Ghost,ModItemConversation Rebels_Ghost Text  section:Rebels_Ghost keyword:Greeting
301982737228,"Меня зовут Дьяло, но люди обычно называют меня Призрак",,Rebel_NPC_Ghost,ModItemConversation Rebels_Ghost Text  section:Rebels_Ghost keyword:Greeting
774381032385,Greeting,,,ModItemConversation Pierre_1 KeywordT
542254290130,"Сектор под нашем контролем.
Видимо, они разгружали тут взрывчатку для атаки особняка",,Rebel_NPC_Ghost,ModItemConversation Rebels_Ghost Text  section:Rebels_Ghost keyword:Greeting2
486561062573,Хорошая работа. Я замолвлю за вас словечко в лагере.,,Rebel_NPC_Ghost,ModItemConversation Rebels_Ghost Text  section:Rebels_Ghost keyword:Greeting2
466521224694,"Вот, держи. Поможет снимать часовых ночью",,Rebel_NPC_Ghost,ModItemConversation Rebels_Ghost Text  section:Rebels_Ghost keyword:Greeting2
275415074134,Нам нужна помощь у особняка,,,ModItemConversation Rebels_Ghost KeywordT
194077002549,С этим я могу вам помочь. Придем к вам на помощь если надо будет.,,Rebel_NPC_Ghost,ModItemConversation Rebels_Ghost Text  section:Rebels_Ghost keyword:Нам нужна помощь у особняка
244675899202,Что вы делаете тут?,,,ModItemConversation Rebels_Ghost KeywordT
208492606993,"Считал, сколько человек Легион еще потеряет, прежде чем догадается, что в джунглях их кто-то очень сильно не любит.
Я хотел перехватить этот отряд, но вы успели перебить основную часть. Хорошая работа",,Rebel_NPC_Ghost,ModItemConversation Rebels_Ghost Text  section:Rebels_Ghost keyword:Что вы делаете тут?
208492606993,"Судя по тому, как вы справились с ними, вы можете мне помочь.
Недалеко отсюда, к северу от <em>Водопада</em>, есть <em>Смотровая площадка</em> - одно из немногих мест, где Легион выгружает припасы для снабжения острова. Если мы вместе её атакуем, то сможем нарушить логистику в этой части острова",,Rebel_NPC_Ghost,ModItemConversation Rebels_Ghost Text  section:Rebels_Ghost keyword:Что вы делаете тут?
441073052992,Мы согласны,,,ModItemConversation ThugBalumba KeywordT
109547137433,"Хорошо, значит встретимся после боя",,Rebel_NPC_Ghost,ModItemConversation Rebels_Ghost Text  section:Rebels_Ghost keyword:Мы согласны
901468674690,Водопад?,,,ModItemConversation Rebels_Ghost KeywordT
800936062608,"Да, дальше по дороге находится <em>водопад</em>. Мы его обойдем и будем вас ждать на <em>Смотровой Площадке</em>",,Rebel_NPC_Ghost,ModItemConversation Rebels_Ghost Text  section:Rebels_Ghost keyword:Водопад?
294541557607,"У <em>Водопада</em> вдоль реки находится небольшой отряд легиона - пытаются отрезать отряд Бурды. Но Легион не знает, что вдоль гор есть несколько тайных троп.",,Rebel_NPC_Ghost,ModItemConversation Rebels_Ghost Text  section:Rebels_Ghost keyword:Водопад?
556296913868,Тропы?,,,ModItemConversation Rebels_Ghost KeywordT
967669393189,Если бы я рассказал - они перестали бы быть тайными.,,Rebel_NPC_Ghost,ModItemConversation Rebels_Ghost Text  section:Rebels_Ghost keyword:Тропы?
519105759968,Мы как-нибудь сами справимся,,,ModItemConversation Rebels_Ghost KeywordT
774684540869,"Жаль. Ну, увидимся в лагере, если вы до туда дойдете",,Rebel_NPC_Ghost,ModItemConversation Rebels_Ghost Text  section:Rebels_Ghost keyword:Мы как-нибудь сами справимся
557225474228,Goodbye,,,ModItemConversation Pierre_2 KeywordT
479802906082,"Удачи, наемники",,Rebel_NPC_Ghost,ModItemConversation Rebels_Ghost Text  section:Rebels_Ghost keyword:Goodbye
570263587917,Хот-Даймондс,,,ModItemCampaignPreset HotDiamonds DisplayName
492298539842,"Когда серия Jagged Alliance впервые увидела свет, в ней с юмором обыгрывались штампы и шаблоны кинобоевиков девяностых.<newline><newline>Jagged Alliance 3 продолжает эту традицию, не обходя вниманием и современные события, а также поп-культуру.<newline>Jagged Alliance 3 представляет собой художественный вымысел (очень взрывчатого толка), не основанный ни на каких реальных событиях, лицах и географических точках.<newline><newline>Мы призываем вас вести себя рассудительно и здраво в процессе игры<newline>(а также и при выборе, какому из отрядов противника первым прилетит граната).",,,ModItemCampaignPreset HotDiamonds DisclaimerOnStart
796124227489,Эрни,,,ModItemCampaignPreset HotDiamonds DisplayName
513871369100,Пантагрюэль,,,ModItemCampaignPreset HotDiamonds DisplayName
428591598482,Лагерь на холме,,,ModItemCampaignPreset HotDiamonds DisplayName
485077959808,Ландсбах,,,ModItemCampaignPreset HotDiamonds DisplayName
736389183763,Блёмстед,,,ModItemCampaignPreset HotDiamonds DisplayName
730224640479,Иль-Мора,,,ModItemCampaignPreset HotDiamonds DisplayName
615276795848,Шале-де-ла-Пе,,,ModItemCampaignPreset HotDiamonds DisplayName
320319861537,Флитаун,,,ModItemCampaignPreset HotDiamonds DisplayName
132759850733,Вассерграб,,,ModItemCampaignPreset HotDiamonds DisplayName
664561133619,Порт-Какао-Центр,,,ModItemCampaignPreset HotDiamonds DisplayName
672959575424,Лагерь беженцев,,,ModItemCampaignPreset HotDiamonds DisplayName
944601464939,База повстанцев острова Эрни,,,ModItemCampaignPreset HotDiamonds DisplayName
808935770858,Контрабандисты Эрни,,,ModItemCampaignPreset HotDiamonds DisplayName
263718848685,Нигде,,,ModItemCampaignPreset HotDiamonds display_name Sector name for A11
351600997529,Горы,,,ModItemCampaignPreset HotDiamonds display_name Sector name for A12
425893484624,Военный аванпост - Горный,,,ModItemCampaignPreset HotDiamonds display_name Sector name for A13
495583026235,Зубы Дракона,,,ModItemCampaignPreset HotDiamonds display_name Sector name for A14
308950187945,Лагерь на холме,,,ModItemCampaignPreset HotDiamonds display_name Sector name for A15
641955441671,Пустоши,,,ModItemCampaignPreset HotDiamonds display_name Sector name for A16
760941588357,Пустоши,,,ModItemCampaignPreset HotDiamonds display_name Sector name for A17
620660665480,Перекресток Дохлых Зверей,,,ModItemCampaignPreset HotDiamonds display_name Sector name for A18
535901703196,Пустоши,,,ModItemCampaignPreset HotDiamonds display_name Sector name for A19
854571918784,Станция метро А,,,ModItemCampaignPreset HotDiamonds display_name Sector name for A24_Underground
442516764606,Шахта «Драхенберг»,,,ModItemCampaignPreset HotDiamonds display_name Sector name for A25
323466597390,«Дизельклиника»,,,ModItemCampaignPreset HotDiamonds display_name Sector name for A25_Underground
620219516865,Ландсбах,,,ModItemCampaignPreset HotDiamonds display_name Sector name for A26
297775590352,River,,,ModItemCampaignPreset HotDiamonds display_name Sector name for A27
495513640483,Даймонд-Ред,,,ModItemCampaignPreset HotDiamonds display_name Sector name for A4
512622945831,Гаргантюанские горы,,,ModItemCampaignPreset HotDiamonds display_name Sector name for A5
631605125881,Гаргантюанские горы,,,ModItemCampaignPreset HotDiamonds display_name Sector name for A6
856351085135,Гаргантюанские горы,,,ModItemCampaignPreset HotDiamonds display_name Sector name for A7
851646053486,Горы,,,ModItemCampaignPreset HotDiamonds display_name Sector name for A9
838031250692,Sea,,,ModItemCampaignPreset HotDiamonds display_name Sector name for B1
619539881189,Горы,,,ModItemCampaignPreset HotDiamonds display_name Sector name for B10
379615818736,Затерянный водоем,,,ModItemCampaignPreset HotDiamonds display_name Sector name for B10_Underground
849469414167,Горы,,,ModItemCampaignPreset HotDiamonds display_name Sector name for B11
854571918784,Станция метро А,,,ModItemCampaignPreset HotDiamonds display_name Sector name for B11_Underground
263718848685,Нигде,,,ModItemCampaignPreset HotDiamonds display_name Sector name for B15
282257107633,Оазис,,,ModItemCampaignPreset HotDiamonds display_name Sector name for B17
743091327405,Остров Штурмвассер,,,ModItemCampaignPreset HotDiamonds display_name Sector name for B18
861144476559,Штурмвассерский каньон,,,ModItemCampaignPreset HotDiamonds display_name Sector name for B19
838031250692,Sea,,,ModItemCampaignPreset HotDiamonds display_name Sector name for B2
826339210077,Вершина скалы,,,ModItemCampaignPreset HotDiamonds display_name Sector name for B20
297775590352,River,,,ModItemCampaignPreset HotDiamonds display_name Sector name for B26
111536912824,Орлиное гнездо,,,ModItemCampaignPreset HotDiamonds display_name Sector name for B28
838031250692,Sea,,,ModItemCampaignPreset HotDiamonds display_name Sector name for B3
468290459033,Пещера в саванне,,,ModItemCampaignPreset HotDiamonds display_name Sector name for B7
838031250692,Sea,,,ModItemCampaignPreset HotDiamonds display_name Sector name for C1
722143668182,Горы,,,ModItemCampaignPreset HotDiamonds display_name Sector name for C10
468361198430,Старая бензоколонка,,,ModItemCampaignPreset HotDiamonds display_name Sector name for C11
278429472343,Пит-стоп,,,ModItemCampaignPreset HotDiamonds display_name Sector name for C12
849469414167,Горы,,,ModItemCampaignPreset HotDiamonds display_name Sector name for C13
468361198430,Старая бензоколонка,,,ModItemCampaignPreset HotDiamonds display_name Sector name for C14
433703198777,Проклятый лес,,,ModItemCampaignPreset HotDiamonds display_name Sector name for C16
421536906978,Зубы Дракона,,,ModItemCampaignPreset HotDiamonds display_name Sector name for C17
522410894811,Зубы Дракона,,,ModItemCampaignPreset HotDiamonds display_name Sector name for C18
675209207227,Зубы Дракона,,,ModItemCampaignPreset HotDiamonds display_name Sector name for C19
838031250692,Sea,,,ModItemCampaignPreset HotDiamonds display_name Sector name for C2
299254523561,Каменные ступени,,,ModItemCampaignPreset HotDiamonds display_name Sector name for C20
367207549789,Пещера Халявщика,,,ModItemCampaignPreset HotDiamonds display_name Sector name for C20_Underground
308950187945,Лагерь на холме,,,ModItemCampaignPreset HotDiamonds display_name Sector name for C21
641955441671,Пустоши,,,ModItemCampaignPreset HotDiamonds display_name Sector name for C22
760941588357,Пустоши,,,ModItemCampaignPreset HotDiamonds display_name Sector name for C23
620660665480,Перекресток Дохлых Зверей,,,ModItemCampaignPreset HotDiamonds display_name Sector name for C24
297775590352,River,,,ModItemCampaignPreset HotDiamonds display_name Sector name for C25
826339210077,Вершина скалы,,,ModItemCampaignPreset HotDiamonds display_name Sector name for C26
982737667772,Горы,,,ModItemCampaignPreset HotDiamonds display_name Sector name for C27
535901703196,Пустоши,,,ModItemCampaignPreset HotDiamonds display_name Sector name for C29
776271330418,Чаячий остров,,,ModItemCampaignPreset HotDiamonds display_name Sector name for C4
838031250692,Sea,,,ModItemCampaignPreset HotDiamonds display_name Sector name for C5
105841267978,Побережье саванны,,,ModItemCampaignPreset HotDiamonds display_name Sector name for C6
851181592647,Саванна,,,ModItemCampaignPreset HotDiamonds display_name Sector name for C7
621742895691,Шахта «Фосс-Нуар»,,,ModItemCampaignPreset HotDiamonds display_name Sector name for C7_Underground
547505775524,Саванна,,,ModItemCampaignPreset HotDiamonds display_name Sector name for C8
870033354295,Горы,,,ModItemCampaignPreset HotDiamonds display_name Sector name for C9
838031250692,Sea,,,ModItemCampaignPreset HotDiamonds display_name Sector name for D1
750412214505,Саванна,,,ModItemCampaignPreset HotDiamonds display_name Sector name for D10
394862111109,Саванна,,,ModItemCampaignPreset HotDiamonds display_name Sector name for D11
870033354295,Горы,,,ModItemCampaignPreset HotDiamonds display_name Sector name for D12
510202168289,Горы,,,ModItemCampaignPreset HotDiamonds display_name Sector name for D13
722143668182,Горы,,,ModItemCampaignPreset HotDiamonds display_name Sector name for D14
816330931329,Фосс-Нуар,,,ModItemCampaignPreset HotDiamonds display_name Sector name for D15
256134986000,Проклятый лес,,,ModItemCampaignPreset HotDiamonds display_name Sector name for D16
929083374712,Кам-Гран-При,,,ModItemCampaignPreset HotDiamonds display_name Sector name for D18
542953130301,Берег реки в джунглях,,,ModItemCampaignPreset HotDiamonds display_name Sector name for D19
838031250692,Sea,,,ModItemCampaignPreset HotDiamonds display_name Sector name for D2
282257107633,Оазис,,,ModItemCampaignPreset HotDiamonds display_name Sector name for D23
297775590352,River,,,ModItemCampaignPreset HotDiamonds display_name Sector name for D25
299254523561,Каменные ступени,,,ModItemCampaignPreset HotDiamonds display_name Sector name for D26
367207549789,Пещера Халявщика,,,ModItemCampaignPreset HotDiamonds display_name Sector name for D26_Underground
861144476559,Штурмвассерский каньон,,,ModItemCampaignPreset HotDiamonds display_name Sector name for D27
685901275490,Разлом,,,ModItemCampaignPreset HotDiamonds display_name Sector name for D28
743091327405,Остров Штурмвассер,,,ModItemCampaignPreset HotDiamonds display_name Sector name for D29
608926005852,Море,,,ModItemCampaignPreset HotDiamonds display_name Sector name for D3
838031250692,Sea,,,ModItemCampaignPreset HotDiamonds display_name Sector name for D6
851181592647,Саванна,,,ModItemCampaignPreset HotDiamonds display_name Sector name for D7
547505775524,Саванна,,,ModItemCampaignPreset HotDiamonds display_name Sector name for D8
563315434102,Лагерь браконьеров,,,ModItemCampaignPreset HotDiamonds display_name Sector name for D9
838031250692,Sea,,,ModItemCampaignPreset HotDiamonds display_name Sector name for E1
561867464607,Кам-Саван,,,ModItemCampaignPreset HotDiamonds display_name Sector name for E10
642649418249,Саванна,,,ModItemCampaignPreset HotDiamonds display_name Sector name for E11
535826827958,Саванна,,,ModItemCampaignPreset HotDiamonds display_name Sector name for E12
958129071008,Саванна,,,ModItemCampaignPreset HotDiamonds display_name Sector name for E13
149503142162,Окраины Пантагрюэля,,,ModItemCampaignPreset HotDiamonds display_name Sector name for E14
580447225647,Трущобы Пантагрюэля,,,ModItemCampaignPreset HotDiamonds display_name Sector name for E15
797984509022,Центр Пантагрюэля,,,ModItemCampaignPreset HotDiamonds display_name Sector name for E16
362300472642,Берег реки в саванне,,,ModItemCampaignPreset HotDiamonds display_name Sector name for E17
160548808448,Хижина в лесу,,,ModItemCampaignPreset HotDiamonds display_name Sector name for E19
838031250692,Sea,,,ModItemCampaignPreset HotDiamonds display_name Sector name for E2
722597607076,Гдегдегде,,,ModItemCampaignPreset HotDiamonds display_name Sector name for E21
278429472343,Пит-стоп,,,ModItemCampaignPreset HotDiamonds display_name Sector name for E23
297775590352,River,,,ModItemCampaignPreset HotDiamonds display_name Sector name for E25
297775590352,River,,,ModItemCampaignPreset HotDiamonds display_name Sector name for E26
683995435727,Море,,,ModItemCampaignPreset HotDiamonds display_name Sector name for E3
838031250692,Sea,,,ModItemCampaignPreset HotDiamonds display_name Sector name for E6
838031250692,Sea,,,ModItemCampaignPreset HotDiamonds display_name Sector name for E7
179638259190,Кладбище Брокенхилл,,,ModItemCampaignPreset HotDiamonds display_name Sector name for E8
869149352694,Саванна,,,ModItemCampaignPreset HotDiamonds display_name Sector name for E9
838031250692,Sea,,,ModItemCampaignPreset HotDiamonds display_name Sector name for F1
642649418249,Саванна,,,ModItemCampaignPreset HotDiamonds display_name Sector name for F10
750412214505,Саванна,,,ModItemCampaignPreset HotDiamonds display_name Sector name for F11
785922964593,Тайник,,,ModItemCampaignPreset HotDiamonds display_name Sector name for F11_Underground
541857328963,Саванна,,,ModItemCampaignPreset HotDiamonds display_name Sector name for F12
272495633070,Станция метро В,,,ModItemCampaignPreset HotDiamonds display_name Sector name for F12_Underground
954736904055,Лагерь беженцев,,,ModItemCampaignPreset HotDiamonds display_name Sector name for F13
186818454287,Река,,,ModItemCampaignPreset HotDiamonds display_name Sector name for F16
697092134355,Берег реки в джунглях,,,ModItemCampaignPreset HotDiamonds display_name Sector name for F17
421444477169,Берег в джунглях,,,ModItemCampaignPreset HotDiamonds display_name Sector name for F19
838031250692,Sea,,,ModItemCampaignPreset HotDiamonds display_name Sector name for F2
514212765118,Проклятый лес,,,ModItemCampaignPreset HotDiamonds display_name Sector name for F20
464798113837,Укрытие Гиен,,,ModItemCampaignPreset HotDiamonds display_name Sector name for F21
256134986000,Проклятый лес,,,ModItemCampaignPreset HotDiamonds display_name Sector name for F22
468361198430,Старая бензоколонка,,,ModItemCampaignPreset HotDiamonds display_name Sector name for F24
542953130301,Берег реки в джунглях,,,ModItemCampaignPreset HotDiamonds display_name Sector name for F25
297775590352,River,,,ModItemCampaignPreset HotDiamonds display_name Sector name for F26
663273681789,Топи,,,ModItemCampaignPreset HotDiamonds display_name Sector name for F27
588901431087,Иль-Мора,,,ModItemCampaignPreset HotDiamonds display_name Sector name for F28
838031250692,Sea,,,ModItemCampaignPreset HotDiamonds display_name Sector name for F3
838031250692,Sea,,,ModItemCampaignPreset HotDiamonds display_name Sector name for F4
838031250692,Sea,,,ModItemCampaignPreset HotDiamonds display_name Sector name for F5
838031250692,Sea,,,ModItemCampaignPreset HotDiamonds display_name Sector name for F6
838031250692,Sea,,,ModItemCampaignPreset HotDiamonds display_name Sector name for F7
746831907861,Побережье саванны,,,ModItemCampaignPreset HotDiamonds display_name Sector name for F8
755793762628,Саванна,,,ModItemCampaignPreset HotDiamonds display_name Sector name for F9
838031250692,Sea,,,ModItemCampaignPreset HotDiamonds display_name Sector name for G1
242442320813,Ла-Палисад,,,ModItemCampaignPreset HotDiamonds display_name Sector name for G10
541857328963,Саванна,,,ModItemCampaignPreset HotDiamonds display_name Sector name for G11
460717026135,Подземная лаборатория,,,ModItemCampaignPreset HotDiamonds display_name Sector name for G12_Underground
300355091122,Саванна,,,ModItemCampaignPreset HotDiamonds display_name Sector name for G13
884980086575,Саванна,,,ModItemCampaignPreset HotDiamonds display_name Sector name for G14
641120547141,Минное поле,,,ModItemCampaignPreset HotDiamonds display_name Sector name for G16
493913960829,Великий лес,,,ModItemCampaignPreset HotDiamonds display_name Sector name for G17
278065061283,Берег реки в джунглях,,,ModItemCampaignPreset HotDiamonds display_name Sector name for G18
838031250692,Sea,,,ModItemCampaignPreset HotDiamonds display_name Sector name for G2
612776379237,Кам-Шьен-Саваж,,,ModItemCampaignPreset HotDiamonds display_name Sector name for G22
433703198777,Проклятый лес,,,ModItemCampaignPreset HotDiamonds display_name Sector name for G23
794687208333,Шале-де-ла-Пе,,,ModItemCampaignPreset HotDiamonds display_name Sector name for G25
297775590352,River,,,ModItemCampaignPreset HotDiamonds display_name Sector name for G26
794687208333,Шале-де-ла-Пе,,,ModItemCampaignPreset HotDiamonds display_name Sector name for G27
838031250692,Sea,,,ModItemCampaignPreset HotDiamonds display_name Sector name for G3
251099843489,Эль Мора,,,ModItemCampaignPreset HotDiamonds display_name Sector name for G30
544596907986,Болота,,,ModItemCampaignPreset HotDiamonds display_name Sector name for G31
838031250692,Sea,,,ModItemCampaignPreset HotDiamonds display_name Sector name for G4
838031250692,Sea,,,ModItemCampaignPreset HotDiamonds display_name Sector name for G5
838031250692,Sea,,,ModItemCampaignPreset HotDiamonds display_name Sector name for G6
838031250692,Sea,,,ModItemCampaignPreset HotDiamonds display_name Sector name for G7
838031250692,Sea,,,ModItemCampaignPreset HotDiamonds display_name Sector name for G8
191576416065,Кот д'Азур,,,ModItemCampaignPreset HotDiamonds display_name Sector name for G9
838031250692,Sea,,,ModItemCampaignPreset HotDiamonds display_name Sector name for H1
504394602813,Побережье саванны,,,ModItemCampaignPreset HotDiamonds display_name Sector name for H10
221818809422,Саванна,,,ModItemCampaignPreset HotDiamonds display_name Sector name for H11
741191269749,Перекресток,,,ModItemCampaignPreset HotDiamonds display_name Sector name for H12
304714315829,Подвал лечебницы,,,ModItemCampaignPreset HotDiamonds display_name Sector name for H12_Underground
705677396519,Саванна,,,ModItemCampaignPreset HotDiamonds display_name Sector name for H13
182607269744,Шахта Мфуму,,,ModItemCampaignPreset HotDiamonds display_name Sector name for H14
404334134277,Джунгли,,,ModItemCampaignPreset HotDiamonds display_name Sector name for H15
584766347441,Захоронения,,,ModItemCampaignPreset HotDiamonds display_name Sector name for H17
473242751429,Флитаунский район Ла-Буэ,,,ModItemCampaignPreset HotDiamonds display_name Sector name for H18
647441593762,Флитаунский блошиный рынок,,,ModItemCampaignPreset HotDiamonds display_name Sector name for H19
838031250692,Sea,,,ModItemCampaignPreset HotDiamonds display_name Sector name for H2
614227246678,Берег реки,,,ModItemCampaignPreset HotDiamonds display_name Sector name for H21
932397913085,Старые укрепления,,,ModItemCampaignPreset HotDiamonds display_name Sector name for H22
798900424828,Бункер,,,ModItemCampaignPreset HotDiamonds display_name Sector name for H22_Underground
651098705600,Великий лес,,,ModItemCampaignPreset HotDiamonds display_name Sector name for H23
272495633070,Станция метро В,,,ModItemCampaignPreset HotDiamonds display_name Sector name for H23_Underground
130230429232,Берег реки в джунглях,,,ModItemCampaignPreset HotDiamonds display_name Sector name for H24
297775590352,River,,,ModItemCampaignPreset HotDiamonds display_name Sector name for H25
297775590352,River,,,ModItemCampaignPreset HotDiamonds display_name Sector name for H26
130230429232,Берег реки в джунглях,,,ModItemCampaignPreset HotDiamonds display_name Sector name for H27
441551571400,Остров Бьян-Шьен,,,ModItemCampaignPreset HotDiamonds display_name Sector name for H29
838031250692,Sea,,,ModItemCampaignPreset HotDiamonds display_name Sector name for H3
297761234111,Болота,,,ModItemCampaignPreset HotDiamonds display_name Sector name for H30
402575772484,Вассерграбское месторождение,,,ModItemCampaignPreset HotDiamonds display_name Sector name for H31
260390996640,Мрачная деревня,,,ModItemCampaignPreset HotDiamonds display_name Sector name for H32
838031250692,Sea,,,ModItemCampaignPreset HotDiamonds display_name Sector name for H4
838031250692,Sea,,,ModItemCampaignPreset HotDiamonds display_name Sector name for H5
838031250692,Sea,,,ModItemCampaignPreset HotDiamonds display_name Sector name for H6
838031250692,Sea,,,ModItemCampaignPreset HotDiamonds display_name Sector name for H7
838031250692,Sea,,,ModItemCampaignPreset HotDiamonds display_name Sector name for H8
838031250692,Sea,,,ModItemCampaignPreset HotDiamonds display_name Sector name for H9
838031250692,Sea,,,ModItemCampaignPreset HotDiamonds display_name Sector name for I1
838031250692,Sea,,,ModItemCampaignPreset HotDiamonds display_name Sector name for I10
812039020425,Побережье саванны,,,ModItemCampaignPreset HotDiamonds display_name Sector name for I11
665104084642,Секретный туннель,,,ModItemCampaignPreset HotDiamonds display_name Sector name for I11_Underground
642649418249,Саванна,,,ModItemCampaignPreset HotDiamonds display_name Sector name for I12
234271709521,Джунгли,,,ModItemCampaignPreset HotDiamonds display_name Sector name for I15
761775516206,Заброшенный особняк,,,ModItemCampaignPreset HotDiamonds display_name Sector name for I16
978845165648,Подвал особняка,,,ModItemCampaignPreset HotDiamonds display_name Sector name for I16_Underground
524504567636,Дорожный мост,,,ModItemCampaignPreset HotDiamonds display_name Sector name for I17
303504379957,Великий лес,,,ModItemCampaignPreset HotDiamonds display_name Sector name for I18
613098814399,Болота,,,ModItemCampaignPreset HotDiamonds display_name Sector name for I19
909162954508,Лечебница в маяке,,,ModItemCampaignPreset HotDiamonds display_name Sector name for I2
564176759847,Фермы,,,ModItemCampaignPreset HotDiamonds display_name Sector name for I20
626691460597,Болотистый берег,,,ModItemCampaignPreset HotDiamonds display_name Sector name for I21
280630965085,Великий лес,,,ModItemCampaignPreset HotDiamonds display_name Sector name for I22
665104084642,Секретный туннель,,,ModItemCampaignPreset HotDiamonds display_name Sector name for I22_Underground
458949895555,Великий лес,,,ModItemCampaignPreset HotDiamonds display_name Sector name for I23
460717026135,Подземная лаборатория,,,ModItemCampaignPreset HotDiamonds display_name Sector name for I23_Underground
317461696416,Великий лес,,,ModItemCampaignPreset HotDiamonds display_name Sector name for I24
788677023307,Грязноводный мост,,,ModItemCampaignPreset HotDiamonds display_name Sector name for I25
299323377959,Археологические раскопки,,,ModItemCampaignPreset HotDiamonds display_name Sector name for I28
701345923840,Дорога к маяку,,,ModItemCampaignPreset HotDiamonds display_name Sector name for I3
540427053072,Хижина ведьмы,,,ModItemCampaignPreset HotDiamonds display_name Sector name for I31
608872900457,Дорога на маяк,,,ModItemCampaignPreset HotDiamonds display_name Sector name for I4
173542934345,Деревня Эрни,,,ModItemCampaignPreset HotDiamonds display_name Sector name for I5
141041612699,Жестянка,,,ModItemCampaignPreset HotDiamonds display_name Sector name for I6
549697085851,Бункер FB45-68,,,ModItemCampaignPreset HotDiamonds display_name Sector name for I6_Underground
844521108189,Форт Ло-Блё,,,ModItemCampaignPreset HotDiamonds display_name Sector name for I7
386088113625,Армейский Бункер,,,ModItemCampaignPreset HotDiamonds display_name Sector name for I7_Underground
838031250692,Sea,,,ModItemCampaignPreset HotDiamonds display_name Sector name for I8
838031250692,Sea,,,ModItemCampaignPreset HotDiamonds display_name Sector name for I9
838031250692,Sea,,,ModItemCampaignPreset HotDiamonds display_name Sector name for J1
838031250692,Sea,,,ModItemCampaignPreset HotDiamonds display_name Sector name for J10
838031250692,Sea,,,ModItemCampaignPreset HotDiamonds display_name Sector name for J11
504402203656,Побережье саванны,,,ModItemCampaignPreset HotDiamonds display_name Sector name for J12
997744145858,Поселение кладоискателей,,,ModItemCampaignPreset HotDiamonds display_name Sector name for J13
683335127705,Римвилль,,,ModItemCampaignPreset HotDiamonds display_name Sector name for J14
279103202332,Подземная лаборатория,,,ModItemCampaignPreset HotDiamonds display_name Sector name for J14_Underground
697926662034,Берег реки в саванне,,,ModItemCampaignPreset HotDiamonds display_name Sector name for J15
279103202332,Подземная лаборатория,,,ModItemCampaignPreset HotDiamonds display_name Sector name for J15_Underground
737138748415,Великий лес,,,ModItemCampaignPreset HotDiamonds display_name Sector name for J16
904326907181,Берег реки в джунглях,,,ModItemCampaignPreset HotDiamonds display_name Sector name for J17
240546278957,Земли мертвых,,,ModItemCampaignPreset HotDiamonds display_name Sector name for J18
958825928490,Болотные топи,,,ModItemCampaignPreset HotDiamonds display_name Sector name for J19
555133792190,Дикое место,,,ModItemCampaignPreset HotDiamonds display_name Sector name for J2
425685949746,Болота,,,ModItemCampaignPreset HotDiamonds display_name Sector name for J20
641120547141,Минное поле,,,ModItemCampaignPreset HotDiamonds display_name Sector name for J21
204825610373,Старое кладбище,,,ModItemCampaignPreset HotDiamonds display_name Sector name for J23
798506381727,Берег реки в джунглях,,,ModItemCampaignPreset HotDiamonds display_name Sector name for J25
613098814399,Болота,,,ModItemCampaignPreset HotDiamonds display_name Sector name for J28
816855262914,Станция метро С,,,ModItemCampaignPreset HotDiamonds display_name Sector name for J28_Underground
293068634640,Лагерь надежды,,,ModItemCampaignPreset HotDiamonds display_name Sector name for J29
348743958741,Дорога в Эрни,,,ModItemCampaignPreset HotDiamonds display_name Sector name for J4
336479618775,Фермы Эрни,,,ModItemCampaignPreset HotDiamonds display_name Sector name for J5
679436731928,Аванпост контрабандистов,,,ModItemCampaignPreset HotDiamonds display_name Sector name for J6
149201225676,Изумрудный берег,,,ModItemCampaignPreset HotDiamonds display_name Sector name for J7
838031250692,Sea,,,ModItemCampaignPreset HotDiamonds display_name Sector name for J8
838031250692,Sea,,,ModItemCampaignPreset HotDiamonds display_name Sector name for J9
838031250692,Sea,,,ModItemCampaignPreset HotDiamonds display_name Sector name for K1
838031250692,Sea,,,ModItemCampaignPreset HotDiamonds display_name Sector name for K10
838031250692,Sea,,,ModItemCampaignPreset HotDiamonds display_name Sector name for K11
813545991003,Подземная лаборатория,,,ModItemCampaignPreset HotDiamonds display_name Sector name for K11_Underground
297775590352,River,,,ModItemCampaignPreset HotDiamonds display_name Sector name for K12
297775590352,River,,,ModItemCampaignPreset HotDiamonds display_name Sector name for K13
881042435123,Развалины фабрики,,,ModItemCampaignPreset HotDiamonds display_name Sector name for K14
801967378182,Берег джунглей,,,ModItemCampaignPreset HotDiamonds display_name Sector name for K15
721531935723,Станция метро D,,,ModItemCampaignPreset HotDiamonds display_name Sector name for K15_Underground
881042435123,Развалины фабрики,,,ModItemCampaignPreset HotDiamonds display_name Sector name for K19
181489520075,Море,,,ModItemCampaignPreset HotDiamonds display_name Sector name for K2
297775590352,River,,,ModItemCampaignPreset HotDiamonds display_name Sector name for K20
837364987352,Кам-Бьян-Шьен,,,ModItemCampaignPreset HotDiamonds display_name Sector name for K21
549994988586,Остров Бьян-Шьен,,,ModItemCampaignPreset HotDiamonds display_name Sector name for K22
234932279754,Остров Бьян-Шьен,,,ModItemCampaignPreset HotDiamonds display_name Sector name for K23
316148597610,Берег реки,,,ModItemCampaignPreset HotDiamonds display_name Sector name for K24
297775590352,River,,,ModItemCampaignPreset HotDiamonds display_name Sector name for K25
164902617534,Гдетотам,,,ModItemCampaignPreset HotDiamonds display_name Sector name for K26
254047887407,Санаторий,,,ModItemCampaignPreset HotDiamonds display_name Sector name for K29
933477819234,Time to leave the perimeter,,,ModItemCampaignPreset HotDiamonds warningTimerText
954201546673,Подвал санатория,,,ModItemCampaignPreset HotDiamonds display_name Sector name for K29_Underground
839602336017,Походный лагерь Легиона,,,ModItemCampaignPreset HotDiamonds display_name Sector name for K3
575031690071,Филер,,,ModItemCampaignPreset HotDiamonds display_name Sector name for K31
463695279475,Усадьбы-близнецы,,,ModItemCampaignPreset HotDiamonds display_name Sector name for K32
185948484340,Флаговый холм,,,ModItemCampaignPreset HotDiamonds display_name Sector name for K4
828240037474,Походный лагерь Легиона,,,ModItemCampaignPreset HotDiamonds display_name Sector name for K5
484479696515,Запасной лагерь Контрабандистов,,,ModItemCampaignPreset HotDiamonds display_name Sector name for K6
124799308713,Заброшенный скалистый берег,,,ModItemCampaignPreset HotDiamonds display_name Sector name for K7
838031250692,Sea,,,ModItemCampaignPreset HotDiamonds display_name Sector name for K8
838031250692,Sea,,,ModItemCampaignPreset HotDiamonds display_name Sector name for K9
380204237490,База партизан на острове Эрни,,,ModItemCampaignPreset HotDiamonds display_name Sector name for L1
838031250692,Sea,,,ModItemCampaignPreset HotDiamonds display_name Sector name for L10
896730749332,"Укреп ""Центровой""",,,ModItemCampaignPreset HotDiamonds display_name Sector name for L11
297775590352,River,,,ModItemCampaignPreset HotDiamonds display_name Sector name for L12
308732960633,Безликий,,,ModItemCampaignPreset HotDiamonds display_name Sector name for L13
297775590352,River,,,ModItemCampaignPreset HotDiamonds display_name Sector name for L14
209909493905,Кам-Ла-Барьер,,,ModItemCampaignPreset HotDiamonds display_name Sector name for L15
739270215925,Великий лес,,,ModItemCampaignPreset HotDiamonds display_name Sector name for L16
721531935723,Станция метро D,,,ModItemCampaignPreset HotDiamonds display_name Sector name for L16_Underground
210475281605,Разбойничий форт,,,ModItemCampaignPreset HotDiamonds display_name Sector name for L17
995951843740,Underground Tunnel,,,ModItemCampaignPreset HotDiamonds display_name Sector name for L17_Underground
368904407254,Нет локации,,,ModItemCampaignPreset HotDiamonds display_name Sector name for L19
733530482848,Непроходимая местность,,,ModItemCampaignPreset HotDiamonds display_name Sector name for L2
297775590352,River,,,ModItemCampaignPreset HotDiamonds display_name Sector name for L20
297775590352,River,,,ModItemCampaignPreset HotDiamonds display_name Sector name for L21
297775590352,River,,,ModItemCampaignPreset HotDiamonds display_name Sector name for L22
297775590352,River,,,ModItemCampaignPreset HotDiamonds display_name Sector name for L23
297775590352,River,,,ModItemCampaignPreset HotDiamonds display_name Sector name for L24
297775590352,River,,,ModItemCampaignPreset HotDiamonds display_name Sector name for L25
849503984001,Фермы,,,ModItemCampaignPreset HotDiamonds display_name Sector name for L26
913920875470,Великий лес,,,ModItemCampaignPreset HotDiamonds display_name Sector name for L27
890190423953,Походный лагерь Легиона,,,ModItemCampaignPreset HotDiamonds display_name Sector name for L3
849503984001,Фермы,,,ModItemCampaignPreset HotDiamonds display_name Sector name for L31
193876396815,Походный лагерь Легиона,,,ModItemCampaignPreset HotDiamonds display_name Sector name for L4
760738486642,Походный Лагерь Легиона,,,ModItemCampaignPreset HotDiamonds display_name Sector name for L5
767934028449,Заброшенный вход в бункер,,,ModItemCampaignPreset HotDiamonds display_name Sector name for L6
362916261613,Бункер партизан,,,ModItemCampaignPreset HotDiamonds display_name Sector name for L6_Underground
672915928785,Рыбацкая деревня,,,ModItemCampaignPreset HotDiamonds display_name Sector name for L7
838031250692,Sea,,,ModItemCampaignPreset HotDiamonds display_name Sector name for L8
838031250692,Sea,,,ModItemCampaignPreset HotDiamonds display_name Sector name for L9
671411170358,Зона высадки,,,ModItemCampaignPreset HotDiamonds display_name Sector name for M1
838031250692,Sea,,,ModItemCampaignPreset HotDiamonds display_name Sector name for M10
297775590352,River,,,ModItemCampaignPreset HotDiamonds display_name Sector name for M11
297775590352,River,,,ModItemCampaignPreset HotDiamonds display_name Sector name for M12
297775590352,River,,,ModItemCampaignPreset HotDiamonds display_name Sector name for M13
297775590352,River,,,ModItemCampaignPreset HotDiamonds display_name Sector name for M14
297775590352,River,,,ModItemCampaignPreset HotDiamonds display_name Sector name for M15
297775590352,River,,,ModItemCampaignPreset HotDiamonds display_name Sector name for M16
297775590352,River,,,ModItemCampaignPreset HotDiamonds display_name Sector name for M17
297775590352,River,,,ModItemCampaignPreset HotDiamonds display_name Sector name for M18
297775590352,River,,,ModItemCampaignPreset HotDiamonds display_name Sector name for M19
691002711206,Скалистый берег,,,ModItemCampaignPreset HotDiamonds display_name Sector name for M2
297775590352,River,,,ModItemCampaignPreset HotDiamonds display_name Sector name for M20
297775590352,River,,,ModItemCampaignPreset HotDiamonds display_name Sector name for M21
297775590352,River,,,ModItemCampaignPreset HotDiamonds display_name Sector name for M22
297775590352,River,,,ModItemCampaignPreset HotDiamonds display_name Sector name for M23
283125335704,Фермы,,,ModItemCampaignPreset HotDiamonds display_name Sector name for M26
962183556645,Водопад,,,ModItemCampaignPreset HotDiamonds display_name Sector name for M3
540072216084,Фермы,,,ModItemCampaignPreset HotDiamonds display_name Sector name for M31
444373326278,Смотровая площадка,,,ModItemCampaignPreset HotDiamonds display_name Sector name for M4
912355717873,Береговая линия,,,ModItemCampaignPreset HotDiamonds display_name Sector name for M5
649552238374,Старый порт,,,ModItemCampaignPreset HotDiamonds display_name Sector name for M6
838031250692,Sea,,,ModItemCampaignPreset HotDiamonds display_name Sector name for M7
838031250692,Sea,,,ModItemCampaignPreset HotDiamonds display_name Sector name for M8
838031250692,Sea,,,ModItemCampaignPreset HotDiamonds display_name Sector name for M9
838031250692,Sea,,,ModItemCampaignPreset HotDiamonds display_name Sector name for N1
838031250692,Sea,,,ModItemCampaignPreset HotDiamonds display_name Sector name for N10
549508021001,Укреп район Какао,,,ModItemCampaignPreset HotDiamonds display_name Sector name for N11
708524428129,Порт-Какао,,,ModItemCampaignPreset HotDiamonds display_name Sector name for N12
451163287007,Доки Порт-Какао,,,ModItemCampaignPreset HotDiamonds display_name Sector name for N13
603757752539,Wetlands,,,ModItemCampaignPreset HotDiamonds display_name Sector name for N16
297775590352,River,,,ModItemCampaignPreset HotDiamonds display_name Sector name for N17
297775590352,River,,,ModItemCampaignPreset HotDiamonds display_name Sector name for N18
297775590352,River,,,ModItemCampaignPreset HotDiamonds display_name Sector name for N19
838031250692,Sea,,,ModItemCampaignPreset HotDiamonds display_name Sector name for N2
297775590352,River,,,ModItemCampaignPreset HotDiamonds display_name Sector name for N20
297775590352,River,,,ModItemCampaignPreset HotDiamonds display_name Sector name for N21
553366291840,Великий лес,,,ModItemCampaignPreset HotDiamonds display_name Sector name for N22
204825610373,Старое кладбище,,,ModItemCampaignPreset HotDiamonds display_name Sector name for N23
564176759847,Фермы,,,ModItemCampaignPreset HotDiamonds display_name Sector name for N24
108512072925,Фермы,,,ModItemCampaignPreset HotDiamonds display_name Sector name for N27
693132416723,Ферма,,,ModItemCampaignPreset HotDiamonds display_name Sector name for N28
164902617534,Гдетотам,,,ModItemCampaignPreset HotDiamonds display_name Sector name for N29
838031250692,Sea,,,ModItemCampaignPreset HotDiamonds display_name Sector name for N3
522760622153,Фермы,,,ModItemCampaignPreset HotDiamonds display_name Sector name for N30
733323401700,Фермы,,,ModItemCampaignPreset HotDiamonds display_name Sector name for N31
838031250692,Sea,,,ModItemCampaignPreset HotDiamonds display_name Sector name for N4
838031250692,Sea,,,ModItemCampaignPreset HotDiamonds display_name Sector name for N5
838031250692,Sea,,,ModItemCampaignPreset HotDiamonds display_name Sector name for N6
838031250692,Sea,,,ModItemCampaignPreset HotDiamonds display_name Sector name for N7
838031250692,Sea,,,ModItemCampaignPreset HotDiamonds display_name Sector name for N8
838031250692,Sea,,,ModItemCampaignPreset HotDiamonds display_name Sector name for N9
838031250692,Sea,,,ModItemCampaignPreset HotDiamonds display_name Sector name for O1
308781253074,Пригород Какао,,,ModItemCampaignPreset HotDiamonds display_name Sector name for O11
147018837237,Помойка,,,ModItemCampaignPreset HotDiamonds display_name Sector name for O13
890849254213,Сектор О15 видел? тоже самое,,,ModItemCampaignPreset HotDiamonds display_name Sector name for O15
816624650190,Олд-Даймонд,,,ModItemCampaignPreset HotDiamonds display_name Sector name for O16
704031123646,Филер,,,ModItemCampaignPreset HotDiamonds display_name Sector name for O19
838031250692,Sea,,,ModItemCampaignPreset HotDiamonds display_name Sector name for O2
788666771457,Берег реки в джунглях,,,ModItemCampaignPreset HotDiamonds display_name Sector name for O20
218370018046,Великий лес,,,ModItemCampaignPreset HotDiamonds display_name Sector name for O21
429313128588,Филер,,,ModItemCampaignPreset HotDiamonds display_name Sector name for O22
465814356471,Филер,,,ModItemCampaignPreset HotDiamonds display_name Sector name for O23
838031250692,Sea,,,ModItemCampaignPreset HotDiamonds display_name Sector name for O3
838031250692,Sea,,,ModItemCampaignPreset HotDiamonds display_name Sector name for O4
838031250692,Sea,,,ModItemCampaignPreset HotDiamonds display_name Sector name for O5
838031250692,Sea,,,ModItemCampaignPreset HotDiamonds display_name Sector name for O6
838031250692,Sea,,,ModItemCampaignPreset HotDiamonds display_name Sector name for O7
838031250692,Sea,,,ModItemCampaignPreset HotDiamonds display_name Sector name for O8
838031250692,Sea,,,ModItemCampaignPreset HotDiamonds display_name Sector name for O9
838031250692,Sea,,,ModItemCampaignPreset HotDiamonds display_name Sector name for P1
305225889431,Великий лес,,,ModItemCampaignPreset HotDiamonds display_name Sector name for P11
357935931244,Лес,,,ModItemCampaignPreset HotDiamonds display_name Sector name for P15
813545991003,Подземная лаборатория,,,ModItemCampaignPreset HotDiamonds display_name Sector name for P15_Underground
940784784728,ГдеГдеВезде,,,ModItemCampaignPreset HotDiamonds display_name Sector name for P16
250419918305,Камп Де Крокодиль,,,ModItemCampaignPreset HotDiamonds display_name Sector name for P17
294371204656,Заброшенный Аэродром,,,ModItemCampaignPreset HotDiamonds display_name Sector name for P19
838031250692,Sea,,,ModItemCampaignPreset HotDiamonds display_name Sector name for P2
244804417778,Великий лес,,,ModItemCampaignPreset HotDiamonds display_name Sector name for P20
881042435123,Развалины фабрики,,,ModItemCampaignPreset HotDiamonds display_name Sector name for P21
685863743391,Военная база ЮГ,,,ModItemCampaignPreset HotDiamonds display_name Sector name for P26
838031250692,Sea,,,ModItemCampaignPreset HotDiamonds display_name Sector name for P3
838031250692,Sea,,,ModItemCampaignPreset HotDiamonds display_name Sector name for P4
838031250692,Sea,,,ModItemCampaignPreset HotDiamonds display_name Sector name for P5
838031250692,Sea,,,ModItemCampaignPreset HotDiamonds display_name Sector name for P6
838031250692,Sea,,,ModItemCampaignPreset HotDiamonds display_name Sector name for P7
958946630257,«Хорошее место»,,,ModItemCampaignPreset HotDiamonds display_name Sector name for P8
100373069792,«Хорошее место» (подземелье),,,ModItemCampaignPreset HotDiamonds display_name Sector name for P8_Underground
788666771457,Берег реки в джунглях,,,ModItemCampaignPreset HotDiamonds display_name Sector name for P9
888882045986,Exit the Area,,,ModItemCampaignPreset HotDiamonds default
169721235549,Lenore,,,ModItemQuestsDef WetlandsSideQuests DisplayName
364886179382,One may want to take a walk around the place and <em>contemplate</em> on the poem by Edgar Allan Poe,,,ModItemQuestsDef WetlandsSideQuests Text
696843295595,<em>Outcome:</em> <em>Lenore</em> and <em>Guy De Vere</em> should rest in peace,,,ModItemQuestsDef WetlandsSideQuests Text
115494443900,Camp du Crocodile,,,ModItemQuestsDef Elliot DisplayName
761350045885,"There is a ""Major"" in <em><SectorName('P17')></em>, but is he <em>The Major</em>?",,,ModItemQuestsDef Elliot Text
828983887919,"The ""Major"" in <em><SectorName('P17')></em> is the harmless idiot <em>Elliot</em> from Arulco",,,ModItemQuestsDef Elliot Text
226253632722,"<em>Outcome:</em> The <em>""Major""</em> in <em><SectorName('P17')></em> was killed, but was he the real Major?",,,ModItemQuestsDef Elliot Text
712574607433,<em>Outcome:</em> <em>Elliot</em> from Arulco paid with his life for pretending to be the Major,,,ModItemQuestsDef Elliot Text
358731170157,<em>Outcome:</em> <em>Elliot</em> from Arulco went to jail for killing his best friend,,,ModItemQuestsDef Elliot Text
196541382881,<em>Outcome:</em> Spared <em>Elliot</em>,,,ModItemQuestsDef Elliot Text
824916717420,<em>Outcome:</em> <em>Elliot</em> is dead,,,ModItemQuestsDef Elliot Text
104085898235,Côte d'Azur,,,ModItemQuestsDef SavannaSideQuest DisplayName
652093742599,"<em>Operation</em>: Captain Jacques Pierrot in <em><SectorName('G9')></em> offers naval transport if the ""M.E.R.C.'s Pride"" boat is repaired",,,ModItemQuestsDef SavannaSideQuest Text
884795282888,<em>Outcome:</em> M.E.R.C.'s boat is repaired and will be commandeered by Captain Jacques Pierrot as naval transport from <em><SectorName('G9')></em>,,,ModItemQuestsDef SavannaSideQuest Text
728713112141,<em>Outcome:</em> <em>Captain Jacques Pierrot</em> is dead,,,ModItemQuestsDef SavannaSideQuest Text
638558387543,established a <em>Port</em> in <em><SectorName('G9')></em>,,,ModItemQuestsDef SavannaSideQuest SpecialConversationMessage
974163584784,The Refugee camp,,,ModItemQuestsDef RefugeeBlues DisplayName
140909449468,<em>Sangoma</em> at the <em><SectorName('F13')></em> is a famous faith healer,,,ModItemQuestsDef RefugeeBlues Text
417607577100,<em>Sangoma</em> from the <em><SectorName('F13')></em> needs <em>Metaviron</em> to heal his family and protect his faith healer reputation,,,ModItemQuestsDef RefugeeBlues Text
875225952240,There may be <em>Metaviron</em> at the <em><SectorName('H19')></em>,,,ModItemQuestsDef RefugeeBlues Text
132204393595,<em>Outcome:</em> Saved the family of <em>Sangoma</em> and preserved his faith healer reputation,,,ModItemQuestsDef RefugeeBlues Text
778150699797,<em>Outcome:</em> Saved the family of <em>Sangoma</em>,,,ModItemQuestsDef RefugeeBlues Text
828618948075,<em>Operation</em>: A capable <em>Medic</em> could cure the family of <em>Sangoma</em> at the <em><SectorName('F13')></em>,,,ModItemQuestsDef RefugeeBlues Text
933739111483,<em>Outcome:</em> <em>Sangoma</em> is dead,,,ModItemQuestsDef RefugeeBlues Text
258278270170,<em>Pepe</em> from the <em><SectorName('F13')></em> asked for help with his <em>TV</em> woes,,,ModItemQuestsDef RefugeeBlues Text
775763648755,<em>Outcome:</em> Helped <em>Pepe</em> and greatly pleased the spirits at the <em><SectorName('F13')></em>,,,ModItemQuestsDef RefugeeBlues Text
403756776367,<em>Outcome:</em> <em>Pepe</em> is dead,,,ModItemQuestsDef RefugeeBlues Text
383668708924,<em>Claudette</em> was kidnapped by the Legion and taken to the <em><SectorName('D9')></em>,,,ModItemQuestsDef RefugeeBlues Text
610475885620,Time to help brave <em>Claudette</em>,,,ModItemQuestsDef RefugeeBlues Text
426080804855,<em>Claudette</em> went back to her brother <em>Antoine</em> in the <em><SectorName('F13')></em>,,,ModItemQuestsDef RefugeeBlues Text
569370874172,<em>Outcome:</em> <em>Claudette</em> is dead,,,ModItemQuestsDef RefugeeBlues Text
476827429491,<em>Outcome:</em> <em>Antoine</em> is dead,,,ModItemQuestsDef RefugeeBlues Text
765676162861,<em>Outcome:</em> <em>Antoine</em> and <em>Claudette</em> left the Refugee Camp for good,,,ModItemQuestsDef RefugeeBlues Text
237714284402,"<em>Karen</em> in the <em><SectorName('F13')></em> insists that her <em>passport</em> is found and returned immediately, or she will call the manager!",,,ModItemQuestsDef RefugeeBlues Text
194915769887,<em>Lalee</em> in <em><SectorName('H19')></em> can probably provide a <em>passport</em> for <em>Karen</em>,,,ModItemQuestsDef RefugeeBlues Text
825015158443,Found <em>Karen's passport</em>,,,ModItemQuestsDef RefugeeBlues Text
205482708053,<em>Outcome:</em> Returned <em>Karen's passport</em>,,,ModItemQuestsDef RefugeeBlues Text
248946579059,<em>Outcome:</em> Sent <em>Karen</em> to the great manager in the sky,,,ModItemQuestsDef RefugeeBlues Text
582068277236,<em>Outcome:</em> <em>Karen</em> is dead,,,ModItemQuestsDef RefugeeBlues Text
606937685269,<em>Martha and Herman</em> are stuck in the <em><SectorName('F13')></em>,,,ModItemQuestsDef RefugeeBlues Text
969489570316,<em>Outcome:</em> <em>Martha and Herman</em> are dead,,,ModItemQuestsDef RefugeeBlues Text
906457124761,<em>Outcome:</em> Helped <em>Martha and Herman</em> with money,,,ModItemQuestsDef RefugeeBlues Text
841841624189,<em>Outcome:</em> Employed <em>Martha and Herman</em> as mine workers,,,ModItemQuestsDef RefugeeBlues Text
240649173453,Time to intervene,,,ModItemQuestsDef RefugeeBlues Label
481334830789,helped <em>Antoine</em> and <em>Claudette</em>,,,ModItemQuestsDef RefugeeBlues SpecialConversationMessage
752789417156,helped <em>Martha</em> and <em>Herman</em>,,,ModItemQuestsDef RefugeeBlues SpecialConversationMessage
952242327124,provided an US passport to <em>Karen</em>,,,ModItemQuestsDef RefugeeBlues SpecialConversationMessage
707991311263,convinced <em>Bastien</em> to stop profiteering,,,ModItemQuestsDef RefugeeBlues SpecialConversationMessage
449194370340,The dead poachers,,,ModItemQuestsDef HunterHunted DisplayName
304064974760,"The Poachers at the <em><SectorName('D9')></em> are having some trouble with their ""work""",,,ModItemQuestsDef HunterHunted Text
124923999935,Someone is hunting the poachers from the <em><SectorName('D9')></em> and nailing horns on their heads,,,ModItemQuestsDef HunterHunted Text
109398933439,<em>Flay</em> is killing poachers and putting horns on the corpses,,,ModItemQuestsDef HunterHunted Text
753155851285,<em>Hyena</em> from the <em><SectorName('D9')></em> offers a reward for tracking down and killing <em>Flay</em>,,,ModItemQuestsDef HunterHunted Text
414478994287,There may be <em>clues</em> that lead to <em>Flay's hideout</em> across the <em>Savanna</em>,,,ModItemQuestsDef HunterHunted Text
444244839227,<em>Flay</em> is in the <em><SectorName('C6')></em>,,,ModItemQuestsDef HunterHunted Text
266905473743,<em>Flay</em> is in the <em><SectorName('B4')></em>,,,ModItemQuestsDef HunterHunted Text
982323621591,<em>Flay</em> is in the <em><SectorName('E6')></em>,,,ModItemQuestsDef HunterHunted Text
900092463856,<em>Hyena Gilbert</em> is offering a reward for taking down <em>Flay</em>,,,ModItemQuestsDef HunterHunted Text
577353066206,<em>Flay</em> was brought to <em>Hyena</em> so the poachers could deal with him,,,ModItemQuestsDef HunterHunted Text
921288244502,The poacher hunting season is <em>on</em>,,,ModItemQuestsDef HunterHunted Text
329910761476,<em>Outcome:</em> <em>Flay</em> is dead,,,ModItemQuestsDef HunterHunted Text
253192947803,<em>Outcome:</em> Recruited <em>Flay</em>,,,ModItemQuestsDef HunterHunted Text
974634219237,<em>Outcome:</em> <em>Flay</em> is now hunting the Legion,,,ModItemQuestsDef HunterHunted Text
282259139601,<em>Outcome:</em> <em>Flay</em> will no longer hunt the poachers,,,ModItemQuestsDef HunterHunted Text
469908469801,<em>Outcome:</em> Poachers are done poaching,,,ModItemQuestsDef HunterHunted Text
873714505345,Clue: <em>Flay</em> was here killing poachers.,,,ModItemQuestsDef HunterHunted message
527449098437,Helping Sangoma,,,ModItemQuestsDef FaithHealing DisplayName
431386569214,cured the family of <em>Sangoma</em>,,,ModItemQuestsDef FaithHealing SpecialConversationMessage
349588310270,Liberating Diamond Red,,,ModItemQuestsDef DiamondRed DisplayName
681472768157,There are rumors of terrible conditions at the <em><SectorName('A4')></em> mine,,,ModItemQuestsDef DiamondRed Text
442011910613,The <em><SectorName('A4')></em> mine is controlled by <em>Slave Master Graaf</em> who abuses the workers,,,ModItemQuestsDef DiamondRed Text
605587998364,Liberated the <em><SectorName('A4')></em> mine,,,ModItemQuestsDef DiamondRed Text
572667809420,<em>Slave Master Graaf</em> is defeated,,,ModItemQuestsDef DiamondRed Text
373648402830,"Slave Master Graaf is attacking the <em>miners</em> at <em><SectorName('A4')></em>

Miners Alive: <em><GetNumAliveUnitsInGroup('Miners')></em>
",,,ModItemQuestsDef DiamondRed Text
296886973599,"The Legion soldiers are attacking the <em>miners</em> at <em><SectorName('A4')></em>

Miners alive: <em><GetNumAliveUnitsInGroup('Miners')></em>",,,ModItemQuestsDef DiamondRed Text
792988128701,<em>Outcome:</em> Executed <em>Slave Master Graaf</em>,,,ModItemQuestsDef DiamondRed Text
142791317680,<em>Outcome:</em> Installed <em>Slave Master Graaf</em> as foreman in <em><SectorName('A4')></em>,,,ModItemQuestsDef DiamondRed Text
711368716559,<em>Outcome:</em> Banished <em>Slave Master Graaf</em> from <em><SectorName('A4')></em>,,,ModItemQuestsDef DiamondRed Text
886738651138,<em>Outcome:</em> <em>Minimal casualties</em> among the miners in <em><SectorName('A4')></em>,,,ModItemQuestsDef DiamondRed Text
226911658823,<em>Outcome:</em> <em>Serious casualties</em> among the miners in <em><SectorName('A4')></em>,,,ModItemQuestsDef DiamondRed Text
134925017517,Worker,,,ModItemQuestsDef DiamondRed ChangeName
587704636909,Slave,,,ModItemQuestsDef DiamondRed ChangeName
124836023855,Эндшпиль,,,ModItemQuestsDef 06_Endgame DisplayName
606978329050,Время открыть <color EmStyle>спутниковую карту</color>,,,ModItemQuestsDef 06_Endgame Text
431465051599,Нейтрализация Майора,,,ModItemQuestsDef 05_TakeDownMajor DisplayName
397890849828,"Боевики <color EmStyle>Легиона</color> похитили <color EmStyle>отца Эммы</color>, Альфонса Лафонтена, <color EmStyle>президента</color> Гран-Шьена.",,,ModItemQuestsDef 05_TakeDownMajor Text
869229809153,"<color EmStyle>Майор</color> держит в заложниках <color EmStyle>отца Эммы</color>, Альфонса Лафонтена, <color EmStyle>президента</color> Гран-Шьена.",,,ModItemQuestsDef 05_TakeDownMajor Text
925599725552,Вам нужно победить <color EmStyle>Майора</color> и расследовать его дела с <color EmStyle>Корасон Сантьяго</color>,,,ModItemQuestsDef 05_TakeDownMajor Text
932983786009,Слух: <color EmStyle>Майор</color> находится где-то в <color EmStyle>горах</color>,,,ModItemQuestsDef 05_TakeDownMajor Text
673812884009,Слух: <color EmStyle>Майор</color> находится в лагере <color EmStyle>Кам-дю-Крокодиль</color>,,,ModItemQuestsDef 05_TakeDownMajor Text
974732480214,Слух: <color EmStyle>Майор</color> находится в лагере <color EmStyle>Кам-дю-Крокодиль</color>,,,ModItemQuestsDef 05_TakeDownMajor Text
402369312823,Улика: <color EmStyle>Майор</color> находится в лагере «<color EmStyle>Орлиное гнездо</color>»,,,ModItemQuestsDef 05_TakeDownMajor Text
510437059155,"Таинственный Майор оказался бывшим наемником, <color EmStyle>майором Спайком Скэллионом</color>",,,ModItemQuestsDef 05_TakeDownMajor Text
661487924137,<color EmStyle>Майор</color> приказал войскам расстрелять <color EmStyle>президента</color>,,,ModItemQuestsDef 05_TakeDownMajor Text
969822923322,Пора поговорить с <color EmStyle>Майором</color>,,,ModItemQuestsDef 05_TakeDownMajor Text
249802297924,"<color EmStyle>Результат:</color> <color EmStyle>Майор Спайк Скэллион</color>, предводитель Легиона, казнен",,,ModItemQuestsDef 05_TakeDownMajor Text
466557496124,"<color EmStyle>Результат:</color> <color EmStyle>Майор Спайк Скэллион</color>, предводитель Легиона, осужден за военные преступления и отправлен в тюрьму особого режима",,,ModItemQuestsDef 05_TakeDownMajor Text
567743408746,"<color EmStyle>Результат:</color> <color EmStyle>Майор Спайк Скэллион</color>, предводитель Легиона, поступил к вам на службу",,,ModItemQuestsDef 05_TakeDownMajor Text
269228742506,<color EmStyle>Президент Лафонтен</color> спасен,,,ModItemQuestsDef 05_TakeDownMajor SpecialConversationMessage
765682144269,Нейтрализация полковника Фошо,,,ModItemQuestsDef 05_TakeDownFaucheux DisplayName
509014585147,<color EmStyle></color>: вам нужно победить <color EmStyle>полковника Фошо</color> и его войска,,,ModItemQuestsDef 05_TakeDownFaucheux Text
853020507615,<color EmStyle></color>: на базу полковника ведет <color EmStyle>тайный ход</color>,,,ModItemQuestsDef 05_TakeDownFaucheux Text
837874234628,<color EmStyle></color>: <color EmStyle>полковник Фошо</color> пытается <color EmStyle>скрыться</color>,,,ModItemQuestsDef 05_TakeDownFaucheux Text
828970664810,<color EmStyle>Результат:</color> <color EmStyle>полковник Фошо</color> мертв,,,ModItemQuestsDef 05_TakeDownFaucheux Text
695152375936,"<color EmStyle>Результат:</color> <color EmStyle>полковник Фошо</color> потерпел поражение, но смог сбежать",,,ModItemQuestsDef 05_TakeDownFaucheux Text
286145078501,Поднята тревога,,,ModItemQuestsDef 05_TakeDownFaucheux Label
544897209319,Нейтрализация Корасон,,,ModItemQuestsDef 05_TakeDownCorazon DisplayName
372590946431,"Вам нужно победить <color EmStyle>Корасон Сантьяго</color>, чтобы снять с A.I.M. обвинения в <color EmStyle>военных преступлениях</color>",,,ModItemQuestsDef 05_TakeDownCorazon Text
906904656215,Корасон развернула свой штаб в секторе <color EmStyle></color>,,,ModItemQuestsDef 05_TakeDownCorazon Text
904937249733,Корасон развернула свой штаб в секторе <color EmStyle></color>,,,ModItemQuestsDef 05_TakeDownCorazon Text
376995318484,<color EmStyle>Пьер</color> и его рейнджеры Эрни ждут сигнала к атаке,,,ModItemQuestsDef 05_TakeDownCorazon Text
534409403286,"В форте не оказалось никаких следов <color EmStyle>Корасон</color> - скорее всего, она прячется в этом секторе<color EmStyle>, но где-то <color EmStyle>под землей</color>",,,ModItemQuestsDef 05_TakeDownCorazon Text
464925069113,"<color EmStyle>Корасон</color> скрылась под землей, туда, где находится <color EmStyle></color>",,,ModItemQuestsDef 05_TakeDownCorazon Text
693920729779,Пора поговорить с <color EmStyle>Корасон Сантьяго</color>,,,ModItemQuestsDef 05_TakeDownCorazon Text
894016712409,<color EmStyle>Результат:</color> <color EmStyle>Корасон Сантьяго</color> потерпела поражение и предстанет перед судом,,,ModItemQuestsDef 05_TakeDownCorazon Text
409236094711,<color EmStyle>Результат:</color> <color EmStyle>Корасон Сантьяго</color> казнена,,,ModItemQuestsDef 05_TakeDownCorazon Text
542628995091,получен <color EmStyle>компромат</color> на Корасон,,,ModItemQuestsDef 05_TakeDownCorazon message
697203515107,получен <color EmStyle>компромат</color> на Корасон,,,ModItemQuestsDef 05_TakeDownCorazon message
538516283209,получен <color EmStyle>компромат</color> на Корасон,,,ModItemQuestsDef 05_TakeDownCorazon message
607101189934,получен <color EmStyle>компромат</color> на Корасон,,,ModItemQuestsDef 05_TakeDownCorazon message
816935932690,получен <color EmStyle>компромат</color> на Корасон,,,ModItemQuestsDef 05_TakeDownCorazon message
810147819731,получен <color EmStyle>компромат</color> на Корасон,,,ModItemQuestsDef 05_TakeDownCorazon message
544148670446,Объяснение Корасон,,,ModItemQuestsDef 04_Betrayal DisplayName
782365072842,<color EmStyle>Корасон</color> обещала объяснить всё в секторе <color EmStyle></color>,,,ModItemQuestsDef 04_Betrayal Text
912303953320,В секторе <color EmStyle></color> случилось нечто ужасное,,,ModItemQuestsDef 04_Betrayal Text
263271908770,Улика: сектор <color EmStyle></color> подвергся химической атаке,,,ModItemQuestsDef 04_Betrayal Text
621209369041,Улика: сектор <color EmStyle></color> подвергся обстрелу горчичным газом,,,ModItemQuestsDef 04_Betrayal Text
399694507219,Пора потребовать кое у кого <color EmStyle>объяснений</color>!,,,ModItemQuestsDef 04_Betrayal Text
362305418477,Улика: сектор <color EmStyle></color> подвергся химической атаке по приказу <color EmStyle>полковника Фошо</color>,,,ModItemQuestsDef 04_Betrayal Text
420090123469,Это <color EmStyle>засада</color>!,,,ModItemQuestsDef 04_Betrayal Text
136915608458,<color EmStyle>Результат:</color> в секторе <color EmStyle></color> <color EmStyle>Корасон</color> не оказалось,,,ModItemQuestsDef 04_Betrayal Text
329339297670,<color EmStyle>Результат:</color> вы пережили <color EmStyle>засаду</color>,,,ModItemQuestsDef 04_Betrayal Text
462687065834,Спасение президента,,,ModItemQuestsDef 03A_PresidentNotes DisplayName
202920554704,Нужно спасти <color EmStyle>президента Лафонтена</color>,,,ModItemQuestsDef 03A_PresidentNotes Text
991220259267,<color EmStyle>Эмма</color> будет ждать информации о местонахождении своего отца в <color EmStyle>Порт-Какао</color>,,,ModItemQuestsDef 03A_PresidentNotes Text
483551212310,"Нужно спасти <color EmStyle>президента Лафонтена</color>, которого держит в плену <color EmStyle>Майор</color>",,,ModItemQuestsDef 03A_PresidentNotes Text
211698784060,Нужно спасти <color EmStyle>президента Лафонтена</color> из лагеря <color EmStyle>Майора</color>,,,ModItemQuestsDef 03A_PresidentNotes Text
414700095663,Пора встретиться с <color EmStyle>президентом</color>,,,ModItemQuestsDef 03A_PresidentNotes Text
989002386653,<color EmStyle>Результат:</color> <color EmStyle>президент Лафонтен</color> спасен,,,ModItemQuestsDef 03A_PresidentNotes Text
331540174004,<color EmStyle>Результат:</color> <color EmStyle>президент Лафонтен</color> мертв,,,ModItemQuestsDef 03A_PresidentNotes Text
758754456728,Освобождение острова Эрни,,,ModItemQuestsDef 02A_LiberateErnie_2 DisplayName
309758246879,Освободить деревню Эрни,,,ModItemQuestsDef 02_LiberateErnie DisplayName
576404756411,Жители деревни могут вывезти вас с острова <color EmStyle>по морю</color>,,,ModItemQuestsDef 02_LiberateErnie Text
380070137419,<color EmStyle>Деревня Эрни</color> оккупирована <color EmStyle>Легионом</color>,,,ModItemQuestsDef 02_LiberateErnie Text
226108088689,<color EmStyle>Результат:</color> <color EmStyle>Деревня Эрни</color> освобождена,,,ModItemQuestsDef 02_LiberateErnie Text
877140852159,<color EmStyle>Результат:</color> доступен <color EmStyle>морской транспорт</color> на <color EmStyle>материк</color>,,,ModItemQuestsDef 02_LiberateErnie Text
481578963401,Встреча с нанимателем,,,ModItemQuestsDef 01_Landing DisplayName
194076078423,"<em>Клиент</em> ждёт нас на <em>Острове Эрни</em>, необходимо пробиться в целевой сектор, контракт никто не отменял",,,ModItemQuestsDef 01_Landing Text
361066050743,"Пора поговорить с теми, кто нам помог",,,ModItemQuestsDef 01_Landing Text
753511128670,"Высадка провалилась, на лодки обрушился шквальный огонь с берега, необходимо закрепиться в <em>Секторе</em> и встретиться с теми, кто завязал бой с нашим противником.",,,ModItemQuestsDef 01_Landing Text
504955124255,Похоже остров оккупирован <color EmStyle>Легионом</color>,,,ModItemQuestsDef 01_Landing Text
829148621439,<em>Клиент</em> находится в особняке в секторе <em><SectorName('K4')></em>,,,ModItemQuestsDef 01_Landing Text
861219355572,<em>Цель:</em> Встретиться с <em>Эммой ЛеФонтен</em> и <em>Корасон Сантьяго</em>,,,ModItemQuestsDef 01_Landing Text
711512520142,Повстанцы,,,ModItemQuestsDef JAZZ_REBELS_0_MeetTheRebels DisplayName
244219612500,Встретиться с лидером повстанцев на острове,,,ModItemQuestsDef JAZZ_REBELS_0_MeetTheRebels Text
711512520142,Атака на Смотровую Площадку,,,ModItemQuestsDef JAZZ_REBELS_1_SeizeTheOutlook DisplayName
244219612500,"Мы встретили одного из повстанцев - ""Призрака"". Он предложил нам атаковать <em>Смотровую площадку (Сектор М4)</em> вместе",,,ModItemQuestsDef JAZZ_REBELS_1_SeizeTheOutlook Text
305448108904,Свинорез,,,ModItemQuestsDef Jazz_DeadPigs DisplayName
492169252126,"Зачистить лагерь перебежчиков в <em>секторе K6</em> и вернуться к Балумбе.

Uno, Dos, Tres
Я достану свинорез
Ты откуда вылез, хлопчик
Ты зачем сюда полез?
Quatro, Cinquo, Senco, Ses
Я протру мой свинорез
Лучше б ты бежал на запад
И глотал х*и в ЕС",,,ModItemQuestsDef Jazz_DeadPigs Text
300377738197,"Мы свою часть сделки выполнили, можно докладываться",,,ModItemQuestsDef Jazz_DeadPigs Text
678232896239,Спасти Кики,,,ModItemQuestsDef JAZZ_Ernie_Locals_M2_SaveMyFamily DisplayName
398486569413,Кики находится в <em>секторе M3</em>,,,ModItemQuestsDef JAZZ_Ernie_Locals_M2_SaveMyFamily Text
398486569413,Тайник немцев находится <em>секторе M1</em>,,,ModItemQuestsDef JAZZ_Ernie_Locals_M2_SaveMyFamily Text
995832500650,"Вы... вы не из Легиона? Верно?.. Скажите, что нет...",,,ModItemBanterDef JAZZ_Ernie_Locals_M2_SaveMyFamily_PLSHELP Text
399751498001,Малеко,,,ModItemUnitDataCompositeDef JAZZ_Ernie_Locals_M2_SaveMyFamily_Man Name
356243372579,Кики,,,ModItemUnitDataCompositeDef JAZZ_Ernie_Locals_M2_SaveMyFamily_Woman Name
477616183845,"Они забрали Кики... мою девочку... не моя кровь, но... она жила со мной. Единственная душа рядом. Я... я пытался спрятать её... но... я... убежал...",,JAZZ_Ernie_Locals_M2_SaveMyFamily_Man,ModItemConversation JAZZ_Ernie_Locals_M2_SaveMyFamily_Man Text  section:JAZZ_Ernie_Locals_M2_SaveMyFamily_Man keyword:Greeting
842344790810,Почему они её забрали?,,,ModItemConversation JAZZ_Ernie_Locals_M2_SaveMyFamily_Man KeywordT
799215071459,Она... молодая. Красивая. Легион таких берёт - и продаёт Маман в Пантагрюэль. Если им не надо самим...,,JAZZ_Ernie_Locals_M2_SaveMyFamily_Man,ModItemConversation JAZZ_Ernie_Locals_M2_SaveMyFamily_Man Text  section:JAZZ_Ernie_Locals_M2_SaveMyFamily_Man keyword:Почему они её забрали?
153180075464,Где она сейчас?,,,ModItemConversation JAZZ_Ernie_Locals_M2_SaveMyFamily_Man KeywordT
552716187636,У водопада... в клетке. ,,JAZZ_Ernie_Locals_M2_SaveMyFamily_Man,ModItemConversation JAZZ_Ernie_Locals_M2_SaveMyFamily_Man Text  section:JAZZ_Ernie_Locals_M2_SaveMyFamily_Man keyword:Где она сейчас?
758897502801,Что нам за это будет?,,,ModItemConversation JAZZ_Ernie_Locals_M2_SaveMyFamily_Man KeywordT
552716187636,"Ничего... кроме алмаза. Я отдам. Всё, что есть. Только спасите её.",,JAZZ_Ernie_Locals_M2_SaveMyFamily_Man,ModItemConversation JAZZ_Ernie_Locals_M2_SaveMyFamily_Man Text  section:JAZZ_Ernie_Locals_M2_SaveMyFamily_Man keyword:Что нам за это будет?
392834161504,Красивый. Я заберу,,,ModItemConversation JAZZ_Ernie_Locals_M2_SaveMyFamily_Man KeywordT
265216542092,"...Берите. Кто я такой, чтобы вам мешать.",,JAZZ_Ernie_Locals_M2_SaveMyFamily_Man,ModItemConversation JAZZ_Ernie_Locals_M2_SaveMyFamily_Man Text  section:JAZZ_Ernie_Locals_M2_SaveMyFamily_Man keyword:Красивый. Я заберу
619787402322,Один алмаз? Маловато,,,ModItemConversation JAZZ_Ernie_Locals_M2_SaveMyFamily_Man KeywordT
783898195673,"Л-ладно... есть ещё схрон... старый, немецкий. Я знаю, где он.
Там откуда вы пришли, на берегу, вот здесь. Забирайте. Это всё, что я могу дать... только не злитесь.",,JAZZ_Ernie_Locals_M2_SaveMyFamily_Man,ModItemConversation JAZZ_Ernie_Locals_M2_SaveMyFamily_Man Text  section:JAZZ_Ernie_Locals_M2_SaveMyFamily_Man keyword:Один алмаз? Маловато
156655900866,Мы поможем,,,ModItemConversation JAZZ_Ernie_Locals_M2_SaveMyFamily_Man KeywordT
552716187636,"Спасибо, наемники. Я нашел ящик с гранатами на берегу. Вот, возьмите.",,JAZZ_Ernie_Locals_M2_SaveMyFamily_Man,ModItemConversation JAZZ_Ernie_Locals_M2_SaveMyFamily_Man Text  section:JAZZ_Ernie_Locals_M2_SaveMyFamily_Man keyword:Мы поможем
905401528205,Нам это не интересно,,,ModItemConversation JAZZ_Ernie_Locals_M2_SaveMyFamily_Man KeywordT
527655061222,Я... понимаю...,,JAZZ_Ernie_Locals_M2_SaveMyFamily_Man,ModItemConversation JAZZ_Ernie_Locals_M2_SaveMyFamily_Man Text  section:JAZZ_Ernie_Locals_M2_SaveMyFamily_Man keyword:Нам это не интересно
829584302467,"Я вернулась, Малеко.",,JAZZ_Ernie_Locals_M2_SaveMyFamily_Woman,ModItemConversation JAZZ_Ernie_Locals_M2_SaveMyFamily_Man Text  section:JAZZ_Ernie_Locals_M2_SaveMyFamily_Man keyword:Greeting2
477616183845,Кики... Кики... живая...,,JAZZ_Ernie_Locals_M2_SaveMyFamily_Man,ModItemConversation JAZZ_Ernie_Locals_M2_SaveMyFamily_Man Text  section:JAZZ_Ernie_Locals_M2_SaveMyFamily_Man keyword:Greeting2
477616183845,"Я... я обязан вам. Возьмите. Это всё, что у меня есть.",,JAZZ_Ernie_Locals_M2_SaveMyFamily_Man,ModItemConversation JAZZ_Ernie_Locals_M2_SaveMyFamily_Man Text  section:JAZZ_Ernie_Locals_M2_SaveMyFamily_Man keyword:Greeting2
477616183845,"Приветствую, наемники",,JAZZ_Ernie_Locals_M2_SaveMyFamily_Man,ModItemConversation JAZZ_Ernie_Locals_M2_SaveMyFamily_Man Text  section:JAZZ_Ernie_Locals_M2_SaveMyFamily_Man keyword:Greeting3
955085089872,Она всё что у меня есть,,JAZZ_Ernie_Locals_M2_SaveMyFamily_Man,ModItemConversation JAZZ_Ernie_Locals_M2_SaveMyFamily_Man Text  section:JAZZ_Ernie_Locals_M2_SaveMyFamily_Man keyword:Goodbye
770127733590,Никогда вас не забуду,,JAZZ_Ernie_Locals_M2_SaveMyFamily_Man,ModItemConversation JAZZ_Ernie_Locals_M2_SaveMyFamily_Man Text  section:JAZZ_Ernie_Locals_M2_SaveMyFamily_Man keyword:Goodbye
301947357775,Кто... кто вы? Вы не из Легиона... да?,,JAZZ_Ernie_Locals_M2_SaveMyFamily_Woman,ModItemConversation JAZZ_Ernie_Locals_M2_SaveMyFamily_Woman Text  section:JAZZ_Ernie_Locals_M2_SaveMyFamily_Woman keyword:Greeting2
856548228865,Мы пришли тебя спасти,,,ModItemConversation JAZZ_Ernie_Locals_M2_SaveMyFamily_Woman KeywordT
220944800456,Значит... Малеко всё-таки позвал помощь.,,JAZZ_Ernie_Locals_M2_SaveMyFamily_Woman,ModItemConversation JAZZ_Ernie_Locals_M2_SaveMyFamily_Woman Text  section:JAZZ_Ernie_Locals_M2_SaveMyFamily_Woman keyword:Мы пришли тебя спасти
205977590871,Оборона маяка,,,ModItemQuestsDef Jazz_LightHouseDefend DisplayName
480404987558,"Скоро сюда прибудет крупный отряд Легиона, необходимо помочь местным с обороной",,,ModItemQuestsDef Jazz_LightHouseDefend Text
824593567046,Прибытие Легиона,,,ModItemQuestsDef Jazz_LightHouseDefend Label
960903332758,Неугодный доктор,,,ModItemQuestsDef Jazz_Doctor_need_Help DisplayName
555833394027,"Собрать <em>50 Meds</em>, забрать в <em>секторе I3</em> ящик с боеприпасами у моста и ящик с минами в тайнике у разрушенного ангара, затем стабилизировать <em>трёх раненых повстанцев</em>.",,,ModItemQuestsDef Jazz_Doctor_need_Help Text
635990528307,"Легион уже дышит в затылок, надо возвращаться и готовиться к атаке, да и доктор видимо не простой, возможно получится выпытать какой-то информации.",,,ModItemQuestsDef Jazz_Doctor_need_Help Text
816575507215,Зачистить лагеря вокруг Виллы,,,ModItemQuestsDef Jazz_ClearTheWay DisplayName
910800497138,Зачистить лагеря Легиона вокруг Виллы,,,ModItemQuestsDef Jazz_ClearTheWay Text
583544470909,Зачистить сектор K3,,,ModItemQuestsDef Jazz_ClearTheWay Text
583544470909,Зачистить сектор K5,,,ModItemQuestsDef Jazz_ClearTheWay Text
583544470909,Зачистить сектор L3,,,ModItemQuestsDef Jazz_ClearTheWay Text
583544470909,Зачистить сектор L4,,,ModItemQuestsDef Jazz_ClearTheWay Text
583544470909,Зачистить сектор L5,,,ModItemQuestsDef Jazz_ClearTheWay Text
805716788538,Мы в спасатели не нанимались,,,ModItemQuestsDef RescueTeam DisplayName
191474319874,Приговорённый повстанец находится на <em>пирсе</em>.,,,ModItemQuestsDef RescueTeam Text
724348814002,Спасённый повстанец возвращается в лагерь. Нужно доложить сержанту.,,,ModItemQuestsDef RescueTeam Text
995472785344,Снабжение для повстанцев,,,ModItemQuestsDef RebelsSavior DisplayName
484530953168,Забрать из старого лагеря <em>4 винтовки Zastava M76</em> и <em>4 комплекта Medkit</em>.,,,ModItemQuestsDef RebelsSavior Text
998362596439,Надо отдать <em>это добро партизанам</em>.,,,ModItemQuestsDef RebelsSavior Text
554256318570,Pantagruel Dramas,,,ModItemQuestsDef YoungHearts DisplayName
387236474693,<em>Chimurenga</em> wants to have a chat in <em><SectorName('E16')></em>,,,ModItemQuestsDef YoungHearts Text
764663915741,<em>Maman</em> has feelings for the Maquis leader <em>Chimurenga</em>,,,ModItemQuestsDef YoungHearts Text
420400454873,<em>Outcome:</em> <em>Chimurenga</em> sent into exile... Or is he?,,,ModItemQuestsDef YoungHearts Text
793241574663,<em>Outcome:</em> Enemies with the <em>Maquis</em>,,,ModItemQuestsDef YoungHearts Text
604423901659,<em>Outcome:</em> Friends with the <em>Maquis</em>,,,ModItemQuestsDef YoungHearts Text
919939622456,<em>Outcome:</em> <em>Chimurenga</em> retired to <em>Le Lys Rouge</em> in <em><SectorName('E15')></em> with Maman Liliane,,,ModItemQuestsDef YoungHearts Text
157200162164,<em>Outcome:</em> <em>Chimurenga</em> sent into exile,,,ModItemQuestsDef YoungHearts Text
639392726654,<em>Outcome:</em> <em>Chimurenga</em> is dead,,,ModItemQuestsDef YoungHearts Text
292757910549,Spreading the Manifesto,,,ModItemQuestsDef RebelManifesto DisplayName
700572064009,"Chimurenga wants <em>""Maquis Manifesto""</em> pamphlets to be given out to people in the Savanna",,,ModItemQuestsDef RebelManifesto Text
293693718637,"Chimurenga wants the new illustrated <em>""Maquis Manifesto""</em> pamphlets to be given out to people in the Savanna",,,ModItemQuestsDef RebelManifesto Text
705322517436,<em>Maman Liliane</em> may know how to make the <em>Maquis Manifesto</em> more appealing,,,ModItemQuestsDef RebelManifesto Text
455258516770,Maman wants <em>Chimurenga</em> to include a <em>Lys Rouge advertisement</em> in his pamphlets,,,ModItemQuestsDef RebelManifesto Text
765609098349,"<em>Outcome:</em> <em>""Maquis Manifesto""</em> pamphlets reached pretty much everyone in the Savanna",,,ModItemQuestsDef RebelManifesto Text
880550284213,"<em>Outcome:</em> Chimurenga is satisfied, but there still may be people interested in <em>""Maquis Manifesto""</em> pamphlets",,,ModItemQuestsDef RebelManifesto Text
838519684909,The Gold Watch,,,ModItemQuestsDef PantragruelWatch DisplayName
349035036204,<em>Serge</em> complained that <em>Heinrich</em> doesn't let him in the bar in <em><SectorName('E16')></em>,,,ModItemQuestsDef PantragruelWatch Text
497830098324,<em>Heinrich</em> thinks that <em>Serge</em> took his <em>golden watch</em> in <em><SectorName('E16')></em>,,,ModItemQuestsDef PantragruelWatch Text
620794851466,<em>Heinrich's golden watch</em> turned out be in the backyard of the bar in <em><SectorName('E16')></em>,,,ModItemQuestsDef PantragruelWatch Text
893896646814,<em>Outcome:</em> <em>Serge</em> and <em>Heinrich</em> can once again enjoy their company in the bar in <em><SectorName('E16')></em>,,,ModItemQuestsDef PantragruelWatch Text
599020106317,Rebel Reinforcements,,,ModItemQuestsDef PantagruelRebels Label
489740623783,Enemies with the <em>Maquis</em>,,,ModItemQuestsDef PantagruelRebels SpecialConversationMessage
331395810265,M.E.R.C.: Lost and Found,,,ModItemQuestsDef PantagruelLostAndFound DisplayName
704907644526,<em>M.E.R.C.</em> left behind some of their <em>equipment</em> in Pantagruel,,,ModItemQuestsDef PantagruelLostAndFound Text
478031535240,Found a <em>piece of equipment</em> abandoned by M.E.R.C.,,,ModItemQuestsDef PantagruelLostAndFound Text
591156398204,Found <em><ItemsFound> pieces of equipment</em> abandoned by M.E.R.C.,,,ModItemQuestsDef PantagruelLostAndFound Text
335067527595,Some bandits are trying to get their hands on M.E.R.C.'s abandoned <em>equipment</em>,,,ModItemQuestsDef PantagruelLostAndFound Text
808910063262,<em>Outcome:</em> Found the <em>equipment</em> left by M.E.R.C.,,,ModItemQuestsDef PantagruelLostAndFound Text
397996772204,killed the looters,,,ModItemQuestsDef PantagruelLostAndFound SpecialConversationMessage
109752124919,spared <em>Chimurenga</em>,,,ModItemQuestsDef PantagruelDramas SpecialConversationMessage
381018632161,brought together <em>Chimurenga and Maman Liliane</em>,,,ModItemQuestsDef PantagruelDramas SpecialConversationMessage
925772496336,brought together <em>Chimurenga and Maman Liliane</em>,,,ModItemQuestsDef PantagruelDramas SpecialConversationMessage
575336443392,punished an abuser of <em>Le Lys Rouge</em> girls,,,ModItemQuestsDef PantagruelDramas SpecialConversationMessage
582514366754,punished an abuser of <em>Le Lys Rouge</em> girls,,,ModItemQuestsDef PantagruelDramas SpecialConversationMessage
638870403621,punished an abuser of <em>Le Lys Rouge</em> girls,,,ModItemQuestsDef PantagruelDramas SpecialConversationMessage
565436525138,killed the Infected guest,,,ModItemQuestsDef PantagruelDramas SpecialConversationMessage
427472508406,The clinic in Pantagruel,,,ModItemQuestsDef PantagruelClinic DisplayName
635502550543,"The <em>""Vulture of Hope""</em> cannot open until <em>Chimurenga</em> agrees the Maquis should pay for medical services",,,ModItemQuestsDef PantagruelClinic Text
292786566730,"The <em>""Vulture of Hope""</em> still cannot open until some ""minor issue"" is resolved",,,ModItemQuestsDef PantagruelClinic Text
631406538822,"The <em>""Vulture of Hope""</em> cannot open until there is <em>militia</em> to defend it from bandits",,,ModItemQuestsDef PantagruelClinic Text
428185602067,"A <em>donation</em> may open the doors of the <em>""Vulture of Hope""</em> ",,,ModItemQuestsDef PantagruelClinic Text
721924084492,"Chimurenga agreed that the Maquis will pay for medical care in the <em>""Vulture of Hope""</em>",,,ModItemQuestsDef PantagruelClinic Text
179692344695,"Joined the Donation Board of the <em>""Vulture of Hope""</em>",,,ModItemQuestsDef PantagruelClinic Text
219542259586,"Trained militia that could defend the <em>""Vulture of Hope""</em>",,,ModItemQuestsDef PantagruelClinic Text
379561393636,"<em>Outcome:</em> The <em>""Vulture of Hope""</em> in <em><SectorName('E16')></em> is now open",,,ModItemQuestsDef PantagruelClinic Text
173675386966,<em>Outcome:</em> <em>Tim Turtledove</em> is dead,,,ModItemQuestsDef PantagruelClinic Text
726619777867,the <em>clinic</em> is open,,,ModItemQuestsDef PantagruelClinic SpecialConversationMessage
302023706060,the <em>clinic</em> is open,,,ModItemQuestsDef PantagruelClinic SpecialConversationMessage
466218933245,Maman's girls,,,ModItemQuestsDef NeverHitAGirl DisplayName
148846418502,Maman wants revenge on the men who have <em>abused</em> girls of Le Lys Rouge: <em><BrothelAbusersKilled>/3</em> abusers killed,,,ModItemQuestsDef NeverHitAGirl Text
612204923013,<em>Maman</em> from <em><SectorName('E15')></em> promised a <em>reward</em> for punishing the abusers,,,ModItemQuestsDef NeverHitAGirl Text
407531468278,<em>Outcome:</em> Punished the abuser from the <em><SectorName('D9')></em>,,,ModItemQuestsDef NeverHitAGirl Text
231565465912,<em>Outcome:</em> Punished the abuser from the <em><SectorName('D6')></em>,,,ModItemQuestsDef NeverHitAGirl Text
875806667851,<em>Outcome:</em> Punished the abuser from <em><SectorName('H19')></em>,,,ModItemQuestsDef NeverHitAGirl Text
457127499833,Fifth Twin Inn,,,ModItemQuestsDef Manny DisplayName
649062437899,<em>Manny</em> has a guest who has not left his room in <em><SectorName('D6')></em> for at least three days,,,ModItemQuestsDef Manny Text
192774383795,Dealt with a violent motel guest in <em><SectorName('D6')></em>,,,ModItemQuestsDef Manny Text
271238321225,<em>Outcome:</em> <em>Manny's</em> unfortunate guest has been dealt with,,,ModItemQuestsDef Manny Text
280575808430,<em>Outcome:</em> <em>Manny's</em> dream to operate his own inn came to a nightmarish end,,,ModItemQuestsDef Manny Text
646590387178,Camp Savane,,,ModItemQuestsDef ReduceSavannaCampStrength DisplayName
685772336819,Camp Chien Sauvage,,,ModItemQuestsDef ReduceRiverCampStrength DisplayName
819508319380,destroyed the hyena lair,,,ModItemQuestsDef ReduceRiverCampStrength SpecialConversationMessage
792994884277,How to reduce the Fort's defenses,,,ModItemQuestsDef ReduceFortressStrength DisplayName
266100873552,Crossroads Camp,,,ModItemQuestsDef ReduceCrossroadsCampStrength DisplayName
886927913131,Patrol Squad en route,,,ModItemQuestsDef ReduceCrocodileCampStrength Label
901429441448,Camp La Barrière,,,ModItemQuestsDef ReduceBarrierCampStrength DisplayName
500751743687,Voodoo People,,,ModItemQuestsDef VoodooCult DisplayName
858086905386,There is a <em>voodoo cult</em> in <em><SectorName('F13')></em> led by Wanda,,,ModItemQuestsDef VoodooCult Text
771311102866,<em>Wanda</em> will not talk to you while performing her rituals <em>at night</em>,,,ModItemQuestsDef VoodooCult Text
969495573401,<em>Wanda</em> wants a <em>Borassus root</em> which can be found in the <em><SectorName('F12')></em>,,,ModItemQuestsDef VoodooCult Text
386481658411,<em>Wanda</em> from <em><SectorName('F13')></em> expects to be given the <em>Borassus root</em>,,,ModItemQuestsDef VoodooCult Text
881289510697,The <em>Borassus root</em> was given to <em>Wanda</em> ,,,ModItemQuestsDef VoodooCult Text
278370002960,<em>Wanda</em> wants <em>Borassus root</em> planted on a special place,,,ModItemQuestsDef VoodooCult Text
916411331849,<em>Outcome:</em> The <em>Borassus root</em> was planted and the Old Ones are happy,,,ModItemQuestsDef VoodooCult Text
553951698402,<em>Outcome:</em> <em>Wanda</em> is dead and her <em>Vodouisants</em> have left Chalet de la Paix,,,ModItemQuestsDef VoodooCult Text
767809598150,brought Boraxus root to <em>Wanda</em>,,,ModItemQuestsDef VoodooCult SpecialConversationMessage
178673930307,The Outbreak,,,ModItemQuestsDef Sanatorium DisplayName
652942516610,"The clinic of the <em><SectorName('H12')></em> is <em>under attack</em> by ""les cadavérés""",,,ModItemQuestsDef Sanatorium Text
879823690458,"Helped clear an <em>outbreak</em> of ""les cadavérés"" at the <em><SectorName('H12')> clinic</em>",,,ModItemQuestsDef Sanatorium Text
739149454264,Trespassing in the <em><SectorName('H12')></em> without <em>Dr. Kronenberg's permission</em> will result in combat with the <em>civilian guards</em>,,,ModItemQuestsDef Sanatorium Text
819244675576,The <em>guards</em> have opened fire while trying to keep the secrets of the <em><SectorName('H12')></em>,,,ModItemQuestsDef Sanatorium Text
325798893034,"In the <em><SectorName('H12')></em>, there is something weird and dangerous going on: <em><Clues> Clue(s)</em> gathered",,,ModItemQuestsDef Sanatorium Text
286562011200,"Clue: <em>""Painless"" Doc Robert</em> mentioned he was working for Dr. Kronenberg",,,ModItemQuestsDef Sanatorium Text
549914245501,"Clue: <em>""Painless"" Doc Robert</em> infected people at Chalet de la Paix with an experimental strain of Red Rabies",,,ModItemQuestsDef Sanatorium Text
761716901498,"Clue: Someone has been hiring <em>""healthy subjects""</em> by Doctor's orders",,,ModItemQuestsDef Sanatorium Text
446955236748,Clue: There are bodies of <em>infected</em> piled up by the Sanatorium walls - and some of the patients are still alive!,,,ModItemQuestsDef Sanatorium Text
796702931022,Clue: There are bodies of infected piled up for <em>transportation</em> on a truck,,,ModItemQuestsDef Sanatorium Text
320057066548,Clue: Some <em>recently infected</em> were prepared for <em>incineration</em>,,,ModItemQuestsDef Sanatorium Text
817235456588,Clue: A group of infected patients were <em>euthanized</em> with <em>cyanide</em> before the infection progressed,,,ModItemQuestsDef Sanatorium Text
891622603538,Clue: There is a startling supply of <em>cyanide</em> in the Doctor's cabinet,,,ModItemQuestsDef Sanatorium Text
334122076968,Clue: Someone tried to do an <em>autopsy</em> of a patient who wasn't dead,,,ModItemQuestsDef Sanatorium Text
417983924222,The <em>infection</em> at the <em><SectorName('H12')></em> is out of control and someone has been experimenting on the patients,,,ModItemQuestsDef Sanatorium Text
261268108725,<em>Dr. Kronenberg</em> has been infecting patients with <em>Red Rabies</em> in order to cure herself of the disease,,,ModItemQuestsDef Sanatorium Text
688841563804,Dr. Kronenberg needs <em>Red Rabies</em> samples to produce a cure for the virus: <em><Samples> sample(s)</em> found,,,ModItemQuestsDef Sanatorium Text
621846460826,Virus sample: There is an outbreak at the <em><SectorName('I19')></em>,,,ModItemQuestsDef Sanatorium Text
186070330181,Virus sample: The ground is sour at the old <em><SectorName('J18')></em>,,,ModItemQuestsDef Sanatorium Text
189245711616,Virus sample: There is an aircraft wreckage in the <em><SectorName('H16')></em> that may contain the source of the disease,,,ModItemQuestsDef Sanatorium Text
126005343458,Virus sample: The disease has spread beyond the river to the <em><SectorName('F13')></em>,,,ModItemQuestsDef Sanatorium Text
366187638386,Virus sample: The disease has spread beyond the river to the <em><SectorName('F13')></em> to the <em>Shaman's family</em>,,,ModItemQuestsDef Sanatorium Text
602924304618,Virus sample: There is an outbreak at the <em><SectorName('K14')></em>,,,ModItemQuestsDef Sanatorium Text
481019588059,Virus sample: There is an experienced doctor at the <em><SectorName('L18')></em> who can provide valuable data,,,ModItemQuestsDef Sanatorium Text
809380704978,Virus sample: There is a specialist who was sent to <em><SectorName('F13')></em> to gather samples,,,ModItemQuestsDef Sanatorium Text
440458845915,Virus sample: The body of <em>Roger Wilcox</em> in <em><SectorName('F13')></em> might be a host for a new strain of <em>Red Rabies</em>,,,ModItemQuestsDef Sanatorium Text
879012848297,Virus sample: Found patient Zero in <em><SectorName('I12')></em>,,,ModItemQuestsDef Sanatorium Text
204795665398,<em>Dr. Kronenberg</em> needs the Red Rabies samples <em>delivered</em> to her,,,ModItemQuestsDef Sanatorium Text
248955221939,Dr. Kronenberg has about <em>10 days</em> to finish her research before <em>Red Rabies</em> kills her,,,ModItemQuestsDef Sanatorium Text
235330211468,The <em>Red Rabies</em> virus has finally taken hold of <em>Dr. Kronenberg</em>. Time to put her down!,,,ModItemQuestsDef Sanatorium Text
865612552394,<em>Outcome:</em> Stopped the human experiments at the <em><SectorName('H12')></em>,,,ModItemQuestsDef Sanatorium Text
481419606539,<em>Outcome:</em> Arrived too late with the samples needed to develop a cure for <em>Red Rabies</em>,,,ModItemQuestsDef Sanatorium Text
183166722603,<em>Outcome:</em> Allowed <em>Dr. Kronenberg</em> to continue her inhumane experiments in order to stay alive,,,ModItemQuestsDef Sanatorium Text
605687553875,"<em>Outcome:</em> <em>Dr. Kronenberg</em> discovered a cure for the <em>Red Rabies</em> virus, but it didn't help her",,,ModItemQuestsDef Sanatorium Text
907581421810,<em>Outcome:</em> Put a violent end to the inhumane experiments of <em>Dr. Kronenberg</em>,,,ModItemQuestsDef Sanatorium Text
176224101524,Dr. Gruselheim was sent to the <em>Sanatorium</em> to cure <em>Red Rabies</em>,,,ModItemQuestsDef Sanatorium Text
778332143940,<em>Outcome:</em> Dr. Gruselheim developed a <em>vaccine</em> for <em>Red Rabies</em>,,,ModItemQuestsDef Sanatorium Text
352615698204,<em>Outcome:</em> Dr. Gruselheim developed a <em>vaccine</em> for <em>Red Rabies</em> and cured <em>Dr. Kronenberg</em>,,,ModItemQuestsDef Sanatorium Text
794706671744,Infected,,,ModItemQuestsDef Sanatorium ChangeName
714576391111,Infected,,,ModItemQuestsDef Sanatorium ChangeName
537668441983,killed <em>Dr. Kronenberg</em> without exposing her,,,ModItemQuestsDef Sanatorium SpecialConversationMessage
734528721945,the players in <em>Camp Hope</em> will rest in peace,,,ModItemQuestsDef Sanatorium SpecialConversationMessage
973777337124,Chalet de la Paix,,,ModItemQuestsDef PaixDisease DisplayName
767703255929,People are mysteriously dying in <em><SectorName('F13')></em>,,,ModItemQuestsDef PaixDisease Text
957391904965,One of the latest disease victims in <em><SectorName('F13')></em> was a writer named <em>Roger Wilcox</em>,,,ModItemQuestsDef PaixDisease Text
882586176604,<em>Roger Wilcox</em> lived in the cabin behind <em>Doc Robert</em>,,,ModItemQuestsDef PaixDisease Text
780380246365,<em>Roger Wilcox</em> left clues around the village about the location of his <em>hidden diary</em>,,,ModItemQuestsDef PaixDisease Text
492742498147,<em>Roger Wilcox</em> and <em>Xavier</em> were friends who used to hang out at several places in <em><SectorName('F13')></em>,,,ModItemQuestsDef PaixDisease Text
634572062522,"<em>Diary</em> clue: ""Under a stone, you will find the thing you're looking for.""",,,ModItemQuestsDef PaixDisease Text
661160308968,"<em>Diary</em> clue: ""Two people are aware of my hiding place. Me and the Hog Lady.""",,,ModItemQuestsDef PaixDisease Text
468750851657,"<em>Diary</em> clue: ""Three sets of eyes are looking there.""",,,ModItemQuestsDef PaixDisease Text
470764415298,"<em>Diary</em> clue: ""Strange things are happening in the woods west of here.""",,,ModItemQuestsDef PaixDisease Text
363913005818,"<em>Diary</em> clue: ""The diary is not in the village. Follow the setting sun.""",,,ModItemQuestsDef PaixDisease Text
231409647321,<em>Wanda</em> and her voodoo cult made <em>Roger Wilcox</em> drink a strange potion,,,ModItemQuestsDef PaixDisease Text
115043569535,The last <em>page</em> of the writer's diary seems to be missing,,,ModItemQuestsDef PaixDisease Text
865893789686,<em>Roger Wilcox</em> discovered that it was <em>Doc Robert</em> who got the whole <em><SectorName('F13')></em> village infected,,,ModItemQuestsDef PaixDisease Text
664869820590,Someone at the <em>military camp</em> in the <em><SectorName('F12')></em> is planning a military operation in the region,,,ModItemQuestsDef PaixDisease Text
696053761656,Something strange is happening in <em><SectorName('F13')></em>,,,ModItemQuestsDef PaixDisease Text
683179260599,Someone left a cryptic note in <em><SectorName('F13')></em>,,,ModItemQuestsDef PaixDisease Text
697071232425,<em>Xavier</em> thinks the <em>Hog Lady</em> in <em><SectorName('F13')></em> knows something the others don't,,,ModItemQuestsDef PaixDisease Text
198162221374,<em>Outcome:</em> Everyone in <em><SectorName('F13')></em> is dead,,,ModItemQuestsDef PaixDisease Text
906073481648,<em>Outcome:</em> <em>Wanda</em> was executed for the mysterious deaths happening in <em><SectorName('F13')></em>,,,ModItemQuestsDef PaixDisease Text
561050328798,<em>Outcome:</em> <em>Doc Robert</em> was killed for his crimes against the people in <em><SectorName('F13')></em>,,,ModItemQuestsDef PaixDisease Text
239594150281,<em>Outcome:</em> The mystery behind the deaths in <em><SectorName('F13')></em> remains unsolved,,,ModItemQuestsDef PaixDisease Text
842841006806,<em>Wanda</em> was executed,,,ModItemQuestsDef PaixDisease SpecialConversationMessage
118615521377,exposed and killed <em>Doc Robert</em>,,,ModItemQuestsDef PaixDisease SpecialConversationMessage
783915125402,exposed and killed <em>Doc Robert</em>,,,ModItemQuestsDef PaixDisease SpecialConversationMessage
629896449198,The Hermit,,,ModItemQuestsDef Hermit DisplayName
207185033766,The Butler at the <em><SectorName('I16')></em> is looking for <em>Mr. Ditch</em>,,,ModItemQuestsDef Hermit Text
789791545184,The Mansion owner was a <em>corporate CEO</em> who disappeared when the civil war broke out ten years ago,,,ModItemQuestsDef Hermit Text
892523560657,There is wise old <em>Hermit</em> who is life coaching the Legion from his shack in the <em><SectorName('L12')></em>,,,ModItemQuestsDef Hermit Text
879351383890,There is more to learn about the <em>Hermit</em>,,,ModItemQuestsDef Hermit Text
773610886296,Who is this <em>Hermit</em> really?,,,ModItemQuestsDef Hermit Text
281399517249,"The <em>Hermit</em> turned out to be <em>Mr. Ditch</em>, owner of the <em><SectorName('I16')></em> and friend of the <em>""Ghost"" Butler</em>",,,ModItemQuestsDef Hermit Text
469774238622,"The <em>Hermit</em> turned out to be <em>Mr. Ditch</em>, former corporate CEO and owner of the <em><SectorName('I16')></em>",,,ModItemQuestsDef Hermit Text
529687283334,"The <em>""Ghost"" Butler</em> at the <em><SectorName('I16')></em> will be happy to learn that his former employer and friend is still alive",,,ModItemQuestsDef Hermit Text
405529445599,"The <em>Hermit</em> will be happy if his friend the <em>""Ghost"" Butler</em> of the <em><SectorName('I16')></em> comes to see him",,,ModItemQuestsDef Hermit Text
139750757279,The <em>Butler</em> left to meet the <em>Hermit</em> in the <em><SectorName('L12')></em>,,,ModItemQuestsDef Hermit Text
870534106939,"There is <em>treasure</em> in the <em><SectorName('I16')></em>, but the Butler won't give it up until the owner agrees",,,ModItemQuestsDef Hermit Text
920347336241,The <em>Hermit</em> is a capable herbalist,,,ModItemQuestsDef Hermit Text
108552742993,"<em>Outcome:</em> The <em>""Ghost"" Butler</em> from the <em><SectorName('I16')></em> and <em>Mike Ditch</em> were reunited at the Hermit shack in the <em><SectorName('L12')></em>",,,ModItemQuestsDef Hermit Text
357318105285,<em>Outcome:</em> The <em>Hermit</em> is dead,,,ModItemQuestsDef Hermit Text
846727988193,The Haunted Mansion,,,ModItemQuestsDef GhostStories DisplayName
505764570979,There is a <em>treasure</em> at the haunted <em><SectorName('I16')></em>,,,ModItemQuestsDef GhostStories Text
525611168674,There is a <em>treasure</em> at the <em><SectorName('I16')></em> that is supposedly guarded by a <em>ghost</em>,,,ModItemQuestsDef GhostStories Text
888893468202,"There is <em>treasure</em> in the <em><SectorName('I16')></em>, but the Butler won't give it up until the owner agrees",,,ModItemQuestsDef GhostStories Text
627894766418,There is a sense of mystery around the <em><SectorName('I16')></em>,,,ModItemQuestsDef GhostStories Text
111937778616,<em><GhostClues> Clue(s)</em> gathered about the <em><SectorName('I16')></em>,,,ModItemQuestsDef GhostStories Text
540659223126,Clue: There are <em>explosives</em> hidden in the old van,,,ModItemQuestsDef GhostStories Text
581604058121,Clue: Someone is shifting the <em>landmines</em> around the mansion,,,ModItemQuestsDef GhostStories Text
179069172164,Clue: Someone has been crafting <em>land mines</em> in the mansion cellar,,,ModItemQuestsDef GhostStories Text
159135995574,"Clue: The <em>""Ghost""</em> turned out to be the former <em>Butler</em> of the Abandoned Mansion",,,ModItemQuestsDef GhostStories Text
647469050360,"Someone has been playing with <em>explosives</em> at the <em><SectorName('I16')></em>, but they are nowhere to be seen. Perhaps they come out at <em>night</em>?",,,ModItemQuestsDef GhostStories Text
677412472039,The mechanism for opening the <em>storm cellar door</em> is somewhere nearby,,,ModItemQuestsDef GhostStories Text
183850974191,"The <em>""ghost""</em> has hidden in the <em>cellar</em> of the <em><SectorName('I16')></em>",,,ModItemQuestsDef GhostStories Text
992348287546,The <em>Ghost Butler</em> won't come out while there are Legion soldiers in the mansion,,,ModItemQuestsDef GhostStories Text
564299410612,The <em>Ghost Butler</em> is still hiding in the <em>cellar</em> of the <em><SectorName('I16')></em>,,,ModItemQuestsDef GhostStories Text
622275591993,There are a bunch of <em>Fleatown thugs</em> outside looking for the alleged <em>treasure</em> of the <em><SectorName('I16')></em>,,,ModItemQuestsDef GhostStories Text
853492691401,Time to have a word with the <em>Ghost Butler</em> from the <em><SectorName('I16')></em>,,,ModItemQuestsDef GhostStories Text
585150418707,<em>Outcome:</em> Helped the <em>Ghost Butler</em> reclaim the <em><SectorName('I16')></em>,,,ModItemQuestsDef GhostStories Text
673937837127,<em>Outcome:</em> Tricked the <em>Ghost Butler</em> and took the <em>treasure</em>,,,ModItemQuestsDef GhostStories Text
683011903439,<em>Outcome:</em> Got the <em>treasure</em> as a reward for helping the <em>Ghost Butler</em> find <em>Mr. Ditch</em>,,,ModItemQuestsDef GhostStories Text
317986271185,"<em>Outcome:</em> The <em>""Ghost""</em> of the <em><SectorName('I16')></em> is dead",,,ModItemQuestsDef GhostStories Text
815650648612,Gained a <em>clue</em> about the <em>Ghost</em>,,,ModItemQuestsDef GhostStories message
561411140805,Camp Hope,,,ModItemQuestsDef CampHope DisplayName
828068926598,There are escaped patients in <em><SectorName('I12')></em> not far from the <SectorName('H12')>,,,ModItemQuestsDef CampHope Text
140655988866,Are there still escaped patients in <em><SectorName('I12')></em>?,,,ModItemQuestsDef CampHope Text
135230635848,"They still play the Game in <em><SectorName('I12')></em>, though the players are less than before",,,ModItemQuestsDef CampHope Text
264657844857,Do they still play the Game in <em><SectorName('I12')></em>?,,,ModItemQuestsDef CampHope Text
350132284050,The game is over in <em><SectorName('I12')></em> and its time to take care of the last players,,,ModItemQuestsDef CampHope Text
830030019402,<em>Outcome:</em> The Game is over in <em><SectorName('I12')></em>,,,ModItemQuestsDef CampHope Text
226332371092,<em>Outcome:</em> Everyone is healed in <em><SectorName('I12')></em> and the Game is played just for fun,,,ModItemQuestsDef CampHope Text
714946731010,Middle of Nowhere,,,ModItemQuestsDef MiddleOfNowhere DisplayName
160410274541,A group of Legion marauders threatened to kill the elderly couple in the <em><SectorName('B15')></em>,,,ModItemQuestsDef MiddleOfNowhere Text
818914929264,Legion marauders are trying to kill the elderly couple in the <em><SectorName('B15')></em>,,,ModItemQuestsDef MiddleOfNowhere Text
319027935717,<em>Courage</em> needs to be taken for a walk,,,ModItemQuestsDef MiddleOfNowhere Text
325229685028,There is something gleaming in the <em>dog pile</em>!,,,ModItemQuestsDef MiddleOfNowhere Text
151067662428,<em>Outcome:</em> <em>Justine</em> is dead,,,ModItemQuestsDef MiddleOfNowhere Text
639943826910,<em>Outcome:</em> <em>Mario</em> is dead,,,ModItemQuestsDef MiddleOfNowhere Text
717094243747,<em>Outcome:</em> <em>Courage</em> is dead,,,ModItemQuestsDef MiddleOfNowhere Text
819986069034,<em>Outcome:</em> Saved the elderly couple from the <em>Legion</em> marauders,,,ModItemQuestsDef MiddleOfNowhere Text
582658442485,<em>Outcome:</em> A large <em>diamond</em> was found in the dog pile,,,ModItemQuestsDef MiddleOfNowhere Text
101185730675,<em>Outcome:</em> Legion marauders have attacked and killed everyone in the <em><SectorName('B15')></em>,,,ModItemQuestsDef MiddleOfNowhere Text
392895488435,failed to protect the <em>Middle of Nowhere</em>,,,ModItemQuestsDef MiddleOfNowhere SpecialConversationMessage
409932517102,protected the <em>Middle of Nowhere</em>,,,ModItemQuestsDef MiddleOfNowhere SpecialConversationMessage
844368890992,Landsbach,,,ModItemQuestsDef Landsbach DisplayName
305870942733,People keep mentioning something called <em>Diesel</em> in <em>Landsbach</em>,,,ModItemQuestsDef Landsbach Text
945011724412,People keep mentioning something called the <em>Night Club</em> in <em><SectorName('A26')></em>,,,ModItemQuestsDef Landsbach Text
691535850884,People keep mentioning something called <em>Diesel</em> in <em>Landsbach</em>,,,ModItemQuestsDef Landsbach Text
192221394500,People keep mentioning something called the <em>Night Club</em> in <em><SectorName('A26')></em>,,,ModItemQuestsDef Landsbach Text
441745743152,Someone stole <em>Siegfried's Diesel</em>,,,ModItemQuestsDef Landsbach Text
613419542058,<em>Siegfried</em> provided a special <em>coin</em> which will guarantee access to a place called the <em>Night Club</em> in <em><SectorName('A26')></em>,,,ModItemQuestsDef Landsbach Text
139257604227,<em>Bounce</em> will provide information if <em>The Bonecrusher</em> is defeated in the pit fight in <em><SectorName('A26')></em>,,,ModItemQuestsDef Landsbach Text
680999839332,<em>Bounce</em> suggests challenging someone to a fight in <em><SectorName('A26')></em>,,,ModItemQuestsDef Landsbach Text
650772810703,<em>The Bonecrusher</em> is crushed,,,ModItemQuestsDef Landsbach Text
106709425987,<em>Bounce</em> saw a suspicious van carrying some canisters in the <em><SectorName('C11')></em>,,,ModItemQuestsDef Landsbach Text
158695831687,<em>Mole</em> will share some information if <em>$5000</em> is placed inside the <em>tires</em> near the docks in <em><SectorName('A26')></em>,,,ModItemQuestsDef Landsbach Text
287198780188,<em>Mole</em> promised to share information about the <em>Diesel</em>,,,ModItemQuestsDef Landsbach Text
872051962880,Some <em>Travis</em> at the <em><SectorName('C11')></em> might know something about the <em>Diesel</em>,,,ModItemQuestsDef Landsbach Text
565765633994,<em>Siegfried</em> wants the <em>Diesel</em> brought back to him at the <em><SectorName('A25')></em> ,,,ModItemQuestsDef Landsbach Text
564660899254,<em>Siegfried</em> got his <em>Diesel</em> back,,,ModItemQuestsDef Landsbach Text
630345281927,<em>Bounce</em> from <em><SectorName('A26')></em> wants to have a talk before returning the <em>Diesel</em> ,,,ModItemQuestsDef Landsbach Text
105954683635,<em>Diesel</em> seems to be chemically altered in order to produce a combat abilities enhancing stimulant ,,,ModItemQuestsDef Landsbach Text
532458002464,"<em>Siegfried</em> withdrew his soldiers, but the <em>Night Club</em> fighters must be dealt with before the <em><SectorName('A25')></em> can be taken",,,ModItemQuestsDef Landsbach Text
569250434828,<em>Bounce</em> is waiting for support at the <em><SectorName('A25')></em> to attack <em>Siegfried</em>'s soldiers,,,ModItemQuestsDef Landsbach Text
288074471915,<em>Bounce</em> and his goons just attacked the <em><SectorName('A25')></em> which will likely result in a bloody crossfire,,,ModItemQuestsDef Landsbach Text
293402801040,<em>Travis</em> said a <em>van</em> passed near the <em><SectorName('C11')></em> and headed west to the <em><SectorName('C10')></em>,,,ModItemQuestsDef Landsbach Text
957907726429,Clue: There is a <em>fuel tank</em> that has tubes which lead away and disappear into the ground,,,ModItemQuestsDef Landsbach Text
758875557117,Clue: <em>Siegfried</em>'s notes suggest he has been researching Human Growth Hormones,,,ModItemQuestsDef Landsbach Text
606061978953,"Clue: Someone is using <em>Diesel</em> to create a ""new mixture""",,,ModItemQuestsDef Landsbach Text
425706060438,Clue: <em>Travis</em> thinks that the <em>Legion</em> is producing <em>Diesel</em>,,,ModItemQuestsDef Landsbach Text
443127384715,Clue: A folder named <em>Hormone Levels</em> lists some of the fighters in the <em>Night Club</em>,,,ModItemQuestsDef Landsbach Text
729831643015,Clue: There's something unnatural about <em>Siegfried</em>'s bodyguards,,,ModItemQuestsDef Landsbach Text
742159193571,Clue: There is a rumor that <em>Siegfried</em> buys huge quantities of <em>Diesel</em> but he never sells it in <em>Landsbach</em>,,,ModItemQuestsDef Landsbach Text
875827432124,Clue: <em>Diesel</em> seems to be a street drug with devastating side effects,,,ModItemQuestsDef Landsbach Text
739430832923,Clue: <em>Siegfried</em> wants <em>The Bonecrusher</em> to join his elite bodyguards,,,ModItemQuestsDef Landsbach Text
920606777847,Clue: <em>Siegfried</em>'s stolen <em>Diesel</em> was altered into something else,,,ModItemQuestsDef Landsbach Text
620070697191,Clue: There is a fuel tank near the <em>Legion</em> outpost in <em><SectorName('F23')></em> filled with a substance which might be <em>Diesel</em>,,,ModItemQuestsDef Landsbach Text
247905627354,Someone from <em><SectorName('A26')></em> is involved with an operation coordinated by a <em>Colonel</em>,,,ModItemQuestsDef Landsbach Text
847859251979,<em>Outcome:</em> <em>Bounce</em> is dead and <em>Night Club</em> is no longer a functioning establishment ,,,ModItemQuestsDef Landsbach Text
645969730818,<em>Outcome:</em> <em>Siegfried</em> is defeated and no longer rules over <em>Landsbach</em>,,,ModItemQuestsDef Landsbach Text
305640196523,<em>Outcome:</em> <em>Siegfried</em> was defeated underground in his secret <em>U-Bahn</em> complex,,,ModItemQuestsDef Landsbach Text
132475503862,Dr. Gruselheim was sent to the <em>Diesel Klinik</em> to stop the spreading of <em>Diesel</em>,,,ModItemQuestsDef Landsbach Text
399395295136,<em>Outcome:</em> Dr. Gruselheim reorganized the <em>Diesel Klinik</em> as hospital and stopped the spreading of <em>Diesel</em>,,,ModItemQuestsDef Landsbach Text
152920727507,"<em>Outcome:</em> <em>Siegfried</em> continues his rule over <em>Landsbach</em>, although he's nowhere to be seen",,,ModItemQuestsDef Landsbach Text
391275811313,<em>Outcome:</em> <em>Bounce</em> and <em>Siegfried</em> are dead and the people of <em>Landsbach</em> are safe from becoming their test subjects,,,ModItemQuestsDef Landsbach Text
905449456601,<em>Outcome:</em> The <em>Night club</em> no longer functions and <em>Siegfried</em> is nowhere to be seen but <em>Diesel</em> keeps spreading and poisoning the people of <em>Landsbach</em>,,,ModItemQuestsDef Landsbach Text
442311546140,<em>Outcome:</em> The <em>Night club</em> no longer functions and <em>Siegfried</em> is out of the picture but <em>Diesel</em> keeps spreading and poisoning the people of <em>Landsbach</em>,,,ModItemQuestsDef Landsbach Text
491561395807,<em>Outcome:</em> <em>Bounce</em> got punished for his disloyalty to <em>Siegfried</em>,,,ModItemQuestsDef Landsbach Text
422782892124,supported <em>Siegfried</em>,,,ModItemQuestsDef Landsbach SpecialConversationMessage
826219805987,supported <em>Bounce</em>,,,ModItemQuestsDef Landsbach SpecialConversationMessage
932415539065,supported <em>Bounce</em>,,,ModItemQuestsDef Landsbach SpecialConversationMessage
373593453605,helped the people of Landsbach,,,ModItemQuestsDef Landsbach SpecialConversationMessage
345435127070,helped the people of Landsbach,,,ModItemQuestsDef Landsbach SpecialConversationMessage
333833487568,learned the secret of <em>Diesel</em>,,,ModItemQuestsDef Landsbach SpecialConversationMessage
583001950756,won a fight at the <em>Night Club</em>,,,ModItemQuestsDef Landsbach SpecialConversationMessage
728111994873,know about the <em>Night Club</em>,,,ModItemQuestsDef Landsbach SpecialConversationMessage
412009737045,Treasure Hunting,,,ModItemQuestsDef TreasureHunting DisplayName
357483490722,<em>Lucky Veinard</em> mentioned a hidden treasure near a tree somewhere around <em><SectorName('H14')></em>,,,ModItemQuestsDef TreasureHunting Text
479969844781,A hidden treasure was found near a tree in <em><SectorName('H14')></em>,,,ModItemQuestsDef TreasureHunting Text
253228349842,<em>Lucky Veinard</em> believes his chicken has the power of finding hidden treasures,,,ModItemQuestsDef TreasureHunting Text
571262714153,<em>Lucky Veinard</em> mentioned a <em>three-headed beast</em> pointing at a hidden treasure somewhere around the <em><SectorName('E14')></em>,,,ModItemQuestsDef TreasureHunting Text
791422127309,A statue of a <em>three-headed beast</em> in the <em><SectorName('E14')></em> is pointing at a possible hidden treasure,,,ModItemQuestsDef TreasureHunting Text
401353599677,A hidden treasure was found in the <em><SectorName('E14')></em>,,,ModItemQuestsDef TreasureHunting Text
876910901804,"<em>Bill Carson</em> buried a treasure in a grave somewhere along the <em><SectorName('C3')></em>, and his last words were: ""Look for ice""",,,ModItemQuestsDef TreasureHunting Text
439199960622,A hidden treasure was found in one of the graves in the <em><SectorName('C3')></em>,,,ModItemQuestsDef TreasureHunting Text
429861810713,<em>Lucky Veinard</em> mentioned he needs to discuss something important with his partner,,,ModItemQuestsDef TreasureHunting Text
254556052186,<em>Lucky Veinard</em> said there is a <em>ritual book</em> pointing at a hidden treasure among the <em><SectorName('J18')></em>,,,ModItemQuestsDef TreasureHunting Text
462304999019,"According to the <em>ritual book</em> found at the <em><SectorName('J18')></em>: ""Three spirits are resting inside. Seven more are waiting outside. One of them is missing.""",,,ModItemQuestsDef TreasureHunting Text
548094068432,A hidden treasure found under one of the ritual stones at the <em><SectorName('J18')></em>,,,ModItemQuestsDef TreasureHunting Text
289890318850,<em>Lucky Veinard</em> mentioned a secret treasure that waits to be found somewhere in the <em><SectorName('K18')></em>,,,ModItemQuestsDef TreasureHunting Text
115049696251,<em>Outcome:</em> A very hidden treasure was found in the <em><SectorName('K18')></em> thanks to the talent of the chicken <em>Schliemann</em>,,,ModItemQuestsDef TreasureHunting Text
712862734967,<em>Outcome:</em> The treasure hunter <em>Lucky Veinard</em> is dead and his secrets are buried with him forever,,,ModItemQuestsDef TreasureHunting Text
833828924730,The Necklace in the Chairs,,,ModItemQuestsDef TheTwelveChairs DisplayName
700973214496,There is a <em>diamond necklace</em> hidden in one of <em>12 luxury chairs</em> in different sectors across the Adjani valley,,,ModItemQuestsDef TheTwelveChairs Text
682214104226,One of the <em>12 chairs</em> is in the villa at the <em><SectorName('H19')></em>,,,ModItemQuestsDef TheTwelveChairs Text
709620508764,One of the <em>12 chairs</em> is in <em><SectorName('I9')></em>,,,ModItemQuestsDef TheTwelveChairs Text
413289892597,One of the <em>12 chairs</em> is in <em><SectorName('A4')></em>,,,ModItemQuestsDef TheTwelveChairs Text
437477455244,One of the <em>12 chairs</em> is in the <em><SectorName('E15')></em>,,,ModItemQuestsDef TheTwelveChairs Text
314127967757,One of the <em>12 chairs</em> is in the <em><SectorName('H12')></em>,,,ModItemQuestsDef TheTwelveChairs Text
264078001011,One of the <em>12 chairs</em> is in <em><SectorName('I1')></em>,,,ModItemQuestsDef TheTwelveChairs Text
157786772562,One of the <em>12 chairs</em> is in <em><SectorName('F7')></em>,,,ModItemQuestsDef TheTwelveChairs Text
775682961472,One of the <em>12 chairs</em> is in <em><SectorName('E16')></em>,,,ModItemQuestsDef TheTwelveChairs Text
343183897599,One of the <em>12 chairs</em> is in the <em><SectorName('E15')></em>,,,ModItemQuestsDef TheTwelveChairs Text
633031806516,One of the <em>12 chairs</em> is in the <em><SectorName('G10')></em>,,,ModItemQuestsDef TheTwelveChairs Text
416232456547,One of the <em>12 chairs</em> is in the <em><SectorName('F23')></em>,,,ModItemQuestsDef TheTwelveChairs Text
703461946066,One of the <em>12 chairs</em> is near the <em><SectorName('A25')></em>,,,ModItemQuestsDef TheTwelveChairs Text
695156617677,Someone at the <em><SectorName('H19')></em> is looking for a missing trinket,,,ModItemQuestsDef TheTwelveChairs Text
680641099779,A valuable <em>diamond necklace</em> may be in possession of <em>Lalee</em> from the <em><SectorName('H19')></em>,,,ModItemQuestsDef TheTwelveChairs Text
812357589654,<em><NumberChairsFound> / 12 Chairs</em> checked,,,ModItemQuestsDef TheTwelveChairs Text
950550161774,<em>Lalee</em> at the <em><SectorName('H19')></em> offers money for the <em>diamond necklace</em>,,,ModItemQuestsDef TheTwelveChairs Text
570617137124,<em>Maman Liliane</em> from the <em><SectorName('E15')></em> may be interested in the <em>diamond necklace</em>,,,ModItemQuestsDef TheTwelveChairs Text
355869999485,<em>Outcome:</em> Found Madam Lecoq's missing <em>diamond necklace</em>,,,ModItemQuestsDef TheTwelveChairs Text
947919069492,<em>Outcome:</em> Sold the <em>diamond necklace</em> to <em>Lalee</em>,,,ModItemQuestsDef TheTwelveChairs Text
660353528583,<em>Outcome:</em> Sold the <em>diamond necklace</em> to <em>Maman Liliane</em>,,,ModItemQuestsDef TheTwelveChairs Text
626742313754,<em>Outcome:</em> Donated the <em>diamond necklace</em> to <em>Maman Liliane</em>,,,ModItemQuestsDef TheTwelveChairs Text
264126611870,The Good Place,,,ModItemQuestsDef TheGoodPlace DisplayName
858636177504,<em><SectorName('L6')></em> doesn't look like a regular prison,,,ModItemQuestsDef TheGoodPlace Text
461177545348,Они заключают в тюрьму <em>невинных людей</em> в <em><SectorName('P6')></em>,,,ModItemQuestsDef TheGoodPlace Text
989444248035,Some of the people imprisoned underground at <em><SectorName('L6')></em> are far from innocent,,,ModItemQuestsDef TheGoodPlace Text
156452061885,The <em>yard entrance</em> to the underground prison at <em><SectorName('L6')></em> isn't guarded very well,,,ModItemQuestsDef TheGoodPlace Text
294431439426,<em>Jackhammer</em> is using <em><SectorName('L6')></em> prison to sell inmates into indentured servitude at the Legion mines,,,ModItemQuestsDef TheGoodPlace Text
684773656307,<em><PrisonersReleased> заключенные</em> будут помогать биться с охраной в <em><SectorName('P8')></em>,,,ModItemQuestsDef TheGoodPlace Text
873482805409,"Time to have a word with the <em>""director""</em> of <em><SectorName('L6')></em>",,,ModItemQuestsDef TheGoodPlace Text
215745302654,<em>Outcome:</em> Sent <em>Jackhammer</em> back to his own prison as an inmate,,,ModItemQuestsDef TheGoodPlace Text
327992536988,<em>Outcome:</em> Banished <em>Jackhammer</em> from <SectorName('L6')>,,,ModItemQuestsDef TheGoodPlace Text
511946592110,<em>Outcome:</em> <em>Jackhammer</em> paid for his crimes with his life,,,ModItemQuestsDef TheGoodPlace Text
578422965093,<em>Jackhammer</em> is back!,,,ModItemQuestsDef TheGoodPlace Text
416786352508,<em>Outcome:</em> <em>Jackhammer</em> is dead,,,ModItemQuestsDef TheGoodPlace Text
689627413944,M.E.R.C.: Finding Smiley,,,ModItemQuestsDef Smiley DisplayName
965997171182,A girl has been kidnapped from the local brothel in the <em><SectorName('E15')></em>,,,ModItemQuestsDef Smiley Text
402936111864,A girl has been kidnapped from the local brothel in the <em><SectorName('E15')></em>,,,ModItemQuestsDef Smiley Text
555537390669,A <em>M.E.R.C.</em> operative was spotted talking to the local Shaman in the <em><SectorName('F13')></em>,,,ModItemQuestsDef Smiley Text
559687447286,<em>Mollie</em> was kidnapped by <em>Smiley</em> from the <em><SectorName('E15')></em>,,,ModItemQuestsDef Smiley Text
408674223069,<em>Smiley</em> ran away with a girl from <em>Le Lys Rouge</em> in the <em><SectorName('E15')></em>,,,ModItemQuestsDef Smiley Text
790794209952,There may be clues of Mollie's disappearing in the back rooms of <em>Le Lys Rouge</em> in <em><SectorName('E15')></em> (press <em><ShortcutButton('actionCamOverview')></em> to toggle <em>Overview</em> mode),,,ModItemQuestsDef Smiley Text
433338585424,There may be clues about <em>Smiley</em> in the <em><SectorName('E7')></em> south of <em><SectorName('E15')></em>,,,ModItemQuestsDef Smiley Text
741802305830,There may be clues about <em>Smiley</em> in the <em><SectorName('F13')></em>,,,ModItemQuestsDef Smiley Text
266252160720,There may be clues about <em>Smiley</em> in <em><SectorName('H19')></em>,,,ModItemQuestsDef Smiley Text
979645791264,<em>Mollie</em> is in <em><SectorName('I9')></em>,,,ModItemQuestsDef Smiley Text
287239963291,Clue: <em>Mollie</em> left the brothel willingly with <em>Smiley</em>,,,ModItemQuestsDef Smiley Text
201478572564,"Clue: <em>Smiley</em> and <em>Mollie</em> wanted to be married by <em>Sangoma</em>, but he refused",,,ModItemQuestsDef Smiley Text
653122374978,"Clue: <em>Smiley</em> killed one of the goons of <em>Boss Blaubert</em>, but the Boss stopped them from killing him",,,ModItemQuestsDef Smiley Text
116245802672,Clue: <em>Mollie</em> mentioned that a <em>holy man</em> was hiding <em>Smiley</em>,,,ModItemQuestsDef Smiley Text
341644315899,Clue: <em>Father Tooker</em> in <em><SectorName('H8')></em> hides something about Smiley,,,ModItemQuestsDef Smiley Text
417411664132,Clue: <em>Smiley</em> and <em>Mollie</em> spent some quality time in the savanna,,,ModItemQuestsDef Smiley Text
502882751729,<em>Smiley</em> is hiding somewhere close and probably needs help,,,ModItemQuestsDef Smiley Text
294383859181,<em>Father Tooker</em> in <em><SectorName('H8')></em> knows where Smiley is,,,ModItemQuestsDef Smiley Text
111911353300,<em>Smiley</em> is in the back room of the church,,,ModItemQuestsDef Smiley Text
535588222140,Discovered <em>Smiley</em> in the church in <em><SectorName('H8')></em>,,,ModItemQuestsDef Smiley Text
984242954193,A band of <em><SectorName('H8')></em> thugs is attacking the Church looking for <em>Smiley</em>,,,ModItemQuestsDef Smiley Text
321507650110,<em>Father Tooker</em> made a deal with <em>Boss Blaubert</em> to save the life of <em>Smiley</em>,,,ModItemQuestsDef Smiley Text
766348335871,<em>Smiley</em> will try to rescue <em>Mollie</em> from the house of <em>Boss Blaubert</em> in <em><SectorName('I9')></em>,,,ModItemQuestsDef Smiley Text
580141900422,<em>Outcome:</em> <em>Smiley</em> is dead,,,ModItemQuestsDef Smiley Text
648706795365,<em>Outcome:</em> Recruited <em>Smiley</em>,,,ModItemQuestsDef Smiley Text
578181263246,<em>Outcome:</em> <em>Smiley</em> returned to Arulco,,,ModItemQuestsDef Smiley Text
636510207502,<em>Outcome:</em> <em>Mollie</em> is dead,,,ModItemQuestsDef Smiley Text
209176726205,<em>Outcome:</em> <em>Mollie</em> will stay with <em>Boss Blaubert</em>,,,ModItemQuestsDef Smiley Text
145265554200,<em>Outcome:</em> <em>Mollie</em> went back to <em>Le Lys Rouge</em>,,,ModItemQuestsDef Smiley Text
497488163726,<em>Outcome:</em> <em>Smiley</em> has killed <em>Father Tooker</em>,,,ModItemQuestsDef Smiley Text
105516365847,<em>Outcome:</em> <em>Father Tooker</em> is dead,,,ModItemQuestsDef Smiley Text
212137863176,Gained a <em>clue</em> about <em>Smiley</em>,,,ModItemQuestsDef Smiley message
859373141075,<em>Mollie</em> has gone home,,,ModItemQuestsDef Smiley SpecialConversationMessage
187049329427,<em>Mollie</em> remained with Boss Blaubert,,,ModItemQuestsDef Smiley SpecialConversationMessage
229664527571,M.E.R.C.: Finding Biff,,,ModItemQuestsDef RescueBiff DisplayName
910249113315,A mercenary team from <em>M.E.R.C.</em> went <em>missing in action</em> somewhere on the mainland,,,ModItemQuestsDef RescueBiff Text
816967248261,<em>Corazon Santiago</em> hired <em>M.E.R.C.</em> and sent them against the <em>Legion</em>,,,ModItemQuestsDef RescueBiff Text
794636495357,<em>M.E.R.C.</em> had a <em>boat</em> with the <em>Adonis</em> logo on it,,,ModItemQuestsDef RescueBiff Text
508830803906,<em>M.E.R.C.</em> wrecked their boat on the shores of Grand Chien,,,ModItemQuestsDef RescueBiff Text
418731120730,<em>M.E.R.C.</em> was last seen at the <em>Carnival</em> celebrations in <em><SectorName('E16')></em>,,,ModItemQuestsDef RescueBiff Text
928081089653,<em>M.E.R.C.</em> attacked the <em><SectorName('A4')></em> mine with the <em>Maquis</em> of Pantagruel,,,ModItemQuestsDef RescueBiff Text
590287816267,Biff and his team from <em>M.E.R.C.</em> might be imprisoned at <em><SectorName('A4')></em>,,,ModItemQuestsDef RescueBiff Text
877692485692,<em>M.E.R.C.</em> retreated from Diamond Red when their operation with the Maquis from <em><SectorName('E16')></em> failed,,,ModItemQuestsDef RescueBiff Text
173376043256,Biff and his team may be somewhere in the <em>Highlands</em>,,,ModItemQuestsDef RescueBiff Text
355835054059,<em>Biff Apscott</em> needs rescue at <em><SectorName('A8')></em>,,,ModItemQuestsDef RescueBiff Text
794291364579,<em>Biff</em> needs help at <em><SectorName('A8')></em>,,,ModItemQuestsDef RescueBiff Text
794401770996,<em>Chimurenga</em> and his Maquis will help fight off the Legion,,,ModItemQuestsDef RescueBiff Text
946912668999,Biff has a valuable <em>green diamond</em>,,,ModItemQuestsDef RescueBiff Text
995681480233,Time to have a word with <em>Biff</em>,,,ModItemQuestsDef RescueBiff Text
576415591824,<em>Outcome:</em> Convinced Biff to give the <em>green diamond</em> to <em>Chimurenga</em>,,,ModItemQuestsDef RescueBiff Text
428402520624,<em>Outcome:</em> The Legion took the <em>green diamond</em>,,,ModItemQuestsDef RescueBiff Text
850034512417,<em>Outcome:</em> Took possession of the <em>green diamond</em>,,,ModItemQuestsDef RescueBiff Text
943359785789,<em>Outcome:</em> Donated the <em>green diamond</em> to <em>Emma</em> for the Museum of the Adjani,,,ModItemQuestsDef RescueBiff Text
556411807359,<em>Outcome:</em> Convinced Biff to hand the <em>green diamond</em> over,,,ModItemQuestsDef RescueBiff Text
288325441178,<em>Outcome:</em> Biff took the <em>green diamond</em> home,,,ModItemQuestsDef RescueBiff Text
495660719403,<em>Outcome:</em> <em>Biff</em> was rescued,,,ModItemQuestsDef RescueBiff Text
158849763605,<em>Outcome:</em> Appeared too late to save <em>Biff</em>,,,ModItemQuestsDef RescueBiff Text
441569624888,<em>Outcome:</em> <em>Biff</em> was killed in action,,,ModItemQuestsDef RescueBiff Text
180304245404,<em>Outcome:</em> <em>Biff</em> was killed by friendly fire,,,ModItemQuestsDef RescueBiff Text
420757017993,<em>Biff</em> is dead,,,ModItemQuestsDef RescueBiff SpecialConversationMessage
865033556520,Siege begins,,,ModItemQuestsDef RescueBiff Label
559946962669,Next Wave,,,ModItemQuestsDef RescueBiff Label
426196117544,Next Wave,,,ModItemQuestsDef RescueBiff Label
258047549988,Next Wave,,,ModItemQuestsDef RescueBiff Label
793763762598,Next Wave,,,ModItemQuestsDef RescueBiff Label
864318887552,Final Wave,,,ModItemQuestsDef RescueBiff Label
416839499694,<em>Biff</em> is dead,,,ModItemQuestsDef RescueBiff SpecialConversationMessage
804042632442,lost a piece of <em>evidence</em> against Corazon,,,ModItemQuestsDef RescueBiff message
268916073668,Pierre,,,ModItemQuestsDef PierreDefeated DisplayName
270376889474,<em>Pierre</em> may have information about <em>the Major</em>,,,ModItemQuestsDef PierreDefeated Text
782115594702,<em>Luc</em> wants his son <em>Pierre</em> to be spared,,,ModItemQuestsDef PierreDefeated Text
659363947973,<em>Pierre</em> was defeated at <em><SectorName('I7')></em> ,,,ModItemQuestsDef PierreDefeated Text
623031245401,<em>Pierre</em> was spared at <em><SectorName('I7')></em> ,,,ModItemQuestsDef PierreDefeated Text
584812984292,<em>Pierre</em> was not found in <em><SectorName('A4')></em>,,,ModItemQuestsDef PierreDefeated Text
847219396472,The <em>Major</em> has punished <em>Pierre</em> by sending him to be a slave in <em><SectorName('A4')></em>,,,ModItemQuestsDef PierreDefeated Text
934256391494,The <em>Major</em> has punished <em>Pierre</em> by sending him to prison in <em><SectorName('F19')></em>,,,ModItemQuestsDef PierreDefeated Text
687884848179,Pierre wants the Legion flag placed on <em><SectorName('K4')></em>,,,ModItemQuestsDef PierreDefeated Text
197268689344,Raised the Legion flag on <em><SectorName('K4')></em>,,,ModItemQuestsDef PierreDefeated Text
407286873252,Raising the <em>Legion flag</em> didn't convince <em>Pierre</em>,,,ModItemQuestsDef PierreDefeated Text
792312517806,<em>Outcome:</em> Recruited <em>Pierre</em>,,,ModItemQuestsDef PierreDefeated Text
476016385371,<em>Outcome:</em> <em>Pierre</em> will return to <em>Ernie Island</em>,,,ModItemQuestsDef PierreDefeated Text
245139334448,<em>Outcome:</em> <em>Pierre</em> returned to <em>Ernie Island</em>,,,ModItemQuestsDef PierreDefeated Text
734208682743,<em>Outcome:</em> <em>Pierre</em> is dead,,,ModItemQuestsDef PierreDefeated Text
633180876573,Treasure at the Farms,,,ModItemQuestsDef MiddleOfXWhere DisplayName
862021847852,"There is a <em>treasure</em> hidden on one of the ""Middle of Wherever"" farms",,,ModItemQuestsDef MiddleOfXWhere Text
216902304926,There is a <em>treasure</em> hidden in the <em>middle of somewhere</em>,,,ModItemQuestsDef MiddleOfXWhere Text
171564465170,Clue: The <em>treasure</em> is buried somewhere in the <em>corn fields</em>,,,ModItemQuestsDef MiddleOfXWhere Text
773544137421,Clue: The <em>treasure</em> is buried near a <em>tree</em>,,,ModItemQuestsDef MiddleOfXWhere Text
997483159978,Clue: The <em>treasure</em> is buried under a <em>rock</em>,,,ModItemQuestsDef MiddleOfXWhere Text
424340924439,Clue: The <em>treasure</em> is buried close to <em>water</em>,,,ModItemQuestsDef MiddleOfXWhere Text
411198857115,<em>Mr. Gattz</em> intends to obtain the Baggz treasure by any means necessary,,,ModItemQuestsDef MiddleOfXWhere Text
474881612349,<em>Mr. Gattz</em> is dead,,,ModItemQuestsDef MiddleOfXWhere Text
183514827571,<em>Outcome:</em> Found the <em>treasure</em> and the will of Pa Baggz,,,ModItemQuestsDef MiddleOfXWhere Text
864320523051,killed the impostor <em>Mr. Gattz</em>,,,ModItemQuestsDef MiddleOfXWhere SpecialConversationMessage
796174579331,<em>Mr. Gattz</em> is dead,,,ModItemQuestsDef MiddleOfXWhere SpecialConversationMessage
554343539569,Right Hand Man,,,ModItemQuestsDef Luigi DisplayName
666850832431,Trespassing in <em><SectorName('I9')></em> without an <em>invitation</em> will provoke <em>Boss Blaubert's guards</em>,,,ModItemQuestsDef Luigi Text
618825281489,Received an <em>invitation</em> to meet <em>Boss Blaubert</em> in <em><SectorName('I9')></em>,,,ModItemQuestsDef Luigi Text
277651197077,"Boss Blaubert is keeping something secret, locked away in the <em>decorative globe</em> at his <em><SectorName('I9')></em> mansion",,,ModItemQuestsDef Luigi Text
536241563003,<em>Boss Blaubert</em> wants his right hand man <em>Luigi</em> brought to him from <em><SectorName('L6')></em>,,,ModItemQuestsDef Luigi Text
714037186837,<em>Luigi</em> is on his way to <em><SectorName('I9')></em>,,,ModItemQuestsDef Luigi Text
917548957223,<em>Luigi</em> probably means to kill <em>Boss Blaubert</em> in <em><SectorName('I9')></em>,,,ModItemQuestsDef Luigi Text
103152976469,"There is some kind of ""Grand Chien standoff"" between <em>Luigi</em> and <em>Boss Blaubert</em> in <SectorName('I9')>",,,ModItemQuestsDef Luigi Text
373568578880,<em>Outcome:</em> Established a <em>partnership</em> with <em>Boss Blaubert</em>,,,ModItemQuestsDef Luigi Text
627409279950,<em>Outcome:</em> <em>Boss Blaubert</em> is dead,,,ModItemQuestsDef Luigi Text
551079121731,<em>Outcome:</em> <em>Boss Blaubert's</em> right hand man <em>Luigi</em> was killed in prison,,,ModItemQuestsDef Luigi Text
428686723141,<em>Outcome:</em> <em>Luigi</em> is dead,,,ModItemQuestsDef Luigi Text
204651674805,<em>Outcome:</em> Supported <em>Boss Blaubert</em> against <em>Luigi</em>,,,ModItemQuestsDef Luigi Text
405244989545,<em>Outcome:</em> Supported <em>Luigi</em> against <em>Boss Blaubert</em>,,,ModItemQuestsDef Luigi Text
666882606046,<em>Outcome:</em> Supported <em>no one</em> and had to fight everyone,,,ModItemQuestsDef Luigi Text
614413250928,Time to have a word with <em>Boss Blaubert</em> about the whole affair with Luigi,,,ModItemQuestsDef Luigi Text
296230501590,Time to have a word with <em>Luigi</em> about the whole affair with Boss Blaubert,,,ModItemQuestsDef Luigi Text
179822336669,released an innocent from jail,,,ModItemQuestsDef Luigi SpecialConversationMessage
792308630801,released an innocent from jail,,,ModItemQuestsDef Luigi SpecialConversationMessage
122072267876,released an innocent from jail,,,ModItemQuestsDef Luigi SpecialConversationMessage
986679115556,released an innocent from jail,,,ModItemQuestsDef Luigi SpecialConversationMessage
480513891906,released an innocent from jail,,,ModItemQuestsDef Luigi SpecialConversationMessage
238765491471,released an innocent from jail,,,ModItemQuestsDef Luigi SpecialConversationMessage
534455352663,released an innocent from jail,,,ModItemQuestsDef Luigi SpecialConversationMessage
390978694925,released a criminal from jail,,,ModItemQuestsDef Luigi SpecialConversationMessage
467308561324,released a criminal from jail,,,ModItemQuestsDef Luigi SpecialConversationMessage
225107038157,released a criminal from jail,,,ModItemQuestsDef Luigi SpecialConversationMessage
467493537417,released a criminal from jail,,,ModItemQuestsDef Luigi SpecialConversationMessage
894218736573,released a criminal from jail,,,ModItemQuestsDef Luigi SpecialConversationMessage
506358771444,released a criminal from jail,,,ModItemQuestsDef Luigi SpecialConversationMessage
815412367804,supported <em>Luigi</em>,,,ModItemQuestsDef Luigi SpecialConversationMessage
970183471349,executed <em>Jackhammer</em>,,,ModItemQuestsDef Luigi SpecialConversationMessage
930222171187,executed <em>Jackhammer</em>,,,ModItemQuestsDef Luigi SpecialConversationMessage
676254948143,sent <em>Jackhammer</em> to jail,,,ModItemQuestsDef Luigi SpecialConversationMessage
485516473142,let <em>Jackhammer</em> go,,,ModItemQuestsDef Luigi SpecialConversationMessage
934833275053,let <em>Jackhammer</em> go,,,ModItemQuestsDef Luigi SpecialConversationMessage
892112768207,released <em>Luigi</em> from jail,,,ModItemQuestsDef Luigi SpecialConversationMessage
245971955403,let <em>Jackhammer</em> go,,,ModItemQuestsDef Luigi SpecialConversationMessage
287202667692,M.E.R.C.: Finding Larry,,,ModItemQuestsDef Larry DisplayName
327282125421,<em>Larry</em> from M.E.R.C. is in <em><SectorName('F7')></em>,,,ModItemQuestsDef Larry Text
583546874494,<em>Larry</em> from M.E.R.C. is in <em><SectorName('F7')></em>,,,ModItemQuestsDef Larry Text
644904210900,<em>Larry</em> took drugs during <em>Carnival</em>,,,ModItemQuestsDef Larry Text
199527051359,<em>Larry</em> was captured by the Legion at <em><SectorName('A4')></em> and they interrogated him with more drugs,,,ModItemQuestsDef Larry Text
778533826234,<em>Larry</em> needs <em>Metaviron</em> to bring back his memory,,,ModItemQuestsDef Larry Text
270751405431,"<em>Larry</em> has remembered who he is, but he still has the monkey on his back",,,ModItemQuestsDef Larry Text
635483491216,<em>Outcome:</em> <em>Larry</em> is dead,,,ModItemQuestsDef Larry Text
309937553653,<em>Outcome:</em> Recruited <em>Larry</em>,,,ModItemQuestsDef Larry Text
281240617057,<em>Outcome:</em> <em>Larry</em> went home,,,ModItemQuestsDef Larry Text
578341957835,Notable deaths,,,ModItemQuestsDef GlobalCivilians DisplayName
739102554101,Conspiracy?,,,ModItemQuestsDef Evidence DisplayName
598884547881,<em>Adonis</em> buys diamonds in bulk from smugglers at the <em>Fleatown black market</em>,,,ModItemQuestsDef Evidence Text
502653034027,<em>Col. Faucheux</em> seems to be plotting something with <em>Corazon Santiago</em>,,,ModItemQuestsDef Evidence Text
360590904299,<em>Colonel Faucheux</em> organized a <em>coup</em> against President LaFontaine and intends to blame M.E.R.C. and A.I.M. for <em>war crimes</em>,,,ModItemQuestsDef Evidence Text
772298328108,<em>Corazon Santiago</em> and <em>Colonel Faucheux</em> organized a <em>coup</em> against President LaFontaine and intend to blame M.E.R.C. and A.I.M. for <em>war crimes</em>,,,ModItemQuestsDef Evidence Text
451197526602,<em>Corazon Santiago</em> had some business with the <em>Major</em> in the past,,,ModItemQuestsDef Evidence Text
876827185430,<em>Corazon Santiago</em> paid the Major to create the <em>Legion</em>,,,ModItemQuestsDef Evidence Text
398225788146,The <em>Hermit</em> is a former <em>Adonis CEO</em>,,,ModItemQuestsDef Evidence Text
403780024996,"The <em>Hermit</em> in the <em><SectorName('L12')></em>, a former <em>Adonis CEO</em>, may be able to provide some leverage against Corazon Santiago",,,ModItemQuestsDef Evidence Text
558712960460,<em>Evidence:</em> Adonis documents exposing Corazon Santiago from the <em>Hermit</em>,,,ModItemQuestsDef Evidence Text
303454328333,<em>Evidence:</em> <em>Biff Apscott's</em> testimony,,,ModItemQuestsDef Evidence Text
687283009166,<em>Evidence:</em> <em>Proof</em> that <em>Col. Faucheux</em> was behind the atrocities at the Refugee Camp,,,ModItemQuestsDef Evidence Text
838371262558,<em>Evidence:</em> Corazon Santiago's correspondence with <em>the Major</em> and his <em>mercenary contract</em>,,,ModItemQuestsDef Evidence Text
155187128087,<em>Evidence:</em> Secret correspondence between <em>Corazon Santiago</em> and <em>Col. Faucheux</em>,,,ModItemQuestsDef Evidence Text
708350217011,<em>Evidence:</em> <em>Contract</em> for the concession of diamond mining rights,,,ModItemQuestsDef Evidence Text
139835730234,Need to gather <em>more evidence</em> against <em>Corazon Santiago</em>,,,ModItemQuestsDef Evidence Text
632615051909,<em>Outcome:</em> Enough <em>evidence</em> gathered for a strong case against <em>Corazon Santiago</em>,,,ModItemQuestsDef Evidence Text
308674594521,Diamond mines,,,ModItemQuestsDef CorazonCaptureMine DisplayName
735176660945,<em>Adonis Corp.</em> will pay for each captured mine ,,,ModItemQuestsDef CorazonCaptureMine Text
654924225246,The Legion is using slave labor in the <em>Diamond Red</em> mine,,,ModItemQuestsDef CorazonCaptureMine Text
944646004601,<em><SectorName('H14')></em> is built over an archeological site,,,ModItemQuestsDef CorazonCaptureMine Text
261239717759,Some of the former slaves in <em>Diamond Red</em> agreed to work as <em>paid miners</em>,,,ModItemQuestsDef CorazonCaptureMine Text
764455200778,Additional <em>workers</em> may be hired for <em>Diamond Red</em>,,,ModItemQuestsDef CorazonCaptureMine Text
798273813105,Hired <em>miners</em> from the Refugee Camp (low Loyalty): <em><SectorName('A4')></em> income increased,,,ModItemQuestsDef CorazonCaptureMine Text
334014238695,Hired <em>miners</em> from the Refugee Camp (high Loyalty): <em><SectorName('A4')></em> income greatly increased,,,ModItemQuestsDef CorazonCaptureMine Text
750553851042,Hired <em>miners</em> from Fleatown (low Loyalty): <em><SectorName('A4')></em> income increased,,,ModItemQuestsDef CorazonCaptureMine Text
371355245706,Hired <em>miners</em> from Fleatown (high Loyalty): <em><SectorName('A4')></em> income greatly increased,,,ModItemQuestsDef CorazonCaptureMine Text
879681605383,Hired <em>Slave Master Graaf</em> as foreman: <em><SectorName('A4')></em> income greatly increased,,,ModItemQuestsDef CorazonCaptureMine Text
704959784482,Hired <em>Martha</em> and <em>Herman</em> as workers: <em><SectorName('H14')></em> income increased,,,ModItemQuestsDef CorazonCaptureMine Text
676018799925,<em>Legion impostors</em> killed: <em><SectorName('K10')></em> income slightly increased,,,ModItemQuestsDef CorazonCaptureMine Text
882967405015,<em>Fournier</em> intimidated: <em><SectorName('K10')></em> income slightly increased,,,ModItemQuestsDef CorazonCaptureMine Text
535891751276,<em>Fournier</em> is dead: <em><SectorName('K10')></em> income slightly decreased,,,ModItemQuestsDef CorazonCaptureMine Text
984175004115,<em>Operation</em>: <em>Prospect for diamonds</em> may increase the income of the <em><SectorName('K10')></em> mine,,,ModItemQuestsDef CorazonCaptureMine Text
752093346663,Prospecting done: <em><SectorName('K10')></em> income greatly increased,,,ModItemQuestsDef CorazonCaptureMine Text
501144615485,Partnership with <em>Boss Blaubert</em>: <em>all mines</em> income slightly increased,,,ModItemQuestsDef CorazonCaptureMine Text
245816903468,The <em><SectorName('A4')></em> mine is depleted,,,ModItemQuestsDef CorazonCaptureMine Text
618677444173,The <em><SectorName('A25')></em> is depleted,,,ModItemQuestsDef CorazonCaptureMine Text
249526664703,The <em><SectorName('E15')></em> is depleted,,,ModItemQuestsDef CorazonCaptureMine Text
577578825673,The <em><SectorName('D18')></em> mine is depleted,,,ModItemQuestsDef CorazonCaptureMine Text
952336328946,The <em><SectorName('H14')></em> is depleted,,,ModItemQuestsDef CorazonCaptureMine Text
250302410908,The <em><SectorName('I18')></em> is depleted,,,ModItemQuestsDef CorazonCaptureMine Text
629392124745,The <em><SectorName('K10')></em> mine is depleted,,,ModItemQuestsDef CorazonCaptureMine Text
757648558194,<em>Outcome:</em> The partnership with <em>Adonis</em> is over,,,ModItemQuestsDef CorazonCaptureMine Text
760347501481,<em>Outcome:</em> <em>Emma</em> will provide additional funding through government sympathizers for all captured <em>diamond mines</em>,,,ModItemQuestsDef CorazonCaptureMine Text
495214420866,Pirate gold,,,ModItemQuestsDef PiratesGold DisplayName
537013095539,A <em>restless spirit</em> is bothering the <em>Pastor</em> in <em><SectorName('H8')></em>,,,ModItemQuestsDef PiratesGold Text
290710783848,A <em>restless spirit</em> is bothering the <em>Pastor</em> in <em><SectorName('H8')></em>,,,ModItemQuestsDef PiratesGold Text
251301057015,"The ""restless spirit"" is hiding on the <em><SectorName('I10')></em> across Rimville",,,ModItemQuestsDef PiratesGold Text
696498570480,"<em>Intel:</em> The ""restless spirit"" can be ambushed by <em>splitting up</em> and guarding the roads in sector <em><SectorName('I10')></em> (press <em><ShortcutButton('actionCamOverview')></em> to toggle <em>Overview</em> mode)",,,ModItemQuestsDef PiratesGold Text
356529918428,Time to do some <em>ghost busting</em>,,,ModItemQuestsDef PiratesGold Text
686573029626,There is a <em>treasure</em> hidden in the walls of the <em>Church</em> in <em><SectorName('H8')></em>,,,ModItemQuestsDef PiratesGold Text
313805554221,<em>Outcome:</em> Found the <em>treasure</em> in <em><SectorName('H8')></em>,,,ModItemQuestsDef PiratesGold Text
308245687860,<em>Outcome:</em> Donated the <em>treasure</em> in <em><SectorName('H8')></em> to the House of Blessed Spirits,,,ModItemQuestsDef PiratesGold Text
136622116597,The Bus Gang,,,ModItemQuestsDef FleatownGeneral_copy DisplayName
754673942627,<em>Operation</em>: The <em>bus gang</em> intends to kill anyone who dares to hang around their <em>bus stop</em> in the <em><SectorName('F9')></em>,,,ModItemQuestsDef FleatownGeneral_copy Text
615121539626,"<em>Operation</em>: The <em>bus gang</em> is late, but they will definitely kill anyone who dares to hang around their <em>bus stop</em> in the <em><SectorName('F9')></em>",,,ModItemQuestsDef FleatownGeneral_copy Text
177888276268,The <em>bus gang</em> has arrived at the bus stop in the <em><SectorName('F9')></em>,,,ModItemQuestsDef FleatownGeneral_copy Text
945397520724,<em>Outcome:</em> The <em>bus gang</em> is out of service,,,ModItemQuestsDef FleatownGeneral_copy Text
580992024771,bad impression on <em>Boss Blaubert</em>,,,ModItemQuestsDef FleatownGeneral_copy SpecialConversationMessage
330318415649,dealt with the <em>Bus Gang</em>,,,ModItemQuestsDef FleatownGeneral_copy SpecialConversationMessage
621856291525,dealt with the <em>Bus Gang</em>,,,ModItemQuestsDef FleatownGeneral_copy SpecialConversationMessage
764831282094,U-Bahn,,,ModItemQuestsDef U-Bahn DisplayName
496390629137,There seems to be an underground <em>railroad</em> connecting a system of WWII bunkers,,,ModItemQuestsDef U-Bahn Text
365091580605,The underground <em>railroad</em> connects a system of Labs built by the Nazi for the completion of the mysterious <em>Projekt Eisdrache</em>,,,ModItemQuestsDef U-Bahn Text
308820258771,The Gestapo officer <em>Siegfried von Essen</em> is the administrative director of the underground facility,,,ModItemQuestsDef U-Bahn Text
491541908254,<em>Dr. Gruselheim</em> offered to surrender once the <em>Cryolabor</em> where he is held is captured,,,ModItemQuestsDef U-Bahn Text
758655726202,<em>Dr. Gruselheim</em> offered to surrender once the <em>Cryolabor</em> where he is held is captured,,,ModItemQuestsDef U-Bahn Text
351865941349,<em>Dr. Gruselheim</em> offered to surrender once the <em>Cryolabor</em> where he is held is captured,,,ModItemQuestsDef U-Bahn Text
423545189346,<em>Dr. Gruselheim</em> offered to surrender once the <em>Cryolabor</em> where he is held is captured,,,ModItemQuestsDef U-Bahn Text
620386452053,<em>The Cryolabor</em> is under attack by <em>Siegfried von Essen</em> and his remaining Super Soldiers,,,ModItemQuestsDef U-Bahn Text
841635553770,<em>The Cryolabor</em> is under attack by <em>Siegfried von Essen</em> and his remaining Super Soldiers,,,ModItemQuestsDef U-Bahn Text
378851863389,<em>The Cryolabor</em> is under attack by <em>Siegfried von Essen</em> and his remaining Super Soldiers,,,ModItemQuestsDef U-Bahn Text
163882256259,<em>Outcome:</em> <em>Siegfried von Essen</em> and his last <em>Super Soldiers</em> are defeated,,,ModItemQuestsDef U-Bahn Text
260994365933,<em>Outcome:</em> <em>Dr. Gruselheim</em> is dead,,,ModItemQuestsDef U-Bahn Text
695271470802,Time to have a word with <em>Dr. Gruselheim</em> and decide what to do with him,,,ModItemQuestsDef U-Bahn Text
106938544806,Time to have a word with <em>Dr. Gruselheim</em> and decide what to do with him,,,ModItemQuestsDef U-Bahn Text
918421288416,Time to have a word with <em>Dr. Gruselheim</em> and decide what to do with him,,,ModItemQuestsDef U-Bahn Text
570604487544,The Legion used explosives to capture the <em><SectorName('F11')></em> and collapsed the U-Bahn tunnel,,,ModItemQuestsDef U-Bahn Text
500573073355,The U-Bahn tunnel to <em>Landsbach</em> cannot be repaired without establishing control over <em><SectorName('F12_Underground')></em>,,,ModItemQuestsDef U-Bahn Text
710290540675,<em>Operation</em>: <em>Clear the Tracks</em> is available at <em><SectorName('F12_Underground')></em>,,,ModItemQuestsDef U-Bahn Text
777481962252,<em>Clue:</em> Dr. Gruselheim invented <em>Altered Diesel</em> by request of Siegfried von Essen,,,ModItemQuestsDef U-Bahn Text
838496618302,"<em>Diesel</em> was produced in the <em>Diesel Klinik (B12U)</em> between 1968 and 1973, and then since 1998",,,ModItemQuestsDef U-Bahn Text
475702551294,<em>Clue:</em> Dr. Gruselheim invented <em>Diesel</em> and the <em>Super Soldier</em> technology by request of Siegfried von Essen,,,ModItemQuestsDef U-Bahn Text
177153587938,The novel armor material <em>Kompositum 58</em> was produced between 1955 and 1958 in the <em>Waffenlabor</em>,,,ModItemQuestsDef U-Bahn Text
937384616017,<em>Clue:</em> Dr. Gruselheim invented <em>Kompositum 58</em> by request of Siegfried von Essen,,,ModItemQuestsDef U-Bahn Text
747209140383,The <em>Red Rabies</em> virus was developed between 1983 and 1988 in the <em>Biolabor</em>,,,ModItemQuestsDef U-Bahn Text
399561799645,<em>Clue:</em> Dr. Gruselheim developed the <em>Red Rabies</em> virus by request of Siegfried von Essen who inadvertently released it in the Adjani valley,,,ModItemQuestsDef U-Bahn Text
395807958179,Dr. Gruselheim has spent some time <em>frozen</em> in a cryo chamber,,,ModItemQuestsDef U-Bahn Text
698812328998,"Dr. Gruselheim spent 40 years <em>vitrified</em> in his cryo chamber: 1945-1955, 1958-1968, 1973-1983, 1988-1998",,,ModItemQuestsDef U-Bahn Text
666167348042,<em>Clue:</em> Dr. Gruselheim discovered the <em>Wunderfrostschutzmittel</em> in the Adjani valley and developed the <em>vitrification</em> technology used in <em>Projekt Eisdrache</em>,,,ModItemQuestsDef U-Bahn Text
556879601650,<em>Clue:</em> The vitrified people in the cryo containers are <em>Nazi officers</em> from WWII,,,ModItemQuestsDef U-Bahn Text
300813198456,<em>Outcome:</em> The bodies of the vitrified Nazi officers were <em>destroyed</em>,,,ModItemQuestsDef U-Bahn Text
705155147380,<em>Outcome:</em> The vitrified Nazi officers were left <em>forever frozen</em> underground,,,ModItemQuestsDef U-Bahn Text
156877290861,<em>Outcome:</em> The vitrified Nazi officers will be unfrozen and brought to <em>justice</em>,,,ModItemQuestsDef U-Bahn Text
402873482403,<em>Outcome:</em> Dr. Gruselheim will be brought to <em>justice</em> for his collaboration with Nazis,,,ModItemQuestsDef U-Bahn Text
407981245313,<em>Outcome:</em> Dr. Gruselheim was <em>set free</em> and left the Labs,,,ModItemQuestsDef U-Bahn Text
793989298802,<em>Outcome:</em> Dr. Gruselheim will remain underground and <em>work</em> for the mercs,,,ModItemQuestsDef U-Bahn Text
344815712709,<em>Operation</em>: <em>Produce Kompositum 58</em> is available at the <em>Waffenlabor</em>,,,ModItemQuestsDef U-Bahn Text
651868632120,<em>Operation</em>: <em>Produce Kompositum 58</em> is available at the <em>Waffenlabor</em>,,,ModItemQuestsDef U-Bahn Text
179343854954,<em>Operation</em>: <em>Produce Kompositum 58</em> is available at the <em>Waffenlabor</em>,,,ModItemQuestsDef U-Bahn Text
470773200510,"<em>Outcome:</em> As the new director of the <em>Sanatorium</em>, Dr. Gruselheim will work to stop the <em>Red Rabies</em> virus outbreak",,,ModItemQuestsDef U-Bahn Text
982054337437,"<em>Outcome:</em> As the new director of the <em>Diesel Klinik</em>, Dr. Gruselheim will work to help the people of <em>Landsbach</em>",,,ModItemQuestsDef U-Bahn Text
572695775328,Reinforcements incoming,,,ModItemQuestsDef U-Bahn Label
810364444498,Reinforcements incoming,,,ModItemQuestsDef U-Bahn Label
753072017460,Reinforcements incoming,,,ModItemQuestsDef U-Bahn Label
982772573921,Reinforcements incoming,,,ModItemQuestsDef U-Bahn Label
835954178557,Reinforcements incoming,,,ModItemQuestsDef U-Bahn Label
968947325220,Forgotten Grave,,,ModItemQuestsDef ForgottenGrave DisplayName
584120351013,Found a forgotten <em>grave</em> in the woods,,,ModItemQuestsDef ForgottenGrave Text
945106914653,<em>Francis</em> is looking for his father's <em>grave</em> that is somewhere along the river in the Cursed Forest,,,ModItemQuestsDef ForgottenGrave Text
807002556704,<em>Francis</em> would want to know the location of his father's <em>grave</em>,,,ModItemQuestsDef ForgottenGrave Text
611991044683,<em>Outcome:</em> The parents of <em>Francis</em> will rest in peace,,,ModItemQuestsDef ForgottenGrave Text
302091822558,trained <em>Militia</em>,,,ModItemQuestsDef ForgottenGrave SpecialConversationMessage
815320386712,liberated <em>Belle Eau</em>,,,ModItemQuestsDef ForgottenGrave SpecialConversationMessage
665544892317,Cursed Forest,,,ModItemQuestsDef CursedForestSideQuests DisplayName
144394368567,There are horrible <em>effigies</em> in the Cursed Forest that scare the Legion,,,ModItemQuestsDef CursedForestSideQuests Text
457942823176,The Legion destroyed some <em>effigies</em> in the Cursed Forest that can be repaired,,,ModItemQuestsDef CursedForestSideQuests Text
127082720658,helped <em>Francis</em> find his father's grave,,,ModItemQuestsDef CursedForestSideQuests SpecialConversationMessage
449500495373,finished off the tea party survivor,,,ModItemQuestsDef CursedForestSideQuests SpecialConversationMessage
680820793836,Vegena,,,ModItemQuestsDef CursedForestSideQuests ChangeName
647808423990,Petta and the hyenas,,,ModItemQuestsDef ChienSauvage DisplayName
858111959565,There is an eco activist imprisoned at <em><SectorName('E16')></em> whom the Legion means to throw into the hyena fighting pit,,,ModItemQuestsDef ChienSauvage Text
884143731552,Petta let the <em>hyenas</em> out,,,ModItemQuestsDef ChienSauvage Text
455796897360,The <em>hyenas</em> in Camp Chien Sauvage had to die,,,ModItemQuestsDef ChienSauvage Text
987242968729,<em>Outcome:</em> <em>Petta</em> couldn't be saved,,,ModItemQuestsDef ChienSauvage Text
786265426104,<em>Outcome:</em> <em>Petta</em> was saved,,,ModItemQuestsDef ChienSauvage Text
499699840741,<em>Outcome:</em> <em>Petta</em> converted the crocodile <em>Gena</em> to veganism,,,ModItemQuestsDef ChienSauvage Text
481490365631,Charon's Boat,,,ModItemQuestsDef CharonsBoat DisplayName
236261803546,Clue: A <em>humanitarian ship</em> loaded with dead bodies has run aground,,,ModItemQuestsDef CharonsBoat Text
103694826201,Clue: Some of the dead bodies were <em>not quite dead</em>,,,ModItemQuestsDef CharonsBoat Text
499443018178,Clue: There seem to be no survivors of the <em>ship crew</em>,,,ModItemQuestsDef CharonsBoat Text
581529374133,Clue: Someone tried to <em>bury</em> the dead from the shipwreck,,,ModItemQuestsDef CharonsBoat Text
119069368614,<em>Operation</em>: Someone should <em>bury the dead</em> at the <em><SectorName('D20')></em> before the disease spreads,,,ModItemQuestsDef CharonsBoat Text
738721628927,There are lots of <em>dead bodies</em> floating from somewhere upstream,,,ModItemQuestsDef CharonsBoat Text
269313821768,Some of the <em>corpses</em> have floated downstream to the <em><SectorName('D19')></em>,,,ModItemQuestsDef CharonsBoat Text
311402791051,<em>Operation</em>: There is a <em>mysterious boat</em> waiting for the bodies of the dead at the <em><SectorName('D19')></em>,,,ModItemQuestsDef CharonsBoat Text
255425528346,Some of the dead have to be <em>put to rest</em>,,,ModItemQuestsDef CharonsBoat Text
324116285001,"One day, the <em>boat of the dead</em> will leave the <em><SectorName('D19')></em>",,,ModItemQuestsDef CharonsBoat Text
909914966938,<em>Outcome</em>: The dead at the <em><SectorName('D20')></em> have been buried,,,ModItemQuestsDef CharonsBoat Text
867322102558,<em>Outcome</em>: The <em>mysterious boat</em> was loaded with the bodies of the dead at the <em><SectorName('D19')></em>,,,ModItemQuestsDef CharonsBoat Text
283869622068,<em>Outcome:</em> The <em>boat of the dead</em> left these shores,,,ModItemQuestsDef CharonsBoat Text
363094975655,buried the dead bodies from the shipwreck,,,ModItemQuestsDef CharonsBoat SpecialConversationMessage
769329628976,loaded the mysterious boat of the dead,,,ModItemQuestsDef CharonsBoat SpecialConversationMessage
610810569348,The Beast,,,ModItemQuestsDef Beast DisplayName
656681391645,They say there is a scary <em>Beast</em> that is hunting people in the Cursed Forest,,,ModItemQuestsDef Beast Text
224176854402,There is a scary <em>Beast</em> in the Cursed Forest,,,ModItemQuestsDef Beast Text
310057242081,The light in <em><SectorName('D17')></em> projects a <em>Beast Signal</em> in the sky,,,ModItemQuestsDef Beast Text
603715414700,The <em>Beast</em> appeared to help wipe out the marauders - perhaps it can speak?,,,ModItemQuestsDef Beast Text
393766392508,"The <em>""Beast""</em> turned out to be a badass <em>old lady</em> in top-notch stealth equipment",,,ModItemQuestsDef Beast Text
762781790155,"The <em>""Beast""</em> lives in a small <em><SectorName('C14')></em> in the Cursed Forest",,,ModItemQuestsDef Beast Text
465410187824,People of <SectorName('D17')> need their friends and family liberated from <em><SectorName('D18')></em>,,,ModItemQuestsDef Beast Text
624550794000,People are not feeling safe in <SectorName('D17')>: <em>Militia</em> is needed,,,ModItemQuestsDef Beast Text
859112961545,People are not happy in <SectorName('D17')>: <em>60 Loyalty</em> is required,,,ModItemQuestsDef Beast Text
463841918873,"The ""Beast"" can now be convinced to fight the <em>Legion</em> forces outside of Ille Morat",,,ModItemQuestsDef Beast Text
750160362284,<em>Wlad</em> and the <em>Beast</em> were very close,,,ModItemQuestsDef Beast Text
212751477995,<em>Outcome:</em> <em>Wlad</em> is dead,,,ModItemQuestsDef Beast Text
183625668434,<em>Outcome:</em> The Beast will help <em>protect</em> the Cursed Forest,,,ModItemQuestsDef Beast Text
878315272342,<em>Outcome:</em> The <em>Beast</em> is dead,,,ModItemQuestsDef Beast Text
927116849698,<em>Outcome:</em> Defeated the <em>Beast</em> of the Cursed Forest,,,ModItemQuestsDef Beast Text
808742645892,trained <em>Militia</em>,,,ModItemQuestsDef Beast SpecialConversationMessage
758586217783,liberated <em>Belle Eau</em>,,,ModItemQuestsDef Beast SpecialConversationMessage
277928713012,Wassergrab,,,ModItemQuestsDef Witch_copy DisplayName
481714140704,There is a wicked <em>Witch</em> at the <em><SectorName('J18')></em>,,,ModItemQuestsDef Witch_copy Text
271039591348,There is a <em>Witch</em> at the <em><SectorName('J18')></em> who seems to be enchanting and sexually abusing the men of <em>Wassergrab</em>,,,ModItemQuestsDef Witch_copy Text
282720427297,There is a <em>Witch</em> at the <em><SectorName('J18')></em> who seems to be enchanting the men of <em>Wassergrab</em>,,,ModItemQuestsDef Witch_copy Text
637993950428,Clue: The <em>Witch's cauldron</em> contains a herbal concoction that can cause short term memory loss,,,ModItemQuestsDef Witch_copy Text
644161589711,Clue: There is a deep hole under the <SectorName('J18')> that looks a lot like a <em>mining shaft</em>,,,ModItemQuestsDef Witch_copy Text
121004431695,<em>Lami</em> from the <em><SectorName('J18')></em> is drugging the men of <em>Wassergrab</em> and forcing them to dig diamonds for her,,,ModItemQuestsDef Witch_copy Text
752147908718,The <em>Witch</em> has summoned her fearsome crocodile guardians,,,ModItemQuestsDef Witch_copy Text
206795564935,The crocodile guardians of the <em><SectorName('J18')></em> are dead and now the <em>Witch</em> can be interrogated,,,ModItemQuestsDef Witch_copy Text
333076070006,<em>Outcome:</em> Lami the <em>Witch</em> will stop exploiting the workers of <em>Wassergrab</em>,,,ModItemQuestsDef Witch_copy Text
997322139649,<em>Outcome:</em> Lami the <em>Witch</em> will continue to exploit the workers from <em>Wassergrab</em> ,,,ModItemQuestsDef Witch_copy Text
622267968145,<em>Outcome:</em> Lami the <em>Witch</em> is dead,,,ModItemQuestsDef Witch_copy Text
107882379888,The Twin Manors,,,ModItemQuestsDef TwinManors_copy DisplayName
778181508123,There is something weird going on at the <em><SectorName('L18')></em>,,,ModItemQuestsDef TwinManors_copy Text
471422397175,There is something weird going on at the <em><SectorName('L18')></em>,,,ModItemQuestsDef TwinManors_copy Text
966823756418,"There is something weird going on at the the <em><SectorName('L18')></em>, and <em>Dr. L'Enfer</em> seems to be involved",,,ModItemQuestsDef TwinManors_copy Text
317344197311,"There has been a series of murders at the <em><SectorName('L18')></em> that culminated in a spectacular double murder during an amateur play of <em>""Romeo and Juliet""</em>",,,ModItemQuestsDef TwinManors_copy Text
999263655262,Clue: There is a rumor that the L'Enfer brothers who once owned the Manors killed each other and have returned as <em>vengeful spirits</em>,,,ModItemQuestsDef TwinManors_copy Text
766648053715,Clue: One of the actors on the stage was performing with a gun loaded with real <em>9 mm HP bullets</em>,,,ModItemQuestsDef TwinManors_copy Text
278670827869,Clue: Found a 9 mm pistol and an unopened box of standard <em>9 mm bullets</em> in the Doctor's desk,,,ModItemQuestsDef TwinManors_copy Text
930687801470,Clue: Found several boxes of <em>9 mm HP bullets</em> in a locked cabinet inside the Van Tassel manor. One of the boxes was already <em>opened</em>,,,ModItemQuestsDef TwinManors_copy Text
949015834158,"Clue: The ""potion"" drunk by one of the actors during the performance contained <em>real poison</em>",,,ModItemQuestsDef TwinManors_copy Text
270267935987,"Clue: The ""potion"" drank by one of the actors during the performance contained <em>strychnine</em>",,,ModItemQuestsDef TwinManors_copy Text
469296105606,Clue: Found <em>cyanide</em> in the Doctor's cabinet,,,ModItemQuestsDef TwinManors_copy Text
870471710924,Clue: Found <em>strychnine</em> in the Le Domas manor,,,ModItemQuestsDef TwinManors_copy Text
587491303563,Clue: A member of one of the Twin Manors families was shot with a <em>9 mm HP bullet</em> and then chopped up with an axe,,,ModItemQuestsDef TwinManors_copy Text
589546325001,Clue: A member of one of the Twin Manors families was choked by forcing a tiny <em>strychnine bottle</em> into her throat,,,ModItemQuestsDef TwinManors_copy Text
768399831148,Clue: The Doctor has dutifully performed <em>autopsies</em> on the murder victims at the Twin Manors,,,ModItemQuestsDef TwinManors_copy Text
710437033787,Clue: The two families own the houses but not the <em>land</em> of the Twin Manors. The land can never be sold to others while there is a living heir,,,ModItemQuestsDef TwinManors_copy Text
857853010981,"Clue: As a descendant of the L'Enfer brothers, <em>Dr. L'Enfer</em> owns the land of the Twin Manors - and the Families own just the buildings",,,ModItemQuestsDef TwinManors_copy Text
100047705770,The <em>Le Domas</em> and <em>Van Tassel</em> families are gathered to hear findings of the <em>murder investigation</em>,,,ModItemQuestsDef TwinManors_copy Text
664455317823,There is no other way but to <em>fight</em> the families at the <em><SectorName('L18')></em>,,,ModItemQuestsDef TwinManors_copy Text
110569990109,<em>Outcome:</em> <em>Dr. L'Enfer</em> was blamed for the murders at the <SectorName('L18')> and <em>executed</em>,,,ModItemQuestsDef TwinManors_copy Text
153864599306,<em>Outcome:</em> The shady <em>doctor</em> at the <SectorName('L18')> is dead,,,ModItemQuestsDef TwinManors_copy Text
377491970491,<em>Outcome:</em> Defeated the murderous <em>Van Tassel</em> and <em>Le Domas</em> families at the <em><SectorName('L18')></em>,,,ModItemQuestsDef TwinManors_copy Text
541475699024,exposed and defeated the murderous <em>Van Tassel</em> and <em>Le Domas</em> Families,,,ModItemQuestsDef TwinManors_copy SpecialConversationMessage
723660035090,defeated the murderous <em>Van Tassel</em> and <em>Le Domas</em> Families,,,ModItemQuestsDef TwinManors_copy SpecialConversationMessage
784829604010,Of Murders and Teddy Bears,,,ModItemQuestsDef Ted_copy DisplayName
499080476726,There are rumors of <em>murders and teddy bears</em> in the Farmlands,,,ModItemQuestsDef Ted_copy Text
998383873461,Someone is murdering people in the Farmlands and placing <em>teddy bears</em> at the scene,,,ModItemQuestsDef Ted_copy Text
176729812517,Time to face the <em>teddy bear maniac</em>,,,ModItemQuestsDef Ted_copy Text
995319950975,<em>Outcome:</em> <em>Teddy</em> the Teddy Bear killer was put to rest,,,ModItemQuestsDef Ted_copy Text
540196714249,killed <em>Ted</em> the teddy bear maniac,,,ModItemQuestsDef Ted_copy SpecialConversationMessage
355951259941,Grimer Hamlet,,,ModItemQuestsDef GrimerHamlet_copy DisplayName
296618143436,There is a virulent disease outbreak in the <em><SectorName('I19')></em>,,,ModItemQuestsDef GrimerHamlet_copy Text
234834978879,There are still some <em>Infected</em> in the houses of <em><SectorName('I19')></em>,,,ModItemQuestsDef GrimerHamlet_copy Text
935392577230,All trapped civilians in the <em><SectorName('I19')></em> have been <em>saved</em>,,,ModItemQuestsDef GrimerHamlet_copy Text
506338622134,The Infected in <em><SectorName('I19')></em> have all broken free!,,,ModItemQuestsDef GrimerHamlet_copy Text
374622059945,Monday from the <em><SectorName('I19')></em> wants his Infected ex-girlfriend <em>Bella</em> and her lovers killed,,,ModItemQuestsDef GrimerHamlet_copy Text
828975379182,<em>Bella</em> is dead,,,ModItemQuestsDef GrimerHamlet_copy Text
472642259879,<em>Outcome:</em> There is finally some peace and quiet in <em><SectorName('I19')></em>,,,ModItemQuestsDef GrimerHamlet_copy Text
349187275730,<em>Outcome:</em> Time for <em>party</em> in the <em><SectorName('I19')></em>!,,,ModItemQuestsDef GrimerHamlet_copy Text
714830943923,<em>Outcome:</em> The outbreak in the <em><SectorName('I19')></em> got out of control,,,ModItemQuestsDef GrimerHamlet_copy Text
550394816519,Fort L'Eau Bleu,,,ModItemQuestsDef TakeTheFortress DisplayName
637512037943,The <em>Legion Outpost</em> on <em>Ernie Island</em> is threatening the <em>nearby village</em>,,,ModItemQuestsDef TakeTheFortress Text
881242259615,The defense of <em><SectorName('I7')></em> can be weakened by completing its Outpost objectives,,,ModItemQuestsDef TakeTheFortress Text
443476251653,<em>Outcome:</em> Defeated <em>Pierre</em> and took control of <em><SectorName('I7')></em>,,,ModItemQuestsDef TakeTheFortress Text
426282402523,Herman is missing,,,ModItemQuestsDef RescueHerMan DisplayName
723192132008,<em>Martha</em> is looking for her husband who was kidnapped by the <em>Legion</em>,,,ModItemQuestsDef RescueHerMan Text
956422433160,<em>Herman</em> snitched on his neighbor <em>Tinhay</em> who was then executed by the Legion,,,ModItemQuestsDef RescueHerMan Text
150226461771,Rescued <em>Herman</em> and he promised a reward once he returns to the <em><SectorName('I5')></em>,,,ModItemQuestsDef RescueHerMan Text
764642319165,Herman will return to the <em><SectorName('I5')></em> once it is safe,,,ModItemQuestsDef RescueHerMan Text
698124792962,There is some kind of commotion in the <em><SectorName('I5')></em>,,,ModItemQuestsDef RescueHerMan Text
255126042708,<em>Herman</em> promised a <em>reward</em> for rescuing him,,,ModItemQuestsDef RescueHerMan Text
569436381213,<em>Outcome:</em> <em>Herman's</em> involvement in Tinhay's murder was not revealed,,,ModItemQuestsDef RescueHerMan Text
222085418672,<em>Outcome:</em> Exposed <em>Herman's</em> involvement in Tinhay's murder,,,ModItemQuestsDef RescueHerMan Text
249811929640,<em>Outcome:</em> <em>Herman</em> was hanged in the <em><SectorName('I5')></em>,,,ModItemQuestsDef RescueHerMan Text
946221282530,<em>Outcome:</em> Prevented the hanging in the <em><SectorName('I5')></em>,,,ModItemQuestsDef RescueHerMan Text
698807734454,<em>Outcome:</em> <em>Luc</em> was hanged in the <em><SectorName('I5')></em>,,,ModItemQuestsDef RescueHerMan Text
617786889079,<em>Outcome:</em> <em>Martha</em> left the <em><SectorName('I5')></em>,,,ModItemQuestsDef RescueHerMan Text
816146453546,<em>Outcome:</em> <em>Martha</em> and <em>Herman</em> left the <em><SectorName('I5')></em>,,,ModItemQuestsDef RescueHerMan Text
768490469452,Fooling Pierre,,,ModItemQuestsDef LegionFlag DisplayName
742636028144,raised a <em>Legion flag</em>,,,ModItemQuestsDef LegionFlag SpecialConversationMessage
528963884172,Bastien,,,ModItemQuestsDef JoseFamily DisplayName
689226840458,Met a shady guy named <em>Bastien</em> at the beach of <SectorName('I1')>,,,ModItemQuestsDef JoseFamily Text
720317896743,Bastien and his family have a hideout in <em><SectorName('I6')></em>,,,ModItemQuestsDef JoseFamily Text
461949980058,Bastien has a <em>diamond stash</em> somewhere,,,ModItemQuestsDef JoseFamily Text
773878606053,<em>Outcome:</em> Tricked Bastien's family and turned them against him,,,ModItemQuestsDef JoseFamily Text
202914304432,<em>Outcome:</em> Disarmed Bastien's family,,,ModItemQuestsDef JoseFamily Text
924430268458,<em>Bastien</em> has disappeared,,,ModItemQuestsDef JoseFamily Text
927872117801,Bastien is in the <em><SectorName('F13')></em>,,,ModItemQuestsDef JoseFamily Text
420499955778,Bastien is in the <em><SectorName('F13')></em>,,,ModItemQuestsDef JoseFamily Text
251740631217,<em>Outcome:</em> Forced Bastien to help the people in the <em><SectorName('F13')></em>,,,ModItemQuestsDef JoseFamily Text
926170296609,<em>Outcome:</em> Took part in Bastien's shady deals in the <em><SectorName('F13')></em>,,,ModItemQuestsDef JoseFamily Text
806420751393,<em>Outcome:</em> Killed <em>Bastien</em>,,,ModItemQuestsDef JoseFamily Text
197382987239,Helping Ernie Village,,,ModItemQuestsDef FortifyErnie DisplayName
809144720392,Basil needs a Browning .50 cal. <em>machine gun</em> to protect the <em><SectorName('I5')></em>,,,ModItemQuestsDef FortifyErnie Text
990717185362,There is a Browning <em>machine gun</em> in the bunker at <em><SectorName('I6')></em>,,,ModItemQuestsDef FortifyErnie Text
696808655976,Found a <em>machine gun</em> such as the one requested by <em>Basil</em> from the <em><SectorName('I5')></em>,,,ModItemQuestsDef FortifyErnie Text
826675773932,<em>Outcome:</em> Gave the Browning .50 cal. <em>machine gun</em> to Basil,,,ModItemQuestsDef FortifyErnie Text
495827247577,<em>Outcome:</em> Refused to give Basil the Browning .50 cal. <em>machine gun</em>,,,ModItemQuestsDef FortifyErnie Text
188867442685,<em>Operation</em>: Train <em>Militia</em> in the <em><SectorName('I5')></em>,,,ModItemQuestsDef FortifyErnie Text
864094482022,Trained <em>Militia</em> to protect the <em><SectorName('I5')></em>,,,ModItemQuestsDef FortifyErnie Text
376428242327,"<em>Outcome:</em> Fortified the <em><SectorName('I5')></em> with Militia and a Machine Gun
",,,ModItemQuestsDef FortifyErnie Text
845156775611,"<em>Outcome:</em> Fortified the <em><SectorName('I5')></em> with Militia but no Machine Gun
",,,ModItemQuestsDef FortifyErnie Text
730345218781,<em>Reinforcements</em>: It is a matter of time before someone notices that the bunker is under attack,,,ModItemQuestsDef FortifyErnie Text
797029168022,<em>Reinforcements failed</em>: No one noticed that the <em>bunker</em> was under attack,,,ModItemQuestsDef FortifyErnie Text
818042937827,provided a <em>machine gun</em>,,,ModItemQuestsDef FortifyErnie SpecialConversationMessage
948323938551,trained <em>Militia</em>,,,ModItemQuestsDef FortifyErnie SpecialConversationMessage
933129543212,Enemy reinforcements,,,ModItemQuestsDef ErnieSideQuests Label
156911420607,Доки,,,ModItemQuestsDef Docks DisplayName
707784823752,В доках когда-то орудовала знаменитая банда «<color EmStyle>Кофейные бобы</color>»,,,ModItemQuestsDef Docks Text
452253172930,"Членов банды «Кофейные бобы» (<color EmStyle>Малышку Вилму</color>, <color EmStyle>Кайлу-Потрошительницу</color>, <color EmStyle>Дикую Магду</color>, <color EmStyle>Старуху Винни</color> и <color EmStyle>Стукнутую Ханну</color>) можно убедить собраться снова, чтобы защитить <color EmStyle></color>",,,ModItemQuestsDef Docks Text
406832672521,"Операция «<color EmStyle>Ночь ""Н""</color>»: <color EmStyle>Малышка Вилма</color> согласна сражаться",,,ModItemQuestsDef Docks Text
672264534327,"Операция «<color EmStyle>Ночь ""Н""</color>»: <color EmStyle>Кайла-Потрошительница</color> согласна сражаться",,,ModItemQuestsDef Docks Text
160004139138,"Операция «<color EmStyle>Ночь ""Н""</color>»: <color EmStyle>Дикая Магда</color> согласна сражаться",,,ModItemQuestsDef Docks Text
229741643858,"Операция «<color EmStyle>Ночь ""Н""</color>»: <color EmStyle>Старуха Винни</color> согласна сражаться",,,ModItemQuestsDef Docks Text
506817616492,"Операция «<color EmStyle>Ночь ""Н""</color>»: <color EmStyle>Стукнутая Ханна</color> согласна сражаться",,,ModItemQuestsDef Docks Text
684342013446,"Операция «<color EmStyle>Ночь ""Н""</color>»: саперы Пьера из <color EmStyle>форта</color> не придут",,,ModItemQuestsDef Docks Text
131003291514,"Операция «<color EmStyle>Ночь ""Н""</color>»: <color EmStyle>Рыцари Помойки</color> помогут защищать ",,,ModItemQuestsDef Docks Text
669464240961,В ночь <color EmStyle>1 АПР</color> Легион планирует штурмовать <color EmStyle></color>,,,ModItemQuestsDef Docks Text
440810216839,Легион штурмует <color EmStyle></color>!,,,ModItemQuestsDef Docks Text
207637704839,Легион захватил <color EmStyle></color>!,,,ModItemQuestsDef Docks Text
726575657579,<color EmStyle></color>: банда «<color EmStyle>Кофейные бобы</color>» оказалась в заложниках у Легиона,,,ModItemQuestsDef Docks Text
158337034728,"Легион взял в заложники банду «<color EmStyle>Кофейные бобы</color>»; если не обезвредить <color EmStyle>взрывчатку</color>, великолепные старухи погибнут",,,ModItemQuestsDef Docks Text
260558522004,<color EmStyle>Результат:</color> <color EmStyle><CacaoGang></color> из «<color EmStyle>Кофейных бобов</color>» снова вместе,,,ModItemQuestsDef Docks Text
861803185499,<color EmStyle>Результат:</color> <color EmStyle><CacaoGangDead></color> из «<color EmStyle>Кофейных бобов</color>» присоединились к покойной Мамаше Бакстер,,,ModItemQuestsDef Docks Text
603172503084,"<color EmStyle>Результат:</color> Легион побеждён, <color EmStyle></color> освобождены",,,ModItemQuestsDef Docks Text
570960033999,<color EmStyle>Результат:</color> члены банды «<color EmStyle>Кофейные бобы</color>» спасены,,,ModItemQuestsDef Docks Text
807961064137,<color EmStyle>Результат:</color> <color EmStyle>Бабуся Коани</color> мертва,,,ModItemQuestsDef Docks Text
673156834012,<color EmStyle>Результат:</color> «<color EmStyle>Кофейные бобы</color>» снова вместе,,,ModItemQuestsDef Docks Text
911820358036,"операция <color EmStyle>«Ночь ""Н""»</color> прошла успешно",,,ModItemQuestsDef Docks SpecialConversationMessage
251738358031,Обезвредить бомбы,,,ModItemQuestsDef Docks Label
743056658175,обезвредили бомбы,,,ModItemQuestsDef Docks SpecialConversationMessage
872216840378,сорвали операцию <color EmStyle>Ночь «Н»</color>,,,ModItemQuestsDef Docks SpecialConversationMessage
629044220908,The Dump,,,ModItemQuestsDef TheTrashFief DisplayName
768387467094,<em>Two factions</em> are quarrelling for control over <em><SectorName('L9')></em>,,,ModItemQuestsDef TheTrashFief Text
749427367190,<em><DumpPacified></em> combatants at <em><SectorName('L9')></em> convinced to drop the conflict,,,ModItemQuestsDef TheTrashFief Text
268000587039,Sided with the <em>Knights</em>: the Nobles must be defeated at <em><SectorName('L9')></em>,,,ModItemQuestsDef TheTrashFief Text
161737850440,Sided with the <em>Nobles</em>: the Knights must be defeated at <em><SectorName('L9')></em>,,,ModItemQuestsDef TheTrashFief Text
805522244232,<em>Itsadi</em> disapproves of the conflict between the Baronne and Dirty Henri,,,ModItemQuestsDef TheTrashFief Text
666425930927,<em>Outcome:</em> Convinced the Knights and Nobles to <em>drop the conflict</em> over <em><SectorName('L9')></em>,,,ModItemQuestsDef TheTrashFief Text
834972108479,<em>Outcome:</em> The <em>Legion</em> resolved the conflict between the Nobles and the Knights in their own way,,,ModItemQuestsDef TheTrashFief Text
963988164206,<em>Outcome:</em> The <em>Junkyard Knights</em> will protect <em><SectorName('L9')></em>,,,ModItemQuestsDef TheTrashFief Text
650584272084,<em>Outcome:</em> The <em>Junkyard Nobles</em> granted a concession for the <em>Junk Fields</em> at <em><SectorName('L9')></em>,,,ModItemQuestsDef TheTrashFief Text
726128822770,<em>Operation</em>: <em>Harvest Junk</em> is available at <em><SectorName('L9')></em>,,,ModItemQuestsDef TheTrashFief Text
976946003300,established peace at the <em>Dump</em>,,,ModItemQuestsDef TheTrashFief SpecialConversationMessage
749306305658,Museum of the Adjani,,,ModItemQuestsDef PortCacaoSideQuests DisplayName
526830910010,<em>Emma</em> is under attack by the Legion in <em><SectorName('L8')></em>,,,ModItemQuestsDef PortCacaoSideQuests Text
346921838396,<em>Emma</em> is under attack by the Legion in <em><SectorName('L8')></em>,,,ModItemQuestsDef PortCacaoSideQuests Text
804431924210,Time to check if <em>Emma</em> is okay,,,ModItemQuestsDef PortCacaoSideQuests Text
340656300217,The <em>Legion</em> is attacking!,,,ModItemQuestsDef PortCacaoSideQuests Text
566193673182,"<em>Emma</em> is in <em><SectorName('L8')></em>, waiting for her father to be saved",,,ModItemQuestsDef PortCacaoSideQuests Text
257832555283,<em>Reinforcements</em>: There are Legion troops coming from the <em>sea</em>,,,ModItemQuestsDef PortCacaoSideQuests Text
972454327803,<em>Reinforcements failed</em>: The Legion troops from the <em>Docks</em> did not appear because of terminal allergy to <em>Coffee Beans</em>,,,ModItemQuestsDef PortCacaoSideQuests Text
767208885291,<em>Reinforcements</em>: There are Legion troops coming from the <em>jungle</em>,,,ModItemQuestsDef PortCacaoSideQuests Text
481289900173,<em>Reinforcements failed</em>: The Legion troops from the <em>jungle</em> did not appear because life coaching got in the way,,,ModItemQuestsDef PortCacaoSideQuests Text
783829898899,<em>Reinforcements</em>: There are Legion troops coming from a nearby <em>mine</em> that are disguised as mine workers,,,ModItemQuestsDef PortCacaoSideQuests Text
951344825484,<em>Reinforcements failed</em>: The Legion troops from <em>Old Diamond</em> did not appear because of terminal affliction of Impostor syndrome,,,ModItemQuestsDef PortCacaoSideQuests Text
194061516070,Emma needs <em>archeological treasures</em> that will be presented in a future Museum of the Adjani in <em><SectorName('L8')></em>,,,ModItemQuestsDef PortCacaoSideQuests Text
248229167517,Emma can send <em>militia</em> to <em><EmmaTreasures></em> location(s),,,ModItemQuestsDef PortCacaoSideQuests Text
269861635377,The <em>gouverneur</em> in <em><SectorName('L8')></em> can be convinced to provide funding for Emma's <em>Museum of the Adjani</em>,,,ModItemQuestsDef PortCacaoSideQuests Text
702670558963,The gouverneur agreed to provide payment for <em>treasures</em> brought to Emma for the <em>Museum</em>,,,ModItemQuestsDef PortCacaoSideQuests Text
823772119772,Received clearance to speak with <em>Col. Faucheux</em> in <em><SectorName('L17')></em>,,,ModItemQuestsDef PortCacaoSideQuests Text
226408276853,Col. Faucheux keeps valuable <em>art pieces</em> hidden at <em><SectorName('L17')></em> inside something that is a <em>work of art</em> itself ,,,ModItemQuestsDef PortCacaoSideQuests Text
648626130406,<em>Outcome:</em> <em>Emma</em> left <em><SectorName('L8')></em>,,,ModItemQuestsDef PortCacaoSideQuests Text
431997131849,<em>Outcome:</em> <em>Emma</em> was forced to leave <em><SectorName('L8')></em>,,,ModItemQuestsDef PortCacaoSideQuests Text
347070983402,<em>Outcome:</em> <em><EmmaTreasuresTotal> treasures</em> donated for the <em>Museum of the Adjani</em>,,,ModItemQuestsDef PortCacaoSideQuests Text
171883094102,Enemy Reinforcements Incoming,,,ModItemQuestsDef PortCacaoSideQuests Label
716528245525,"""Old Diamond"" Mine",,,ModItemQuestsDef OldDiamond DisplayName
921137948349,There are suspicious <em>night</em> operations at the <em><SectorName('K10')></em> mine,,,ModItemQuestsDef OldDiamond Text
642269560267,There are <em>armed men</em> pretending to be <em>night</em> shift miners at the <em><SectorName('K10')></em> mine,,,ModItemQuestsDef OldDiamond Text
832022538136,The <em>Legion impostors</em> at the <em><SectorName('K10')></em> mine have a secret deal with <em>Directeur Fournier</em>,,,ModItemQuestsDef OldDiamond Text
106180772631,<em>Outcome:</em> Exposed <em>Fournier's</em> dealings with the <em>Legion</em>,,,ModItemQuestsDef OldDiamond Text
296255283249,<em>Outcome:</em> The <em>Legion impostors</em> at the <em><SectorName('K10')></em> mine are dead,,,ModItemQuestsDef OldDiamond Text
534627597369,<em>Outcome:</em> <em>Fournier</em> is dead,,,ModItemQuestsDef OldDiamond Text
570338294442,Headshot Hue,,,ModItemQuestsDef AyeMom DisplayName
424240938925,<em>Headshot Hue</em> at the <em><SectorName('N13')></em> needs a <em>red wig</em> to play a prank on the bartender <em>Lurch</em>,,,ModItemQuestsDef AyeMom Text
592779994694,<em>Headshot Hue</em> at the <em><SectorName('N13')></em> needs the <em>wig</em> to dress like Lurch's mom in order to convince him to give up the <em>shotgun</em>,,,ModItemQuestsDef AyeMom Text
597499839060,Found a totally inconspicuous <em>Red curly wig</em>,,,ModItemQuestsDef AyeMom Text
372893050438,A suitable <em>wig</em> can be found at the <em>junk dealer's shop</em> in <em><SectorName('L8')></em> and on the head of the <em>Baroness</em> of <em><SectorName('L9')></em>,,,ModItemQuestsDef AyeMom Text
435695865334,<em>Ma Baxter's Shotgun</em> is in the hands of <em>Headshot Hue</em> at the <em><SectorName('N13')></em>,,,ModItemQuestsDef AyeMom Text
922856971797,<em>Granny Cohani</em> at the <em><SectorName('N13')></em> is ready to give an arm and a leg for <em>Ma Baxter's Shotgun</em>,,,ModItemQuestsDef AyeMom Text
389607857494,<em>Outcome:</em> Took possession of <em>Ma Baxter's Shotgun</em>,,,ModItemQuestsDef AyeMom Text
877589834185,<em>Outcome:</em> Staged the performance of the century at the <em>Aye Bar</em>,,,ModItemQuestsDef AyeMom Text
873806759012,<em>Outcome:</em> Sold <em>Ma Baxter's Shotgun</em> to <em>Granny Cohani</em>,,,ModItemQuestsDef AyeMom Text
744546023148,<em>Outcome:</em> Donated <em>Ma Baxter's Shotgun</em> to <em>Granny Cohani</em>,,,ModItemQuestsDef AyeMom Text
137536286495,<em>Outcome:</em> <em>Headshot Hue</em> is dead,,,ModItemQuestsDef AyeMom Text
998690725175,<em>Outcome:</em> <em>Lurch</em> is dead,,,ModItemQuestsDef AyeMom Text
904922953035,helped <em>Headshot Hue</em> play a prank on Lurch,,,ModItemQuestsDef AyeMom SpecialConversationMessage
594145631578,Incoming Artillery Fire!,,,ModItemQuestsDef _TestQuest Label
194281324692,killed <em>Granny Cohani</em>,,,ModItemQuestsDef _GroupsAttacked SpecialConversationMessage
661171436265,<em>Granny Cohani</em> is dead,,,ModItemQuestsDef _GroupsAttacked SpecialConversationMessage
189629359594,<em>Wilma</em> is dead,,,ModItemQuestsDef _GroupsAttacked SpecialConversationMessage
183087941828,<em>Kayla</em> is dead,,,ModItemQuestsDef _GroupsAttacked SpecialConversationMessage
666405872429,<em>Trudy</em> is dead,,,ModItemQuestsDef _GroupsAttacked SpecialConversationMessage
638332508559,<em>Vinnie</em> is dead,,,ModItemQuestsDef _GroupsAttacked SpecialConversationMessage
517311712018,<em>Mad Hannah</em> is dead,,,ModItemQuestsDef _GroupsAttacked SpecialConversationMessage
188104313440,killed <em>Lurch</em>,,,ModItemQuestsDef _GroupsAttacked SpecialConversationMessage
787997680197,<em>Lurch</em> is dead,,,ModItemQuestsDef _GroupsAttacked SpecialConversationMessage
113067280988,<em>Headshot Hue</em> is dead,,,ModItemQuestsDef _GroupsAttacked SpecialConversationMessage
462091358371,killed <em>Sangoma</em>,,,ModItemQuestsDef _GroupsAttacked SpecialConversationMessage
607653396789,killed <em>Karen</em>,,,ModItemQuestsDef _GroupsAttacked SpecialConversationMessage
346560827614,<em>Karen</em> is dead,,,ModItemQuestsDef _GroupsAttacked SpecialConversationMessage
371008253550,killed <em>Bastien</em>,,,ModItemQuestsDef _GroupsAttacked SpecialConversationMessage
376889355175,killed <em>Bastien</em>,,,ModItemQuestsDef _GroupsAttacked SpecialConversationMessage
914544399329,killed <em>Bastien</em>,,,ModItemQuestsDef _GroupsAttacked SpecialConversationMessage
857243623636,<em>Captain Pierrot</em> is dead,,,ModItemQuestsDef _GroupsAttacked SpecialConversationMessage
428159012143,<em>Captain Pierrot</em> is dead,,,ModItemQuestsDef _GroupsAttacked SpecialConversationMessage
798243436486,<em>Captain Pierrot</em> is dead,,,ModItemQuestsDef _GroupsAttacked SpecialConversationMessage
354568382170,<em>Wlad</em> is dead,,,ModItemQuestsDef _GroupsAttacked SpecialConversationMessage
679296928163,killed the <em>Beast</em>,,,ModItemQuestsDef _GroupsAttacked SpecialConversationMessage
747147876113,the <em>Beast</em> is dead,,,ModItemQuestsDef _GroupsAttacked SpecialConversationMessage
407171575937,<em>Deedee</em> is dead,,,ModItemQuestsDef _GroupsAttacked SpecialConversationMessage
704078630965,<em>Lami the Witch</em> is dead,,,ModItemQuestsDef _GroupsAttacked SpecialConversationMessage
558950708412,<em>Lami the Witch</em> is dead,,,ModItemQuestsDef _GroupsAttacked SpecialConversationMessage
989152608257,<em>Monday</em> is dead,,,ModItemQuestsDef _GroupsAttacked SpecialConversationMessage
556394482809,<em>Foreman</em> is dead,,,ModItemQuestsDef _GroupsAttacked SpecialConversationMessage
339344631215,<em>Lalee</em> is dead,,,ModItemQuestsDef _GroupsAttacked SpecialConversationMessage
101378089958,<em>Father Tooker</em> is dead,,,ModItemQuestsDef _GroupsAttacked SpecialConversationMessage
650520032834,<em>Mollie</em> is dead,,,ModItemQuestsDef _GroupsAttacked SpecialConversationMessage
420411030437,<em>Mollie</em> is dead,,,ModItemQuestsDef _GroupsAttacked SpecialConversationMessage
619753576527,humiliated <em>Boss Blaubert</em>,,,ModItemQuestsDef _GroupsAttacked SpecialConversationMessage
434627353264,<em>Mole</em> is dead,,,ModItemQuestsDef _GroupsAttacked SpecialConversationMessage
602288734358,"the <em>""Ghost""</em> is dead",,,ModItemQuestsDef _GroupsAttacked SpecialConversationMessage
950020693537,the <em>Hermit</em> is dead,,,ModItemQuestsDef _GroupsAttacked SpecialConversationMessage
770518160892,<em>Tim Turtledove</em> is dead,,,ModItemQuestsDef _GroupsAttacked SpecialConversationMessage
872793454470,humiliated <em>Chimurenga</em>,,,ModItemQuestsDef _GroupsAttacked SpecialConversationMessage
532981010128,<em>Chimurenga</em> is dead,,,ModItemQuestsDef _GroupsAttacked SpecialConversationMessage
847307491894,<em>Maman Liliane</em> is dead,,,ModItemQuestsDef _GroupsAttacked SpecialConversationMessage
876290822410,<em>Mr. Fournier</em> is dead,,,ModItemQuestsDef _GroupsAttacked SpecialConversationMessage
397753817926,<em>Mr. Fournier</em> will not deal with the Legion anymore,,,ModItemQuestsDef _GroupsAttacked SpecialConversationMessage
744328407837,<em>Gouverneur Le Pingouin</em> is dead,,,ModItemQuestsDef _GroupsAttacked SpecialConversationMessage
161736624688,the <em>Baronne</em> is dead,,,ModItemQuestsDef _GroupsAttacked SpecialConversationMessage
649229418515,<em>Dirty Henri</em> is dead,,,ModItemQuestsDef _GroupsAttacked SpecialConversationMessage
605973716216,killed <em>Slave Master Graaf</em>,,,ModItemQuestsDef _GroupsAttacked SpecialConversationMessage
387144439693,<em>Flay</em> is dead,,,ModItemQuestsDef _GroupsAttacked SpecialConversationMessage
405729786301,<em>Hyena Gilbert</em> is dead,,,ModItemQuestsDef _GroupsAttacked SpecialConversationMessage
600870771451,<em>King Chicken</em> is dead,,,ModItemQuestsDef _GroupsAttacked SpecialConversationMessage
773312681459,<em>Justine</em> is dead,,,ModItemQuestsDef _GroupsAttacked SpecialConversationMessage
810522715705,<em>Mario</em> is dead,,,ModItemQuestsDef _GroupsAttacked SpecialConversationMessage
391945299823,It's A Trap!,,,ModItemQuestsDef TimedTrap Label
126002992863,Браунинг .50,,,ModItemInventoryItemCompositeDef Jazz_Browning_MuchineGun DisplayName
861955157003,Браунинги .50,,,ModItemInventoryItemCompositeDef Jazz_Browning_MuchineGun DisplayNamePlural
349426689660,"Пулемёт Браунинг калибра 12.7х99, С РУК НЕ СТРЕЛЯТЬ!!!",,,ModItemInventoryItemCompositeDef Jazz_Browning_MuchineGun Description
773306762695,Без Триноги.,,,ModItemInventoryItemCompositeDef Jazz_Browning_MuchineGun AdditionalHint
842567173624,Тринога для пулемёта Браунинг .50,,,ModItemInventoryItemCompositeDef Jazz_Browning_Bench DisplayName
204691184640,Триноги для пулемёта Браунинг .50,,,ModItemInventoryItemCompositeDef Jazz_Browning_Bench DisplayNamePlural
374492121427,Станок для установки крупнокалиберного пулемёта Браунинг,,,ModItemInventoryItemCompositeDef Jazz_Browning_Bench Description
729018809211,"Большая, тяжелая хреновина",,,ModItemInventoryItemCompositeDef Jazz_Browning_Bench AdditionalHint
732750682366,Ящики с боеприпасами и гранатами,,,ModItemInventoryItemCompositeDef JazzQuestItem_AmmoBox DisplayName
914914835655,Ящики с боеприпасами и гранатами,,,ModItemInventoryItemCompositeDef JazzQuestItem_AmmoBox DisplayNamePlural
184516975474,"Боеприпасы, которые нужно доставить.",,,ModItemInventoryItemCompositeDef JazzQuestItem_AmmoBox Description
872338951889,Ящики с минами,,,ModItemInventoryItemCompositeDef JazzQuestItem_MinesBox DisplayName
372768478709,Ящики с минами,,,ModItemInventoryItemCompositeDef JazzQuestItem_MinesBox DisplayNamePlural
230383098782,"ОСТОРОЖНО, НЕ РОНЯТЬ, НЕ ТРЯСТИ!!!",,,ModItemInventoryItemCompositeDef JazzQuestItem_MinesBox Description
131645275533,"Спасибо вам наемники и потише, через дорогу прорва этих мудаков, я возвращаюсь в лагерь к нашим.",,Rebel_Hostage,ModItemBanterDef RebelHostage Text section:Ernie_Rebels/RebelHostage 
471942212687,"Спасибо, ещё повоюем",,current,ModItemBanterDef InjuredRebel Text section:Ernie_Rebels/InjuredRebel  unit
377216132481,"Блядь, надо скорее готовить оборону маяка, авангард красно-черных пидоров уже тут!",,Ivan,ModItemBanterDef JazzErnieDoctorAmmoTaken Text section:Ernie_Rebels/JazzErnieDoctorAmmoTaken 
529197123653,"Легион пожаловал, надо навалять им, забирать мины и возвращаться!",,any,ModItemBanterDef JazzErnieDoctorAmmoTaken Text section:Ernie_Rebels/JazzErnieDoctorAmmoTaken  merc
338665690197,"А доктор не соврал, видимо очень нужен им этот маяк, к бою!",,Buns,ModItemBanterDef JazzErnieDoctorAmmoTaken Text section:Ernie_Rebels/JazzErnieDoctorAmmoTaken 
512817398034,"О, смертнички пожаловали, делаем дело, берём мины и сваливаем к доктору, видимо будет жарко!",,any,ModItemBanterDef JazzErnieDoctorAmmoTaken Text section:Ernie_Rebels/JazzErnieDoctorAmmoTaken  merc
145449857928,Camera,,,
358005945497,"Пожалуйста, не говорите им! Умоляю!",,Herman,ModItemBanterDef Herman_03_Lynch Text section:Banters_Local_Ernie/Herman_03_Lynch (whispering) 
690319261962,"Спасибо, что промолчали. Вот, это за мое спасение. Я кое-что скопил, чтобы мы с Мартой могли свалить отсюда как можно быстрее. Уверен, вы меня понимаете.",,Hanging_Herman,ModItemBanterDef Herman_04_PostLynch_Luc Text section:Banters_Local_Ernie/Herman_04_PostLynch_Luc 
841055887276,"Что ж, я усвоил урок! Нельзя доверять мародерам. Вот, это за мое спасение. Я кое-что скопил, чтобы мы с Мартой могли свалить отсюда как можно быстрее.",,Hanging_Herman,ModItemBanterDef Herman_04_PostLynch_NoOne Text section:Banters_Local_Ernie/Herman_04_PostLynch_NoOne 
558745820525,"Спасибо, что вырвали моего Германа из грязных лап Диди.",,Martha,ModItemBanterDef Martha_01_Lynch Text section:Banters_Local_Ernie/Martha_01_Lynch 
790945781681,"Герман рассказывал, как помог вам разбираться с боевиками!

Я притворялась, что верила ему.",,Martha,ModItemBanterDef Martha_01_Lynch2 Text section:Banters_Local_Ernie/Martha_01_Lynch2 
347177621288,"А ведь я предупреждала. Говорила: «‎Герман! Держись подальше от этой Диди, она тебя погубит!» И я была права.",,Martha,ModItemBanterDef Martha_02_PostLynch_Herman Text section:Banters_Local_Ernie/Martha_02_PostLynch_Herman 
511249329533,"Что ж, думаю, он получил по заслугам! Я забираю Германа с этого проклятого острова!",,Martha,ModItemBanterDef Martha_02_PostLynch_Luc Text section:Banters_Local_Ernie/Martha_02_PostLynch_Luc 
729791364200,"Если кто и доведёт моего Германа до петли, то только я сама!",,Martha,ModItemBanterDef Martha_02_PostLynch_NoOne Text section:Banters_Local_Ernie/Martha_02_PostLynch_NoOne 
895051116559,Мне страшно выходить за окраину. Бандиты из <em>форта</em> могут убить - или еще чего похуже!,,CivilianFemale_1,ModItemBanterDef Ernie_VillagerFemale_12 Text section:Banters_Local_Ernie/Ernie_VillagerFemale_12 Fort not taken 
144948164886,"Пожалуйста, отбейте <em>форт</em> у чужаков! Я знаю: они там занимаются секретными экспериментами. Хотят разработать страшный вирус, чтобы мы все сошли с ума!",,CivilianFemale_1,"ModItemBanterDef Ernie_VillagerFemale_13 Text section:Banters_Local_Ernie/Ernie_VillagerFemale_13 Fort not taken, world flip "
543581619865,Такого не может быть... Или может?,,MD,ModItemBanterDef Ernie_VillagerFemale_13 Text section:Banters_Local_Ernie/Ernie_VillagerFemale_13 
827070197838,"Я знаю: вы захватили форт, чтобы проводить там секретные эксперименты. Вам должно быть стыдно.",,CivilianFemale_1,ModItemBanterDef Ernie_VillagerFemale_14 Text section:Banters_Local_Ernie/Ernie_VillagerFemale_14 Fort taken 
270674515672,"Говорят, в <em>Жестянке</em> можно найти немало металлолома.",,CivilianMale_2,ModItemBanterDef Ernie_VillagerMale_05 Text section:Banters_Local_Ernie/Ernie_VillagerMale_05 
630893818309,"Похоже, не повредит туда еще наведаться.",,Vicki,ModItemBanterDef Ernie_VillagerMale_05 Text section:Banters_Local_Ernie/Ernie_VillagerMale_05 
786532582794,"Я вчера рыбачил неподалеку от <em>форта</em> - так эти мерзавцы принялись палить по моей лодке! Я прямо слышал, как они хохочут, пока я оттуда улепетывал.",,CivilianMale_1,ModItemBanterDef Ernie_VillagerMale_17 Text section:Banters_Local_Ernie/Ernie_VillagerMale_17 Fort not taken 
473513140256,Не переживай. Моря на всех хватит. По опыту говорю.,,Scully,ModItemBanterDef Ernie_VillagerMale_17 Text section:Banters_Local_Ernie/Ernie_VillagerMale_17 
125772780842,"Вы ведь не позволите этим бандитам вновь занять <em>форт</em>, да? Там у берега самое рыбное место!",,CivilianMale_1,ModItemBanterDef Ernie_VillagerMale_18 Text section:Banters_Local_Ernie/Ernie_VillagerMale_18 Fort taken 
604838824711,"Это правда, что они там в <em>форте</em> конструировали установку, управляющую погодой?",,CivilianMale_2,"ModItemBanterDef Ernie_VillagerMale_19 Text section:Banters_Local_Ernie/Ernie_VillagerMale_19 Fort taken, world flip "
227014618373,Скажете тоже... Как вам это только в голову взбрело?,,Sidney,ModItemBanterDef Ernie_VillagerMale_19 Text section:Banters_Local_Ernie/Ernie_VillagerMale_19 
650594671395,Это секретная информация. Кыш!,,Ivan,ModItemBanterDef Ernie_VillagerMale_19 Text section:Banters_Local_Ernie/Ernie_VillagerMale_19 
347219299427,"Мы не можем ни подтвердить, ни опровергнуть информацию о секретной установке по управлению погодой.",,Shadow,ModItemBanterDef Ernie_VillagerMale_19 Text section:Banters_Local_Ernie/Ernie_VillagerMale_19 
205854929753,"Отнекивайтесь сколько угодно. Я-то знаю, что масоны с вас взяли расписку о неразглашении.",,CivilianMale_2,"ModItemBanterDef Ernie_VillagerMale_19 Text section:Banters_Local_Ernie/Ernie_VillagerMale_19 Fort taken, world flip "
163925737506,Пора разобраться с <em>Сантьяго</em>. Когда соберетесь штурмовать форт - рейнджеры Эрни вам помогут.,,Pierre,ModItemBanterDef Ernie_Pierre_06 Text section:Banters_Local_Ernie/Ernie_Pierre_06 Fort not taken - NOT USED 
728030978950,Ну наконец-то: алчных иностранцев вышвырнули из моей страны. Теперь у нас есть шанс ее восстановить.,,Pierre,ModItemBanterDef Ernie_Pierre_07 Text section:Banters_Local_Ernie/Ernie_Pierre_07 Corazon defeated 
966695000937,"Когда штурмуем форт? Вы снимете часовых метательными ножами, а потом перебьете весь гарнизон в рукопашной, да?",,BillyBoy,"ModItemBanterDef Ernie_Billy_07 Text section:Banters_Local_Ernie/Ernie_Billy_07 world flip, Fort not taken "
291022849378,"Что? Ты что, за мной следил?",,Blood,ModItemBanterDef Ernie_Billy_07 Text section:Banters_Local_Ernie/Ernie_Billy_07 
725201681582,Ты смотрел слишком много фильмов... но ты недалек от истины.,,DrQ,ModItemBanterDef Ernie_Billy_07 Text section:Banters_Local_Ernie/Ernie_Billy_07 
297696721772,"Да. Смотри, не разболтай мой план. Будешь держать язык за зубами - попрошу объявить тебе благодарность.",,Igor,ModItemBanterDef Ernie_Billy_07 Text section:Banters_Local_Ernie/Ernie_Billy_07 
866930957878,"Это было КРУТО! Вы прямо ворвались в форт - и такие: тра-та-та! Пиу, пиу, пиу! БА-БАХ!",,BillyBoy,"ModItemBanterDef Ernie_Billy_08 Text section:Banters_Local_Ernie/Ernie_Billy_08 world flip, Fort taken "
339720391638,"Я попрошу Базиля построить в форте тир для базук, чтобы вы смогли устраивать там стрельбища!",,BillyBoy,"ModItemBanterDef Ernie_Billy_09 Text section:Banters_Local_Ernie/Ernie_Billy_09 world flip, Fort taken "
969050015016,Вот бы про вас тоже сняли фильм!,,BillyBoy,ModItemBanterDef Ernie_Billy_10 Text section:Banters_Local_Ernie/Ernie_Billy_10 Fort taken 
644585210399,"Уже, друг мой, уже!",,Tex,ModItemBanterDef Ernie_Billy_10 Text section:Banters_Local_Ernie/Ernie_Billy_10 
830926811202,Не вся еще погань из «Адониса» изгнана с острова. <em>Корасон</em> перебралась в старый <em>форт</em> и приказала пригнать туда тяжелую технику.,,GreasyBasil,ModItemBanterDef Ernie_Basil_01_approach Text section:Banters_Local_Ernie/Ernie_Basil_01_approach Fort not taken >> hint to Corazon location 
674616445270,"Тяжелую технику? Ты имеешь на виду грузовики, бульдозеры? Зачем они ей, man?",,Vicki,ModItemBanterDef Ernie_Basil_01_approach Text section:Banters_Local_Ernie/Ernie_Basil_01_approach 
132730944600,К чему нам готовиться?,,Len,ModItemBanterDef Ernie_Basil_01_approach Text section:Banters_Local_Ernie/Ernie_Basil_01_approach 
406545461879,"Что-то мне подсказывает, она не поле для мини-гольфа там устраивает.",,Raven,ModItemBanterDef Ernie_Basil_01_approach Text section:Banters_Local_Ernie/Ernie_Basil_01_approach 
158172305588,"Если я правильно помню, в форте был бункер, но его давно затопило. Судя по насосным станциям на тех грузовиках, она намеревалась откачать оттуда воду.",,GreasyBasil,ModItemBanterDef Ernie_Basil_01_approach Text section:Banters_Local_Ernie/Ernie_Basil_01_approach Fort not taken >> hint to Corazon location 
185741479535,"Покуда эти ненасытные мерзавцы из <em>«Адониса»</em> сидят в <em>форте Ло-Блё</em>, нам не будет покоя. Повторяется история с Легионом: они отбирают у нас всё, что им заблагорассудится.",,GreasyBasil,ModItemBanterDef Ernie_Basil_04 Text section:Banters_Local_Ernie/Ernie_Basil_04 Fort not taken 
148036076357,"Прости, что приложил к этому руку, дядя Базиль. Я не могу изменить прошлого, но одно я тебе обещаю: мы вышвырнем этих псов из «Адониса» с нашего острова и вернем форт его законным хозяевам - жителям Эрни.",,PierreMerc,ModItemBanterDef Ernie_Basil_04 Text section:Banters_Local_Ernie/Ernie_Basil_04 
715491518638,"У меня на форт большие планы. Мы продадим на металлолом всё, что осталось от военных, и оборудуем там порт. Эрни станет центром торговли!",,GreasyBasil,ModItemBanterDef Ernie_Basil_05 Text section:Banters_Local_Ernie/Ernie_Basil_05 Corazon defeated 
415122588518,"Говорят, в форте набирают ополчение. Я, пожалуй, запишусь.",,CivilianMale_1,ModItemBanterDef Shared_Conversation_Civilians_19_Ernie Text section:SharedOverheard_Civilians/Shared_Conversation_Civilians_19_Ernie >> +1 Militia at the Fort 
794229198616,Так я тебе и разрешила! А по дому кто будет помогать? Тебе опять список дел показать?,,CivilianFemale_1,ModItemBanterDef Shared_Conversation_Civilians_19_Ernie Text section:SharedOverheard_Civilians/Shared_Conversation_Civilians_19_Ernie >> +1 Militia at the Fort 
536245616721,"Да, точно. Сходи-ка ты за ним! Я... буду ждать тебя тут.",,CivilianMale_1,ModItemBanterDef Shared_Conversation_Civilians_19_Ernie Text section:SharedOverheard_Civilians/Shared_Conversation_Civilians_19_Ernie >> +1 Militia at the Fort 
726338464551,+1 к ополчению в <em>форте Ло-Блё</em>,,,ModItemBanterDef Shared_Conversation_Civilians_19_Ernie Text
144579990752,Да что Бастьен с парнями так долго? И вообще: там опять стреляли! План-то был прокрасться мимо охраны и похитить сучку.,,LegionBanterActor1,ModItemBanterDef Shared_Conversation_Legion_13_Outlook Text section:SharedOverheard_Custom/Shared_Conversation_Legion_13_Outlook Stealth hint banters 
481606210176,"Да не дрейфь. Спорим, они туда прокрались, а потом решили их всё-таки снять. Или теперь просто добивают. Чтоб наверняка.",,LegionBanterActor2,ModItemBanterDef Shared_Conversation_Legion_13_Outlook Text section:SharedOverheard_Custom/Shared_Conversation_Legion_13_Outlook Stealth hint banters 
611225710790,А если к нам так же кто-нибудь прокрадётся?,,LegionBanterActor1,ModItemBanterDef Shared_Conversation_Legion_13_Outlook Text section:SharedOverheard_Custom/Shared_Conversation_Legion_13_Outlook Stealth hint banters 
107400996028,Хрена с два. Мы для этого слишком хитрые.,,LegionBanterActor2,ModItemBanterDef Shared_Conversation_Legion_13_Outlook Text section:SharedOverheard_Custom/Shared_Conversation_Legion_13_Outlook Stealth hint banters 
890194602558,"Не знаешь, зачем Пьеру вся эта древняя взрывчатка?",,LegionMale_1,ModItemBanterDef Shared_Conversation_Legion_07_Ernie Text section:SharedOverheard_Enemies/Shared_Conversation_Legion_07_Ernie not taken Ernie Fort 
901905131603,Тебе как - сладкую ложь или суровую правду жизни?,,LegionMale_2,ModItemBanterDef Shared_Conversation_Legion_07_Ernie Text section:SharedOverheard_Enemies/Shared_Conversation_Legion_07_Ernie not taken Ernie Fort 
282692747253,Давай сладкую ложь.,,LegionMale_1,ModItemBanterDef Shared_Conversation_Legion_07_Ernie Text section:SharedOverheard_Enemies/Shared_Conversation_Legion_07_Ernie not taken Ernie Fort 
972844343963,"Le Major готовится к масштабной операции в Порт-Какао, для которой ему нужна лодка, набитая динамитом.",,LegionMale_2,ModItemBanterDef Shared_Conversation_Legion_07_Ernie Text section:SharedOverheard_Enemies/Shared_Conversation_Legion_07_Ernie not taken Ernie Fort 
585192376306,"Чего ж тут сладкого-то? Ну, а суровая правда жизни?",,LegionMale_1,ModItemBanterDef Shared_Conversation_Legion_07_Ernie Text section:SharedOverheard_Enemies/Shared_Conversation_Legion_07_Ernie not taken Ernie Fort 
862911189318,"Твоя мамка такой зад себе отрастила, что после нее туалет динамитом приходится прочищать.",,LegionMale_2,ModItemBanterDef Shared_Conversation_Legion_07_Ernie Text section:SharedOverheard_Enemies/Shared_Conversation_Legion_07_Ernie not taken Ernie Fort 
202191780131,"Да пошел ты! Первая же шашка, какую найду, отправится прямиком в ТВОЙ зад!",,LegionMale_1,ModItemBanterDef Shared_Conversation_Legion_07_Ernie Text section:SharedOverheard_Enemies/Shared_Conversation_Legion_07_Ernie not taken Ernie Fort 
405688224355,Здесь их полно... Они застрелили <em>Тинхея</em> и схватили <em>Германа</em>. А я... я решил смыться. Но в деревне их целая куча! Вы сможете <em>подкрасться</em> и перестрелять их?,,CivilianMale_1,ModItemBanterDef StealthTutorialNPC_01 Text section:Banters_Local_Ernie_Triggered/StealthTutorialNPC_01 
723738359527,Вы - коммандос? Как в фильмах? Вы пришли перестрелять этих бандитов из <em>Легиона</em>?,,CivilianMale_1,ModItemBanterDef StealthTutorialNPC_Approach Text section:Banters_Local_Ernie_Triggered/StealthTutorialNPC_Approach Whisper 
897349466377,В секторе <em><SectorName('I6')></em> есть старый бункер с большими <em>запасами оружия</em>,,,ModItemGuardpostObjective Bunker Description
613060088781,Теперь оружие и боеприпасы из бункера не попадут в <em>форт Ло-Блё</em>,,,ModItemGuardpostObjective Bunker DescriptionCompleted
318742554473,<em>Диди</em> из сектора <em><SectorName('M7')></em> снабжает Легион взрывчаткой,,,ModItemGuardpostObjective EmeraldCoast Description
766081933537,Легион больше не получает взрывчатку от <em>Диди</em>,,,ModItemGuardpostObjective EmeraldCoast DescriptionCompleted
469611849036,Разберитесь с <em>Бастьеном</em> и его семьей,,,ModItemGuardpostObjective Bastien Description
412367823038,<em>Бандиты Бастьена</em> больше не будут помогать своим дружкам из Легиона,,,ModItemGuardpostObjective Bastien DescriptionCompleted
890000000000795,"Мы набросали примерный план лагеря в <em>секторе L3</em>. Там есть скрытая позиция, охранение и проход, которым можно воспользоваться ночью.
По остальным стоянкам Легиона данных нет — придётся провести разведку самостоятельно.",,RebelSergeant_Immortal_M1,ModItemConversation Ernie_M1_Rebel_Briefing Text  section:Ernie_M1_Rebel_Briefing
890000000013000,Зачистить бункер,,,ModItemQuestsDef Jazz_Alkatraz DisplayName
890000000013001,Зачистить бункер в <em>подземном секторе L6</em>.,,,ModItemQuestsDef Jazz_Alkatraz Text
890000000013002,Вернуться к сержанту в <em>сектор L1</em> и доложить о зачистке.,,,ModItemQuestsDef Jazz_Alkatraz Text
890000000013003,Бункер снова под контролем повстанцев.,,,ModItemQuestsDef Jazz_Alkatraz Text
890000000013004,<em>Martha</em> is looking for her husband who was kidnapped by the <em>Legion</em> and was last seen on the <em><SectorName('J7')></em>,,,ModItemQuestsDef RescueHerMan Text
890000000013005,"Сержант сказал, это вы доставили винтовки. Хороший знак. В моём деле люди чаще теряют груз, деньги или голову — иногда всё сразу.",,Merc_BarrySeal,ModItemConversation BarrySeal_Recruit Text  section:BarrySeal_Recruit keyword:Greeting
890000000013006,Пойдёшь с нами?,,,ModItemConversation BarrySeal_Recruit KeywordT
890000000013007,"Почему бы и нет? Самолёта у меня больше нет, груз сгорел, а сидеть без дела я не умею. Оставьте место в отряде — маршрут обсудим по дороге.",,Merc_BarrySeal,ModItemConversation BarrySeal_Recruit Text  section:BarrySeal_Recruit keyword:Пойдёшь с нами?
890000000013008,Не сейчас,,,ModItemConversation BarrySeal_Recruit KeywordT
890000000013009,Как скажете. Я пока здесь.,,Merc_BarrySeal,ModItemConversation BarrySeal_Recruit Text  section:BarrySeal_Recruit keyword:Не сейчас
890000000013100,Контратака на виллу,,,ModItemQuestsDef Jazz_VillaCounterAttack DisplayName
890000000013101,"Легион идёт на виллу Коразон. Приготовьтесь к обороне — уйти из сектора нельзя.",,,ModItemQuestsDef Jazz_VillaCounterAttack Text
890000000013102,Контратака на виллу отбита.,,,ModItemQuestsDef Jazz_VillaCounterAttack Text
890000000013103,Guests,,,ModItemConversation FlagHill_Emma_1 KeywordT
890000000013104,Тихо. У нас гости.,,CorazonSantiago,ModItemConversation FlagHill_Emma_1 Text section:FlagHill_Emma_1 keyword:Guests
890000000013105,"Легион снова идёт на виллу — с лагерей и со стороны Эрни. У вас пара часов, чтобы занять позиции. Уйти отсюда сейчас нельзя.",,Emma,ModItemConversation FlagHill_Emma_1 Text section:FlagHill_Emma_1 keyword:Guests
